time (s),I phase a at 632 (A),I phase c at 632 (A)
0.00000,102.23,-387.18
0.00010,88.61,-382.72
0.00020,74.88,-377.73
0.00030,61.08,-372.23
0.00040,47.22,-366.22
0.00050,33.35,-359.73
0.00060,19.46,-352.75
0.00070,5.59,-345.30
0.00080,-8.26,-337.38
0.00090,-22.08,-329.01
0.00100,-35.85,-320.18
0.00110,-49.57,-310.90
0.00120,-63.22,-301.17
0.00130,-76.80,-291.00
0.00140,-90.30,-280.40
0.00150,-103.69,-269.37
0.00160,-116.97,-257.94
0.00170,-130.11,-246.11
0.00180,-143.08,-233.90
0.00190,-155.87,-221.34
0.00200,-168.44,-208.44
0.00210,-180.78,-195.23
0.00220,-192.84,-181.73
0.00230,-204.62,-167.97
0.00240,-216.08,-153.98
0.00250,-227.20,-139.77
0.00260,-237.97,-125.38
0.00270,-248.37,-110.83
0.00280,-258.39,-96.14
0.00290,-268.02,-81.33
0.00300,-277.25,-66.42
0.00310,-286.08,-51.43
0.00320,-294.49,-36.37
0.00330,-302.49,-21.27
0.00340,-310.06,-6.13
0.00350,-317.21,9.02
0.00360,-323.92,24.17
0.00370,-330.18,39.30
0.00380,-335.99,54.39
0.00390,-341.33,69.42
0.00400,-346.20,84.37
0.00410,-350.57,99.23
0.00420,-354.44,113.95
0.00430,-357.81,128.54
0.00440,-360.65,142.94
0.00450,-362.97,157.15
0.00460,-364.76,171.14
0.00470,-366.01,184.88
0.00480,-366.73,198.35
0.00490,-366.91,211.53
0.00500,-366.56,224.40
0.00510,-365.68,236.93
0.00520,-364.28,249.12
0.00530,-362.37,260.93
0.00540,-359.94,272.37
0.00550,-357.00,283.41
0.00560,-353.56,294.05
0.00570,-349.63,304.26
0.00580,-345.20,314.05
0.00590,-340.28,323.40
0.00600,-334.89,332.30
0.00610,-329.01,340.74
0.00620,-322.67,348.72
0.00630,-315.86,356.21
0.00640,-308.60,363.22
0.00650,-300.89,369.72
0.00660,-292.74,375.71
0.00670,-284.17,381.18
0.00680,-275.19,386.12
0.00690,-265.80,390.52
0.00700,-256.04,394.36
0.00710,-245.91,397.64
0.00720,-235.42,400.36
0.00730,-224.60,402.50
0.00740,-213.46,404.06
0.00750,-202.02,405.04
0.00760,-190.29,405.43
0.00770,-178.29,405.25
0.00780,-166.04,404.48
0.00790,-153.54,403.13
0.00800,-140.82,401.20
0.00810,-127.90,398.71
0.00820,-114.79,395.66
0.00830,-101.51,392.04
0.00840,-88.07,387.88
0.00850,-74.50,383.18
0.00860,-60.82,377.94
0.00870,-47.05,372.17
0.00880,-33.21,365.89
0.00890,-19.32,359.10
0.00900,-5.40,351.80
0.00910,8.52,344.02
0.00920,22.43,335.74
0.00930,36.31,327.00
0.00940,50.13,317.78
0.00950,63.88,308.12
0.00960,77.53,298.01
0.00970,91.08,287.47
0.00980,104.50,276.51
0.00990,117.78,265.16
0.01000,130.89,253.42
0.01010,143.83,241.31
0.01020,156.57,228.86
0.01030,169.10,216.09
0.01040,181.40,203.00
0.01050,193.45,189.63
0.01060,205.23,176.00
0.01070,216.73,162.12
0.01080,227.92,148.02
0.01090,238.79,133.73
0.01100,249.32,119.25
0.01110,259.49,104.62
0.01120,269.29,89.84
0.01130,278.70,74.95
0.01140,287.71,59.96
0.01150,296.31,44.89
0.01160,304.49,29.77
0.01170,312.23,14.59
0.01180,319.52,-0.60
0.01190,326.37,-15.79
0.01200,332.75,-30.97
0.01210,338.67,-46.10
0.01220,344.12,-61.18
0.01230,349.08,-76.17
0.01240,353.56,-91.06
0.01250,357.55,-105.83
0.01260,361.03,-120.44
0.01270,364.01,-134.89
0.01280,366.48,-149.14
0.01290,368.43,-163.17
0.01300,369.86,-176.97
0.01310,370.76,-190.51
0.01320,371.13,-203.76
0.01330,370.97,-216.72
0.01340,370.29,-229.37
0.01350,369.07,-241.68
0.01360,367.32,-253.63
0.01370,365.05,-265.23
0.01380,362.26,-276.44
0.01390,358.95,-287.25
0.01400,355.14,-297.66
0.01410,350.83,-307.64
0.01420,346.03,-317.19
0.01430,340.74,-326.29
0.01440,334.98,-334.93
0.01450,328.75,-343.10
0.01460,322.06,-350.78
0.01470,314.92,-357.98
0.01480,307.34,-364.66
0.01490,299.34,-370.83
0.01500,290.90,-376.47
0.01510,282.06,-381.57
0.01520,272.82,-386.13
0.01530,263.19,-390.13
0.01540,253.18,-393.57
0.01550,242.81,-396.45
0.01560,232.09,-398.76
0.01570,221.04,-400.49
0.01580,209.68,-401.65
0.01590,198.01,-402.23
0.01600,186.07,-402.24
0.01610,173.86,-401.67
0.01620,161.40,-400.53
0.01630,148.72,-398.82
0.01640,135.84,-396.54
0.01650,122.76,-393.70
0.01660,109.52,-390.31
0.01670,96.13,-386.36
0.01680,82.60,-381.86
0.01690,68.97,-376.83
0.01700,55.23,-371.26
0.01710,41.43,-365.16
0.01720,27.56,-358.55
0.01730,13.66,-351.42
0.01740,-0.26,-343.79
0.01750,-14.19,-335.67
0.01760,-28.09,-327.07
0.01770,-41.96,-318.00
0.01780,-55.76,-308.47
0.01790,-69.49,-298.50
0.01800,-83.12,-288.09
0.01810,-96.63,-277.27
0.01820,-110.00,-266.05
0.01830,-123.21,-254.45
0.01840,-136.25,-242.49
0.01850,-149.08,-230.17
0.01860,-161.70,-217.53
0.01870,-174.09,-204.58
0.01880,-186.22,-191.33
0.01890,-198.08,-177.82
0.01900,-209.66,-164.05
0.01910,-220.94,-150.05
0.01920,-231.90,-135.84
0.01930,-242.53,-121.44
0.01940,-252.81,-106.87
0.01950,-262.73,-92.14
0.01960,-272.27,-77.29
0.01970,-281.43,-62.32
0.01980,-290.19,-47.26
0.01990,-298.53,-32.13
0.02000,-306.45,-16.96
0.02010,-313.93,-1.75
0.02020,-320.96,13.46
0.02030,-327.53,28.65
0.02040,-333.64,43.81
0.02050,-339.26,58.91
0.02060,-344.41,73.92
0.02070,-349.06,88.84
0.02080,-353.22,103.63
0.02090,-356.87,118.27
0.02100,-360.01,132.74
0.02110,-362.63,147.03
0.02120,-364.74,161.11
0.02130,-366.33,174.95
0.02140,-367.40,188.55
0.02150,-367.95,201.88
0.02160,-367.97,214.92
0.02170,-367.46,227.66
0.02180,-366.43,240.07
0.02190,-364.88,252.14
0.02200,-362.81,263.85
0.02210,-360.23,275.19
0.02220,-357.12,286.15
0.02230,-353.51,296.70
0.02240,-349.40,306.83
0.02250,-344.79,316.53
0.02260,-339.68,325.78
0.02270,-334.09,334.57
0.02280,-328.03,342.90
0.02290,-321.50,350.74
0.02300,-314.51,358.08
0.02310,-307.08,364.92
0.02320,-299.20,371.24
0.02330,-290.90,377.04
0.02340,-282.19,382.30
0.02350,-273.07,387.02
0.02360,-263.57,391.18
0.02370,-253.68,394.80
0.02380,-243.44,397.85
0.02390,-232.84,400.34
0.02400,-221.92,402.25
0.02410,-210.67,403.60
0.02420,-199.13,404.37
0.02430,-187.29,404.57
0.02440,-175.19,404.20
0.02450,-162.84,403.25
0.02460,-150.25,401.74
0.02470,-137.45,399.65
0.02480,-124.45,397.00
0.02490,-111.27,393.79
0.02500,-97.93,390.02
0.02510,-84.45,385.70
0.02520,-70.85,380.83
0.02530,-57.15,375.43
0.02540,-43.37,369.49
0.02550,-29.52,363.03
0.02560,-15.63,356.05
0.02570,-1.71,348.57
0.02580,12.20,340.59
0.02590,26.11,332.13
0.02600,39.98,323.19
0.02610,53.79,313.80
0.02620,67.53,303.96
0.02630,81.18,293.68
0.02640,94.72,282.99
0.02650,108.12,271.90
0.02660,121.37,260.42
0.02670,134.45,248.57
0.02680,147.35,236.37
0.02690,160.03,223.83
0.02700,172.49,210.98
0.02710,184.70,197.83
0.02720,196.65,184.41
0.02730,208.32,170.72
0.02740,219.70,156.79
0.02750,230.76,142.65
0.02760,241.50,128.30
0.02770,251.89,113.77
0.02780,261.92,99.08
0.02790,271.59,84.25
0.02800,280.86,69.31
0.02810,289.75,54.26
0.02820,298.22,39.14
0.02830,306.26,23.96
0.02840,313.88,8.75
0.02850,321.05,-6.47
0.02860,327.77,-21.68
0.02870,334.02,-36.86
0.02880,339.80,-51.99
0.02890,345.10,-67.04
0.02900,349.91,-81.99
0.02910,354.22,-96.83
0.02920,358.03,-111.53
0.02930,361.34,-126.06
0.02940,364.12,-140.42
0.02950,366.40,-154.57
0.02960,368.15,-168.50
0.02970,369.38,-182.18
0.02980,370.09,-195.61
0.02990,370.27,-208.76
0.03000,369.93,-221.61
0.03010,369.06,-234.14
0.03020,367.67,-246.34
0.03030,365.76,-258.18
0.03040,363.34,-269.66
0.03050,360.40,-280.76
0.03060,356.95,-291.46
0.03070,352.99,-301.74
0.03080,348.54,-311.59
0.03090,343.59,-321.00
0.03100,338.16,-329.96
0.03110,332.24,-338.45
0.03120,325.86,-346.45
0.03130,319.02,-353.96
0.03140,311.72,-360.97
0.03150,303.98,-367.47
0.03160,295.82,-373.44
0.03170,287.23,-378.88
0.03180,278.23,-383.78
0.03190,268.84,-388.13
0.03200,259.07,-391.93
0.03210,248.93,-395.17
0.03220,238.44,-397.85
0.03230,227.61,-399.96
0.03240,216.46,-401.51
0.03250,205.00,-402.48
0.03260,193.26,-402.88
0.03270,181.23,-402.71
0.03280,168.96,-401.96
0.03290,156.44,-400.64
0.03300,143.70,-398.76
0.03310,130.76,-396.30
0.03320,117.64,-393.28
0.03330,104.34,-389.71
0.03340,90.90,-385.57
0.03350,77.33,-380.89
0.03360,63.66,-375.67
0.03370,49.89,-369.91
0.03380,36.05,-363.62
0.03390,22.16,-356.82
0.03400,8.24,-349.50
0.03410,-5.69,-341.69
0.03420,-19.61,-333.39
0.03430,-33.50,-324.62
0.03440,-47.35,-315.38
0.03450,-61.13,-305.69
0.03460,-74.82,-295.56
0.03470,-88.40,-285.01
0.03480,-101.85,-274.06
0.03490,-115.16,-262.71
0.03500,-128.31,-250.99
0.03510,-141.27,-238.92
0.03520,-154.02,-226.50
0.03530,-166.56,-213.76
0.03540,-178.86,-200.71
0.03550,-190.90,-187.38
0.03560,-202.68,-173.79
0.03570,-214.16,-159.94
0.03580,-225.33,-145.87
0.03590,-236.19,-131.59
0.03600,-246.70,-117.12
0.03610,-256.87,-102.49
0.03620,-266.67,-87.70
0.03630,-276.08,-72.79
0.03640,-285.11,-57.78
0.03650,-293.72,-42.69
0.03660,-301.92,-27.53
0.03670,-309.69,-12.33
0.03680,-317.02,2.88
0.03690,-323.89,18.09
0.03700,-330.30,33.28
0.03710,-336.25,48.42
0.03720,-341.71,63.49
0.03730,-346.69,78.47
0.03740,-351.17,93.34
0.03750,-355.15,108.08
0.03760,-358.63,122.66
0.03770,-361.60,137.07
0.03780,-364.05,151.29
0.03790,-365.98,165.29
0.03800,-367.39,179.05
0.03810,-368.28,192.56
0.03820,-368.65,205.80
0.03830,-368.49,218.75
0.03840,-367.80,231.38
0.03850,-366.60,243.69
0.03860,-364.87,255.65
0.03870,-362.62,267.26
0.03880,-359.86,278.48
0.03890,-356.58,289.31
0.03900,-352.80,299.73
0.03910,-348.51,309.72
0.03920,-343.74,319.28
0.03930,-338.47,328.38
0.03940,-332.72,337.02
0.03950,-326.50,345.18
0.03960,-319.81,352.85
0.03970,-312.67,360.02
0.03980,-305.08,366.68
0.03990,-297.06,372.82
0.04000,-288.61,378.43
0.04010,-279.76,383.51
0.04020,-270.51,388.04
0.04030,-260.87,392.02
0.04040,-250.85,395.44
0.04050,-240.49,398.31
0.04060,-229.77,400.61
0.04070,-218.74,402.34
0.04080,-207.38,403.50
0.04090,-195.74,404.09
0.04100,-183.81,404.10
0.04110,-171.62,403.54
0.04120,-159.19,402.41
0.04130,-146.53,400.71
0.04140,-133.66,398.44
0.04150,-120.59,395.61
0.04160,-107.36,392.21
0.04170,-93.97,388.26
0.04180,-80.45,383.75
0.04190,-66.81,378.70
0.04200,-53.08,373.12
0.04210,-39.26,367.00
0.04220,-25.39,360.36
0.04230,-11.49,353.21
0.04240,2.44,345.55
0.04250,16.36,337.41
0.04260,30.26,328.79
0.04270,44.12,319.70
0.04280,57.92,310.15
0.04290,71.63,300.17
0.04300,85.25,289.75
0.04310,98.74,278.93
0.04320,112.10,267.71
0.04330,125.29,256.11
0.04340,138.31,244.15
0.04350,151.14,231.84
0.04360,163.75,219.20
0.04370,176.12,206.25
0.04380,188.25,193.01
0.04390,200.11,179.50
0.04400,211.68,165.73
0.04410,222.96,151.72
0.04420,233.92,137.50
0.04430,244.54,123.09
0.04440,254.82,108.50
0.04450,264.74,93.76
0.04460,274.28,78.89
0.04470,283.43,63.90
0.04480,292.18,48.82
0.04490,300.52,33.68
0.04500,308.43,18.49
0.04510,315.90,3.28
0.04520,322.92,-11.94
0.04530,329.48,-27.15
0.04540,335.58,-42.31
0.04550,341.20,-57.41
0.04560,346.33,-72.42
0.04570,350.98,-87.34
0.04580,355.12,-102.12
0.04590,358.76,-116.76
0.04600,361.89,-131.24
0.04610,364.51,-145.52
0.04620,366.61,-159.60
0.04630,368.19,-173.45
0.04640,369.25,-187.05
0.04650,369.79,-200.39
0.04660,369.80,-213.44
0.04670,369.29,-226.19
0.04680,368.25,-238.61
0.04690,366.69,-250.70
0.04700,364.61,-262.43
0.04710,362.02,-273.78
0.04720,358.91,-284.75
0.04730,355.29,-295.31
0.04740,351.17,-305.45
0.04750,346.55,-315.16
0.04760,341.44,-324.42
0.04770,335.84,-333.21
0.04780,329.77,-341.54
0.04790,323.24,-349.37
0.04800,316.24,-356.72
0.04810,308.79,-363.55
0.04820,300.91,-369.87
0.04830,292.60,-375.66
0.04840,283.88,-380.92
0.04850,274.75,-385.64
0.04860,265.23,-389.80
0.04870,255.34,-393.42
0.04880,245.09,-396.47
0.04890,234.48,-398.97
0.04900,223.55,-400.89
0.04910,212.29,-402.25
0.04920,200.74,-403.03
0.04930,188.90,-403.24
0.04940,176.79,-402.88
0.04950,164.44,-401.94
0.04960,151.84,-400.43
0.04970,139.04,-398.35
0.04980,126.03,-395.71
0.04990,112.85,-392.50
0.05000,99.51,-388.74
0.05010,86.02,-384.42
0.05020,72.41,-379.55
0.05030,58.70,-374.15
0.05040,44.91,-368.21
0.05050,31.05,-361.74
0.05060,17.15,-354.77
0.05070,3.23,-347.28
0.05080,-10.70,-339.30
0.05090,-24.62,-330.84
0.05100,-38.49,-321.91
0.05110,-52.32,-312.52
0.05120,-66.07,-302.68
0.05130,-79.72,-292.41
0.05140,-93.26,-281.73
0.05150,-106.67,-270.64
0.05160,-119.92,-259.17
0.05170,-133.01,-247.33
0.05180,-145.90,-235.14
0.05190,-158.59,-222.61
0.05200,-171.05,-209.77
0.05210,-183.26,-196.62
0.05220,-195.22,-183.20
0.05230,-206.89,-169.52
0.05240,-218.28,-155.59
0.05250,-229.35,-141.44
0.05260,-240.09,-127.10
0.05270,-250.49,-112.57
0.05280,-260.53,-97.88
0.05290,-270.21,-83.05
0.05300,-279.49,-68.10
0.05310,-288.38,-53.05
0.05320,-296.86,-37.93
0.05330,-304.92,-22.76
0.05340,-312.54,-7.55
0.05350,-319.71,7.66
0.05360,-326.44,22.87
0.05370,-332.69,38.04
0.05380,-338.48,53.16
0.05390,-343.78,68.21
0.05400,-348.59,83.15
0.05410,-352.90,97.98
0.05420,-356.72,112.67
0.05430,-360.02,127.20
0.05440,-362.82,141.55
0.05450,-365.10,155.70
0.05460,-366.86,169.62
0.05470,-368.09,183.31
0.05480,-368.81,196.73
0.05490,-369.00,209.88
0.05500,-368.66,222.73
0.05510,-367.80,235.26
0.05520,-366.42,247.46
0.05530,-364.52,259.31
0.05540,-362.10,270.78
0.05550,-359.17,281.88
0.05560,-355.72,292.58
0.05570,-351.77,302.86
0.05580,-347.32,312.71
0.05590,-342.38,322.11
0.05600,-336.95,331.07
0.05610,-331.04,339.55
0.05620,-324.66,347.55
0.05630,-317.82,355.05
0.05640,-310.53,362.05
0.05650,-302.79,368.54
0.05660,-294.63,374.51
0.05670,-286.04,379.95
0.05680,-277.05,384.84
0.05690,-267.67,389.19
0.05700,-257.90,392.99
0.05710,-247.77,396.23
0.05720,-237.28,398.91
0.05730,-226.46,401.02
0.05740,-215.32,402.57
0.05750,-203.86,403.54
0.05760,-192.12,403.94
0.05770,-180.10,403.77
0.05780,-167.83,403.02
0.05790,-155.32,401.70
0.05800,-142.58,399.81
0.05810,-129.65,397.35
0.05820,-116.52,394.33
0.05830,-103.23,390.75
0.05840,-89.80,386.61
0.05850,-76.23,381.93
0.05860,-62.56,376.70
0.05870,-48.79,370.93
0.05880,-34.96,364.64
0.05890,-21.07,357.83
0.05900,-7.15,350.52
0.05910,6.77,342.70
0.05920,20.69,334.40
0.05930,34.58,325.62
0.05940,48.42,316.38
0.05950,62.20,306.68
0.05960,75.88,296.56
0.05970,89.46,286.01
0.05980,102.91,275.05
0.05990,116.22,263.71
0.06000,129.36,251.99
0.06010,142.32,239.91
0.06020,155.07,227.49
0.06030,167.61,214.75
0.06040,179.91,201.70
0.06050,191.95,188.36
0.06060,203.72,174.76
0.06070,215.20,160.91
0.06080,226.37,146.83
0.06090,237.22,132.55
0.06100,247.74,118.07
0.06110,257.90,103.43
0.06120,267.70,88.65
0.06130,277.11,73.73
0.06140,286.14,58.72
0.06150,294.75,43.62
0.06160,302.95,28.46
0.06170,310.71,13.25
0.06180,318.04,-1.96
0.06190,324.91,-17.18
0.06200,331.32,-32.37
0.06210,337.26,-47.51
0.06220,342.72,-62.58
0.06230,347.70,-77.57
0.06240,352.18,-92.44
0.06250,356.16,-107.18
0.06260,359.63,-121.77
0.06270,362.60,-136.18
0.06280,365.05,-150.40
0.06290,366.98,-164.41
0.06300,368.39,-178.18
0.06310,369.28,-191.70
0.06320,369.64,-204.94
0.06330,369.48,-217.89
0.06340,368.79,-230.53
0.06350,367.59,-242.85
0.06360,365.86,-254.82
0.06370,363.61,-266.43
0.06380,360.84,-277.65
0.06390,357.56,-288.49
0.06400,353.78,-298.91
0.06410,349.50,-308.91
0.06420,344.71,-318.47
0.06430,339.44,-327.58
0.06440,333.69,-336.22
0.06450,327.47,-344.38
0.06460,320.78,-352.06
0.06470,313.63,-359.23
0.06480,306.04,-365.90
0.06490,298.02,-372.04
0.06500,289.57,-377.66
0.06510,280.71,-382.74
0.06520,271.46,-387.27
0.06530,261.82,-391.26
0.06540,251.80,-394.69
0.06550,241.43,-397.56
0.06560,230.72,-399.86
0.06570,219.68,-401.60
0.06580,208.32,-402.77
0.06590,196.67,-403.36
0.06600,184.75,-403.38
0.06610,172.55,-402.83
0.06620,160.12,-401.70
0.06630,147.45,-400.01
0.06640,134.58,-397.74
0.06650,121.51,-394.91
0.06660,108.28,-391.52
0.06670,94.88,-387.57
0.06680,81.36,-383.07
0.06690,67.71,-378.02
0.06700,53.97,-372.44
0.06710,40.16,-366.32
0.06720,26.29,-359.69
0.06730,12.37,-352.54
0.06740,-1.55,-344.89
0.06750,-15.48,-336.75
0.06760,-29.38,-328.13
0.06770,-43.25,-319.05
0.06780,-57.05,-309.51
0.06790,-70.77,-299.53
0.06800,-84.39,-289.12
0.06810,-97.88,-278.30
0.06820,-111.24,-267.09
0.06830,-124.44,-255.49
0.06840,-137.47,-243.53
0.06850,-150.30,-231.23
0.06860,-162.91,-218.59
0.06870,-175.29,-205.65
0.06880,-187.42,-192.41
0.06890,-199.29,-178.89
0.06900,-210.87,-165.13
0.06910,-222.15,-151.13
0.06920,-233.11,-136.91
0.06930,-243.74,-122.50
0.06940,-254.03,-107.91
0.06950,-263.95,-93.17
0.06960,-273.50,-78.30
0.06970,-282.66,-63.32
0.06980,-291.41,-48.24
0.06990,-299.75,-33.10
0.07000,-307.67,-17.92
0.07010,-315.14,-2.70
0.07020,-322.17,12.51
0.07030,-328.74,27.71
0.07040,-334.84,42.87
0.07050,-340.47,57.97
0.07060,-345.61,72.99
0.07070,-350.26,87.90
0.07080,-354.41,102.68
0.07090,-358.05,117.32
0.07100,-361.19,131.80
0.07110,-363.82,146.08
0.07120,-365.93,160.16
0.07130,-367.51,174.01
0.07140,-368.58,187.61
0.07150,-369.12,200.95
0.07160,-369.14,214.00
0.07170,-368.63,226.75
0.07180,-367.60,239.17
0.07190,-366.05,251.26
0.07200,-363.97,262.99
0.07210,-361.38,274.34
0.07220,-358.28,285.31
0.07230,-354.67,295.87
0.07240,-350.55,306.01
0.07250,-345.94,315.72
0.07260,-340.83,324.98
0.07270,-335.25,333.78
0.07280,-329.18,342.10
0.07290,-322.65,349.94
0.07300,-315.66,357.28
0.07310,-308.22,364.12
0.07320,-300.34,370.44
0.07330,-292.04,376.23
0.07340,-283.32,381.49
0.07350,-274.19,386.21
0.07360,-264.68,390.38
0.07370,-254.79,394.00
0.07380,-244.54,397.06
0.07390,-233.94,399.55
0.07400,-223.01,401.48
0.07410,-211.76,402.83
0.07420,-200.21,403.62
0.07430,-188.38,403.83
0.07440,-176.28,403.47
0.07450,-163.92,402.53
0.07460,-151.33,401.03
0.07470,-138.53,398.95
0.07480,-125.53,396.31
0.07490,-112.35,393.10
0.07500,-99.01,389.34
0.07510,-85.52,385.02
0.07520,-71.92,380.16
0.07530,-58.21,374.75
0.07540,-44.42,368.82
0.07550,-30.57,362.35
0.07560,-16.67,355.38
0.07570,-2.74,347.89
0.07580,11.19,339.92
0.07590,25.10,331.46
0.07600,38.98,322.52
0.07610,52.80,313.13
0.07620,66.55,303.30
0.07630,80.20,293.03
0.07640,93.74,282.35
0.07650,107.15,271.26
0.07660,120.40,259.79
0.07670,133.49,247.95
0.07680,146.38,235.76
0.07690,159.07,223.23
0.07700,171.53,210.39
0.07710,183.74,197.25
0.07720,195.70,183.82
0.07730,207.38,170.14
0.07740,218.76,156.21
0.07750,229.83,142.06
0.07760,240.58,127.71
0.07770,250.98,113.18
0.07780,261.02,98.49
0.07790,270.70,83.66
0.07800,279.99,68.71
0.07810,288.88,53.66
0.07820,297.36,38.54
0.07830,305.42,23.37
0.07840,313.04,8.16
0.07850,320.22,-7.06
0.07860,326.94,-22.27
0.07870,333.20,-37.45
0.07880,338.99,-52.57
0.07890,344.29,-67.62
0.07900,349.10,-82.57
0.07910,353.42,-97.40
0.07920,357.24,-112.09
0.07930,360.55,-126.62
0.07940,363.34,-140.98
0.07950,365.63,-155.13
0.07960,367.39,-169.06
0.07970,368.63,-182.75
0.07980,369.35,-196.18
0.07990,369.54,-209.33
0.08000,369.21,-222.18
0.08010,368.35,-234.72
0.08020,366.97,-246.92
0.08030,365.07,-258.77
0.08040,362.66,-270.26
0.08050,359.72,-281.36
0.08060,356.28,-292.06
0.08070,352.33,-302.34
0.08080,347.89,-312.20
0.08090,342.94,-321.61
0.08100,337.52,-330.57
0.08110,331.61,-339.06
0.08120,325.23,-347.06
0.08130,318.39,-354.57
0.08140,311.10,-361.58
0.08150,303.37,-368.08
0.08160,295.21,-374.05
0.08170,286.62,-379.49
0.08180,277.64,-384.40
0.08190,268.25,-388.75
0.08200,258.49,-392.56
0.08210,248.36,-395.80
0.08220,237.87,-398.49
0.08230,227.05,-400.61
0.08240,215.91,-402.16
0.08250,204.45,-403.14
0.08260,192.71,-403.54
0.08270,180.70,-403.38
0.08280,168.42,-402.64
0.08290,155.91,-401.32
0.08300,143.18,-399.44
0.08310,130.24,-396.99
0.08320,117.11,-393.97
0.08330,103.82,-390.40
0.08340,90.38,-386.27
0.08350,76.82,-381.59
0.08360,63.14,-376.36
0.08370,49.37,-370.60
0.08380,35.54,-364.32
0.08390,21.65,-357.51
0.08400,7.73,-350.20
0.08410,-6.20,-342.39
0.08420,-20.12,-334.09
0.08430,-34.01,-325.32
0.08440,-47.86,-316.08
0.08450,-61.63,-306.40
0.08460,-75.32,-296.28
0.08470,-88.90,-285.73
0.08480,-102.36,-274.78
0.08490,-115.67,-263.44
0.08500,-128.81,-251.72
0.08510,-141.78,-239.65
0.08520,-154.54,-227.23
0.08530,-167.08,-214.49
0.08540,-179.38,-201.45
0.08550,-191.43,-188.12
0.08560,-203.20,-174.52
0.08570,-214.68,-160.67
0.08580,-225.86,-146.60
0.08590,-236.72,-132.32
0.08600,-247.24,-117.84
0.08610,-257.41,-103.20
0.08620,-267.21,-88.42
0.08630,-276.63,-73.51
0.08640,-285.66,-58.49
0.08650,-294.28,-43.40
0.08660,-302.49,-28.24
0.08670,-310.26,-13.04
0.08680,-317.59,2.18
0.08690,-324.47,17.39
0.08700,-330.89,32.58
0.08710,-336.83,47.72
0.08720,-342.30,62.80
0.08730,-347.28,77.78
0.08740,-351.77,92.66
0.08750,-355.76,107.40
0.08760,-359.24,121.99
0.08770,-362.21,136.40
0.08780,-364.67,150.62
0.08790,-366.61,164.63
0.08800,-368.03,178.40
0.08810,-368.92,191.92
0.08820,-369.29,205.16
0.08830,-369.14,218.12
0.08840,-368.46,230.76
0.08850,-367.26,243.08
0.08860,-365.54,255.05
0.08870,-363.29,266.66
0.08880,-360.54,277.89
0.08890,-357.27,288.73
0.08900,-353.49,299.16
0.08910,-349.21,309.16
0.08920,-344.44,318.72
0.08930,-339.17,327.83
0.08940,-333.43,336.48
0.08950,-327.21,344.64
0.08960,-320.53,352.32
0.08970,-313.39,359.50
0.08980,-305.80,366.17
0.08990,-297.79,372.32
0.09000,-289.34,377.94
0.09010,-280.49,383.03
0.09020,-271.24,387.57
0.09030,-261.60,391.56
0.09040,-251.60,394.99
0.09050,-241.23,397.87
0.09060,-230.52,400.18
0.09070,-219.48,401.92
0.09080,-208.14,403.09
0.09090,-196.49,403.69
0.09100,-184.57,403.71
0.09110,-172.38,403.17
0.09120,-159.95,402.05
0.09130,-147.28,400.35
0.09140,-134.41,398.09
0.09150,-121.35,395.27
0.09160,-108.12,391.88
0.09170,-94.73,387.93
0.09180,-81.20,383.44
0.09190,-67.56,378.40
0.09200,-53.82,372.82
0.09210,-40.01,366.71
0.09220,-26.14,360.08
0.09230,-12.23,352.93
0.09240,1.70,345.29
0.09250,15.63,337.15
0.09260,29.53,328.54
0.09270,43.39,319.46
0.09280,57.20,309.92
0.09290,70.92,299.94
0.09300,84.54,289.54
0.09310,98.04,278.72
0.09320,111.40,267.51
0.09330,124.60,255.92
0.09340,137.62,243.96
0.09350,150.45,231.66
0.09360,163.07,219.02
0.09370,175.45,206.08
0.09380,187.59,192.84
0.09390,199.45,179.33
0.09400,211.04,165.56
0.09410,222.32,151.56
0.09420,233.29,137.35
0.09430,243.93,122.94
0.09440,254.21,108.35
0.09450,264.14,93.61
0.09460,273.69,78.74
0.09470,282.85,63.76
0.09480,291.61,48.68
0.09490,299.96,33.54
0.09500,307.88,18.35
0.09510,315.36,3.14
0.09520,322.39,-12.08
0.09530,328.97,-27.28
0.09540,335.07,-42.44
0.09550,340.70,-57.54
0.09560,345.85,-72.56
0.09570,350.50,-87.47
0.09580,354.66,-102.26
0.09590,358.31,-116.90
0.09600,361.46,-131.38
0.09610,364.09,-145.67
0.09620,366.20,-159.75
0.09630,367.79,-173.61
0.09640,368.86,-187.21
0.09650,369.41,-200.55
0.09660,369.43,-213.61
0.09670,368.93,-226.36
0.09680,367.91,-238.79
0.09690,366.36,-250.88
0.09700,364.29,-262.62
0.09710,361.71,-273.98
0.09720,358.61,-284.95
0.09730,355.00,-295.52
0.09740,350.89,-305.66
0.09750,346.29,-315.38
0.09760,341.19,-324.64
0.09770,335.60,-333.45
0.09780,329.54,-341.78
0.09790,323.01,-349.63
0.09800,316.03,-356.97
0.09810,308.59,-363.82
0.09820,300.72,-370.14
0.09830,292.42,-375.94
0.09840,283.70,-381.21
0.09850,274.58,-385.94
0.09860,265.08,-390.12
0.09870,255.19,-393.74
0.09880,244.94,-396.80
0.09890,234.35,-399.31
0.09900,223.42,-401.24
0.09910,212.17,-402.60
0.09920,200.63,-403.40
0.09930,188.79,-403.62
0.09940,176.69,-403.26
0.09950,164.34,-402.33
0.09960,151.75,-400.83
0.09970,138.95,-398.77
0.09980,125.95,-396.13
0.09990,112.77,-392.93
0.10000,99.43,-389.18
0.10010,85.95,-384.86
0.10020,72.34,-380.01
0.10030,58.63,-374.61
0.10040,44.84,-368.68
0.10050,30.99,-362.22
0.10060,17.09,-355.25
0.10070,3.16,-347.78
0.10080,-10.77,-339.81
0.10090,-24.68,-331.35
0.10100,-38.56,-322.43
0.10110,-52.39,-313.04
0.10120,-66.14,-303.21
0.10130,-79.79,-292.95
0.10140,-93.34,-282.27
0.10150,-106.75,-271.19
0.10160,-120.00,-259.73
0.10170,-133.09,-247.89
0.10180,-145.99,-235.70
0.10190,-158.68,-223.18
0.10200,-171.15,-210.34
0.10210,-183.37,-197.20
0.10220,-195.33,-183.78
0.10230,-207.01,-170.10
0.10240,-218.40,-156.17
0.10250,-229.48,-142.03
0.10260,-240.23,-127.68
0.10270,-250.63,-113.15
0.10280,-260.69,-98.46
0.10290,-270.37,-83.64
0.10300,-279.66,-68.69
0.10310,-288.56,-53.64
0.10320,-297.05,-38.52
0.10330,-305.11,-23.35
0.10340,-312.74,-8.14
0.10350,-319.93,7.08
0.10360,-326.66,22.29
0.10370,-332.93,37.46
0.10380,-338.72,52.59
0.10390,-344.03,67.63
0.10400,-348.85,82.58
0.10410,-353.18,97.42
0.10420,-357.00,112.11
0.10430,-360.32,126.65
0.10440,-363.13,141.00
0.10450,-365.41,155.15
0.10460,-367.18,169.09
0.10470,-368.43,182.78
0.10480,-369.16,196.21
0.10490,-369.36,209.37
0.10500,-369.04,222.22
0.10510,-368.19,234.76
0.10520,-366.82,246.97
0.10530,-364.93,258.83
0.10540,-362.52,270.31
0.10550,-359.59,281.42
0.10560,-356.16,292.12
0.10570,-352.22,302.41
0.10580,-347.78,312.28
0.10590,-342.84,321.69
0.10600,-337.42,330.65
0.10610,-331.52,339.15
0.10620,-325.15,347.16
0.10630,-318.32,354.68
0.10640,-311.04,361.69
0.10650,-303.31,368.19
0.10660,-295.15,374.17
0.10670,-286.58,379.62
0.10680,-277.59,384.53
0.10690,-268.22,388.89
0.10700,-258.46,392.70
0.10710,-248.33,395.95
0.10720,-237.85,398.65
0.10730,-227.04,400.77
0.10740,-215.90,402.33
0.10750,-204.45,403.31
0.10760,-192.71,403.73
0.10770,-180.70,403.57
0.10780,-168.43,402.83
0.10790,-155.92,401.52
0.10800,-143.19,399.65
0.10810,-130.25,397.20
0.10820,-117.13,394.19
0.10830,-103.85,390.62
0.10840,-90.41,386.50
0.10850,-76.84,381.83
0.10860,-63.17,376.61
0.10870,-49.40,370.86
0.10880,-35.57,364.58
0.10890,-21.68,357.78
0.10900,-7.76,350.47
0.10910,6.17,342.67
0.10920,20.09,334.37
0.10930,33.98,325.60
0.10940,47.83,316.37
0.10950,61.61,306.69
0.10960,75.30,296.57
0.10970,88.88,286.03
0.10980,102.34,275.09
0.10990,115.65,263.75
0.11000,128.80,252.04
0.11010,141.76,239.97
0.11020,154.52,227.55
0.11030,167.07,214.82
0.11040,179.37,201.78
0.11050,191.42,188.45
0.11060,203.20,174.85
0.11070,214.69,161.01
0.11080,225.87,146.94
0.11090,236.74,132.65
0.11100,247.26,118.18
0.11110,257.43,103.55
0.11120,267.24,88.76
0.11130,276.67,73.85
0.11140,285.70,58.84
0.11150,294.33,43.74
0.11160,302.54,28.58
0.11170,310.32,13.38
0.11180,317.65,-1.84
0.11190,324.54,-17.05
0.11200,330.96,-32.24
0.11210,336.92,-47.39
0.11220,342.39,-62.46
0.11230,347.38,-77.45
0.11240,351.88,-92.33
0.11250,355.87,-107.07
0.11260,359.36,-121.66
0.11270,362.34,-136.08
0.11280,364.80,-150.30
0.11290,366.75,-164.31
0.11300,368.17,-178.09
0.11310,369.07,-191.61
0.11320,369.45,-204.86
0.11330,369.30,-217.82
0.11340,368.63,-230.47
0.11350,367.44,-242.79
0.11360,365.72,-254.77
0.11370,363.49,-266.38
0.11380,360.74,-277.62
0.11390,357.47,-288.46
0.11400,353.70,-298.90
0.11410,349.43,-308.90
0.11420,344.66,-318.47
0.11430,339.41,-327.59
0.11440,333.67,-336.24
0.11450,327.46,-344.42
0.11460,320.78,-352.10
0.11470,313.65,-359.29
0.11480,306.07,-365.97
0.11490,298.05,-372.12
0.11500,289.62,-377.75
0.11510,280.77,-382.84
0.11520,271.53,-387.39
0.11530,261.89,-391.39
0.11540,251.89,-394.83
0.11550,241.53,-397.71
0.11560,230.82,-400.03
0.11570,219.79,-401.78
0.11580,208.44,-402.96
0.11590,196.80,-403.56
0.11600,184.88,-403.60
0.11610,172.70,-403.06
0.11620,160.27,-401.94
0.11630,147.61,-400.26
0.11640,134.74,-398.01
0.11650,121.68,-395.19
0.11660,108.44,-391.81
0.11670,95.05,-387.87
0.11680,81.53,-383.38
0.11690,67.89,-378.35
0.11700,54.15,-372.77
0.11710,40.34,-366.67
0.11720,26.46,-360.05
0.11730,12.55,-352.91
0.11740,-1.37,-345.27
0.11750,-15.30,-337.14
0.11760,-29.21,-328.54
0.11770,-43.07,-319.46
0.11780,-56.87,-309.93
0.11790,-70.60,-299.96
0.11800,-84.22,-289.56
0.11810,-97.72,-278.75
0.11820,-111.09,-267.54
0.11830,-124.29,-255.95
0.11840,-137.32,-244.00
0.11850,-150.15,-231.70
0.11860,-162.77,-219.07
0.11870,-175.16,-206.13
0.11880,-187.30,-192.90
0.11890,-199.17,-179.39
0.11900,-210.76,-165.63
0.11910,-222.05,-151.63
0.11920,-233.02,-137.42
0.11930,-243.67,-123.01
0.11940,-253.96,-108.43
0.11950,-263.89,-93.69
0.11960,-273.45,-78.82
0.11970,-282.62,-63.84
0.11980,-291.39,-48.77
0.11990,-299.74,-33.62
0.12000,-307.66,-18.44
0.12010,-315.15,-3.22
0.12020,-322.19,12.00
0.12030,-328.77,27.20
0.12040,-334.89,42.36
0.12050,-340.53,57.46
0.12060,-345.68,72.48
0.12070,-350.34,87.39
0.12080,-354.51,102.18
0.12090,-358.17,116.83
0.12100,-361.32,131.31
0.12110,-363.96,145.60
0.12120,-366.08,159.68
0.12130,-367.68,173.54
0.12140,-368.76,187.15
0.12150,-369.31,200.49
0.12160,-369.35,213.55
0.12170,-368.85,226.31
0.12180,-367.83,238.74
0.12190,-366.30,250.84
0.12200,-364.24,262.58
0.12210,-361.66,273.94
0.12220,-358.57,284.92
0.12230,-354.97,295.49
0.12240,-350.87,305.65
0.12250,-346.27,315.36
0.12260,-341.17,324.63
0.12270,-335.60,333.45
0.12280,-329.54,341.78
0.12290,-323.02,349.63
0.12300,-316.04,356.99
0.12310,-308.61,363.84
0.12320,-300.75,370.17
0.12330,-292.45,375.98
0.12340,-283.74,381.25
0.12350,-274.63,385.98
0.12360,-265.13,390.17
0.12370,-255.25,393.80
0.12380,-245.01,396.87
0.12390,-234.42,399.38
0.12400,-223.49,401.32
0.12410,-212.25,402.69
0.12420,-200.71,403.49
0.12430,-188.88,403.72
0.12440,-176.78,403.37
0.12450,-164.43,402.45
0.12460,-151.85,400.96
0.12470,-139.05,398.90
0.12480,-126.05,396.27
0.12490,-112.87,393.08
0.12500,-99.53,389.32
0.12510,-86.05,385.02
0.12520,-72.45,380.17
0.12530,-58.74,374.78
0.12540,-44.95,368.85
0.12550,-31.10,362.40
0.12560,-17.20,355.44
0.12570,-3.27,347.97
0.12580,10.66,340.00
0.12590,24.57,331.56
0.12600,38.45,322.63
0.12610,52.28,313.26
0.12620,66.03,303.43
0.12630,79.69,293.17
0.12640,93.23,282.50
0.12650,106.65,271.43
0.12660,119.91,259.96
0.12670,133.00,248.13
0.12680,145.90,235.95
0.12690,158.59,223.43
0.12700,171.06,210.59
0.12710,183.29,197.45
0.12720,195.25,184.04
0.12730,206.94,170.36
0.12740,218.33,156.44
0.12750,229.41,142.29
0.12760,240.17,127.95
0.12770,250.58,113.42
0.12780,260.64,98.73
0.12790,270.32,83.91
0.12800,279.62,68.96
0.12810,288.53,53.91
0.12820,297.02,38.79
0.12830,305.09,23.62
0.12840,312.73,8.41
0.12850,319.92,-6.81
0.12860,326.66,-22.02
0.12870,332.93,-37.19
0.12880,338.73,-52.32
0.12890,344.05,-67.37
0.12900,348.88,-82.32
0.12910,353.21,-97.16
0.12920,357.04,-111.85
0.12930,360.37,-126.39
0.12940,363.18,-140.75
0.12950,365.47,-154.90
0.12960,367.25,-168.84
0.12970,368.51,-182.54
0.12980,369.24,-195.97
0.12990,369.45,-209.13
0.13000,369.13,-221.99
0.13010,368.29,-234.54
0.13020,366.93,-246.75
0.13030,365.04,-258.61
0.13040,362.64,-270.10
0.13050,359.72,-281.21
0.13060,356.30,-291.92
0.13070,352.36,-302.22
0.13080,347.93,-312.09
0.13090,343.00,-321.51
0.13100,337.59,-330.48
0.13110,331.69,-338.97
0.13120,325.33,-346.99
0.13130,318.50,-354.52
0.13140,311.22,-361.54
0.13150,303.50,-368.04
0.13160,295.35,-374.03
0.13170,286.78,-379.49
0.13180,277.80,-384.40
0.13190,268.43,-388.77
0.13200,258.68,-392.59
0.13210,248.55,-395.85
0.13220,238.08,-398.55
0.13230,227.27,-400.68
0.13240,216.13,-402.24
0.13250,204.69,-403.24
0.13260,192.95,-403.66
0.13270,180.94,-403.50
0.13280,168.68,-402.78
0.13290,156.17,-401.48
0.13300,143.44,-399.61
0.13310,130.51,-397.17
0.13320,117.39,-394.17
0.13330,104.10,-390.60
0.13340,90.67,-386.49
0.13350,77.10,-381.82
0.13360,63.43,-376.61
0.13370,49.66,-370.86
0.13380,35.83,-364.59
0.13390,21.94,-357.80
0.13400,8.02,-350.50
0.13410,-5.91,-342.70
0.13420,-19.83,-334.41
0.13430,-33.73,-325.65
0.13440,-47.57,-316.42
0.13450,-61.35,-306.74
0.13460,-75.05,-296.63
0.13470,-88.63,-286.10
0.13480,-102.09,-275.16
0.13490,-115.41,-263.82
0.13500,-128.56,-252.11
0.13510,-141.53,-240.05
0.13520,-154.29,-227.64
0.13530,-166.84,-214.91
0.13540,-179.15,-201.87
0.13550,-191.20,-188.54
0.13560,-202.99,-174.95
0.13570,-214.48,-161.11
0.13580,-225.67,-147.04
0.13590,-236.53,-132.76
0.13600,-247.07,-118.29
0.13610,-257.24,-103.66
0.13620,-267.06,-88.87
0.13630,-276.49,-73.96
0.13640,-285.53,-58.95
0.13650,-294.16,-43.85
0.13660,-302.38,-28.69
0.13670,-310.16,-13.49
0.13680,-317.51,1.72
0.13690,-324.40,16.94
0.13700,-330.83,32.13
0.13710,-336.79,47.27
0.13720,-342.27,62.35
0.13730,-347.27,77.34
0.13740,-351.77,92.21
0.13750,-355.77,106.96
0.13760,-359.26,121.55
0.13770,-362.25,135.97
0.13780,-364.72,150.20
0.13790,-366.67,164.21
0.13800,-368.11,177.99
0.13810,-369.01,191.52
0.13820,-369.40,204.77
0.13830,-369.26,217.73
0.13840,-368.60,230.39
0.13850,-367.41,242.71
0.13860,-365.70,254.69
0.13870,-363.47,266.31
0.13880,-360.73,277.55
0.13890,-357.47,288.40
0.13900,-353.71,298.84
0.13910,-349.44,308.85
0.13920,-344.68,318.42
0.13930,-339.43,327.55
0.13940,-333.70,336.20
0.13950,-327.49,344.38
0.13960,-320.82,352.08
0.13970,-313.69,359.27
0.13980,-306.12,365.95
0.13990,-298.11,372.11
0.14000,-289.68,377.75
0.14010,-280.84,382.84
0.14020,-271.60,387.40
0.14030,-261.97,391.40
0.14040,-251.97,394.85
0.14050,-241.62,397.74
0.14060,-230.92,400.06
0.14070,-219.89,401.82
0.14080,-208.54,403.00
0.14090,-196.91,403.62
0.14100,-184.99,403.66
0.14110,-172.81,403.12
0.14120,-160.38,402.01
0.14130,-147.72,400.34
0.14140,-134.85,398.09
0.14150,-121.80,395.28
0.14160,-108.56,391.90
0.14170,-95.18,387.97
0.14180,-81.65,383.49
0.14190,-68.01,378.46
0.14200,-54.28,372.89
0.14210,-40.46,366.79
0.14220,-26.59,360.17
0.14230,-12.68,353.04
0.14240,1.25,345.41
0.14250,15.18,337.29
0.14260,29.08,328.68
0.14270,42.95,319.61
0.14280,56.75,310.08
0.14290,70.47,300.12
0.14300,84.10,289.72
0.14310,97.60,278.92
0.14320,110.97,267.71
0.14330,124.18,256.13
0.14340,137.21,244.18
0.14350,150.05,231.88
0.14360,162.67,219.26
0.14370,175.06,206.32
0.14380,187.20,193.09
0.14390,199.08,179.59
0.14400,210.67,165.83
0.14410,221.96,151.83
0.14420,232.94,137.62
0.14430,243.59,123.21
0.14440,253.89,108.63
0.14450,263.82,93.89
0.14460,273.39,79.02
0.14470,282.56,64.04
0.14480,291.33,48.97
0.14490,299.69,33.83
0.14500,307.62,18.64
0.14510,315.11,3.43
0.14520,322.16,-11.79
0.14530,328.75,-26.99
0.14540,334.86,-42.15
0.14550,340.51,-57.26
0.14560,345.67,-72.28
0.14570,350.34,-87.19
0.14580,354.51,-101.99
0.14590,358.17,-116.63
0.14600,361.33,-131.11
0.14610,363.98,-145.41
0.14620,366.10,-159.49
0.14630,367.71,-173.35
0.14640,368.80,-186.97
0.14650,369.36,-200.32
0.14660,369.39,-213.38
0.14670,368.91,-226.14
0.14680,367.90,-238.58
0.14690,366.36,-250.67
0.14700,364.31,-262.42
0.14710,361.74,-273.79
0.14720,358.65,-284.77
0.14730,355.06,-295.35
0.14740,350.96,-305.50
0.14750,346.37,-315.23
0.14760,341.28,-324.50
0.14770,335.71,-333.32
0.14780,329.66,-341.66
0.14790,323.14,-349.52
0.14800,316.17,-356.88
0.14810,308.75,-363.73
0.14820,300.88,-370.07
0.14830,292.59,-375.88
0.14840,283.89,-381.16
0.14850,274.78,-385.90
0.14860,265.28,-390.09
0.14870,255.41,-393.73
0.14880,245.17,-396.80
0.14890,234.58,-399.32
0.14900,223.66,-401.26
0.14910,212.42,-402.64
0.14920,200.88,-403.45
0.14930,189.05,-403.68
0.14940,176.96,-403.34
0.14950,164.61,-402.42
0.14960,152.03,-400.94
0.14970,139.23,-398.88
0.14980,126.23,-396.26
0.14990,113.06,-393.07
0.15000,99.72,-389.32
0.15010,86.24,-385.03
0.15020,72.64,-380.18
0.15030,58.93,-374.79
0.15040,45.14,-368.87
0.15050,31.29,-362.43
0.15060,17.39,-355.47
0.15070,3.46,-348.00
0.15080,-10.47,-340.04
0.15090,-24.38,-331.60
0.15100,-38.27,-322.68
0.15110,-52.09,-313.31
0.15120,-65.85,-303.49
0.15130,-79.51,-293.24
0.15140,-93.05,-282.57
0.15150,-106.47,-271.49
0.15160,-119.73,-260.04
0.15170,-132.82,-248.21
0.15180,-145.73,-236.03
0.15190,-158.43,-223.51
0.15200,-170.90,-210.68
0.15210,-183.13,-197.54
0.15220,-195.09,-184.13
0.15230,-206.78,-170.45
0.15240,-218.18,-156.53
0.15250,-229.26,-142.39
0.15260,-240.02,-128.05
0.15270,-250.44,-113.52
0.15280,-260.50,-98.83
0.15290,-270.19,-84.01
0.15300,-279.50,-69.06
0.15310,-288.41,-54.02
0.15320,-296.90,-38.90
0.15330,-304.98,-23.72
0.15340,-312.62,-8.51
0.15350,-319.82,6.71
0.15360,-326.56,21.91
0.15370,-332.84,37.09
0.15380,-338.64,52.22
0.15390,-343.97,67.27
0.15400,-348.80,82.22
0.15410,-353.14,97.06
0.15420,-356.98,111.76
0.15430,-360.31,126.29
0.15440,-363.12,140.65
0.15450,-365.43,154.81
0.15460,-367.21,168.75
0.15470,-368.47,182.45
0.15480,-369.21,195.89
0.15490,-369.42,209.05
0.15500,-369.11,221.91
0.15510,-368.27,234.46
0.15520,-366.92,246.67
0.15530,-365.04,258.54
0.15540,-362.64,270.04
0.15550,-359.73,281.15
0.15560,-356.30,291.86
0.15570,-352.38,302.16
0.15580,-347.95,312.03
0.15590,-343.02,321.46
0.15600,-337.61,330.43
0.15610,-331.73,338.93
0.15620,-325.37,346.96
0.15630,-318.54,354.48
0.15640,-311.27,361.51
0.15650,-303.55,368.02
0.15660,-295.41,374.01
0.15670,-286.84,379.47
0.15680,-277.86,384.39
0.15690,-268.50,388.77
0.15700,-258.74,392.59
0.15710,-248.63,395.85
0.15720,-238.15,398.56
0.15730,-227.34,400.69
0.15740,-216.21,402.26
0.15750,-204.77,403.26
0.15760,-193.04,403.68
0.15770,-181.03,403.53
0.15780,-168.77,402.81
0.15790,-156.26,401.52
0.15800,-143.53,399.65
0.15810,-130.60,397.22
0.15820,-117.48,394.22
0.15830,-104.20,390.66
0.15840,-90.76,386.55
0.15850,-77.20,381.89
0.15860,-63.53,376.68
0.15870,-49.76,370.94
0.15880,-35.93,364.67
0.15890,-22.04,357.88
0.15900,-8.12,350.58
0.15910,5.81,342.79
0.15920,19.73,334.50
0.15930,33.63,325.74
0.15940,47.48,316.52
0.15950,61.26,306.85
0.15960,74.95,296.74
0.15970,88.54,286.21
0.15980,102.00,275.27
0.15990,115.32,263.94
0.16000,128.47,252.23
0.16010,141.44,240.17
0.16020,154.21,227.76
0.16030,166.76,215.03
0.16040,179.07,201.99
0.16050,191.12,188.67
0.16060,202.91,175.08
0.16070,214.41,161.24
0.16080,225.60,147.17
0.16090,236.47,132.89
0.16100,247.00,118.43
0.16110,257.18,103.79
0.16120,267.00,89.01
0.16130,276.44,74.10
0.16140,285.48,59.09
0.16150,294.12,43.99
0.16160,302.34,28.83
0.16170,310.12,13.63
0.16180,317.47,-1.59
0.16190,324.37,-16.80
0.16200,330.80,-31.99
0.16210,336.77,-47.14
0.16220,342.25,-62.22
0.16230,347.25,-77.20
0.16240,351.76,-92.08
0.16250,355.76,-106.83
0.16260,359.26,-121.42
0.16270,362.25,-135.85
0.16280,364.73,-150.07
0.16290,366.68,-164.09
0.16300,368.12,-177.87
0.16310,369.03,-191.40
0.16320,369.42,-204.65
0.16330,369.29,-217.62
0.16340,368.63,-230.27
0.16350,367.44,-242.60
0.16360,365.74,-254.59
0.16370,363.52,-266.21
0.16380,360.78,-277.45
0.16390,357.52,-288.30
0.16400,353.76,-298.74
0.16410,349.50,-308.76
0.16420,344.74,-318.34
0.16430,339.50,-327.46
0.16440,333.77,-336.12
0.16450,327.56,-344.31
0.16460,320.90,-352.00
0.16470,313.77,-359.20
0.16480,306.20,-365.88
0.16490,298.20,-372.05
0.16500,289.77,-377.69
0.16510,280.93,-382.79
0.16520,271.69,-387.35
0.16530,262.07,-391.35
0.16540,252.07,-394.81
0.16550,241.72,-397.70
0.16560,231.02,-400.03
0.16570,219.99,-401.79
0.16580,208.65,-402.97
0.16590,197.01,-403.59
0.16600,185.10,-403.63
0.16610,172.92,-403.10
0.16620,160.49,-402.00
0.16630,147.83,-400.32
0.16640,134.97,-398.08
0.16650,121.91,-395.27
0.16660,108.68,-391.90
0.16670,95.29,-387.97
0.16680,81.77,-383.49
0.16690,68.13,-378.47
0.16700,54.39,-372.90
0.16710,40.58,-366.81
0.16720,26.71,-360.19
0.16730,12.80,-353.07
0.16740,-1.13,-345.44
0.16750,-15.06,-337.31
0.16760,-28.97,-328.71
0.16770,-42.83,-319.64
0.16780,-56.64,-310.12
0.16790,-70.36,-300.15
0.16800,-83.99,-289.76
0.16810,-97.49,-278.96
0.16820,-110.86,-267.76
0.16830,-124.07,-256.17
0.16840,-137.10,-244.23
0.16850,-149.94,-231.93
0.16860,-162.57,-219.31
0.16870,-174.96,-206.37
0.16880,-187.11,-193.15
0.16890,-198.98,-179.64
0.16900,-210.58,-165.88
0.16910,-221.87,-151.89
0.16920,-232.85,-137.68
0.16930,-243.50,-123.27
0.16940,-253.80,-108.69
0.16950,-263.74,-93.95
0.16960,-273.31,-79.09
0.16970,-282.49,-64.11
0.16980,-291.26,-49.03
0.16990,-299.62,-33.89
0.17000,-307.55,-18.70
0.17010,-315.05,-3.49
0.17020,-322.10,11.73
0.17030,-328.69,26.93
0.17040,-334.81,42.09
0.17050,-340.46,57.20
0.17060,-345.62,72.22
0.17070,-350.29,87.13
0.17080,-354.47,101.93
0.17090,-358.14,116.58
0.17100,-361.30,131.06
0.17110,-363.94,145.35
0.17120,-366.08,159.44
0.17130,-367.69,173.30
0.17140,-368.77,186.92
0.17150,-369.34,200.27
0.17160,-369.38,213.33
0.17170,-368.89,226.09
0.17180,-367.89,238.53
0.17190,-366.36,250.63
0.17200,-364.31,262.38
0.17210,-361.74,273.75
0.17220,-358.66,284.73
0.17230,-355.07,295.31
0.17240,-350.97,305.47
0.17250,-346.38,315.20
0.17260,-341.29,324.47
0.17270,-335.72,333.29
0.17280,-329.68,341.64
0.17290,-323.16,349.50
0.17300,-316.19,356.86
0.17310,-308.77,363.72
0.17320,-300.91,370.06
0.17330,-292.62,375.87
0.17340,-283.92,381.15
0.17350,-274.81,385.89
0.17360,-265.32,390.09
0.17370,-255.44,393.73
0.17380,-245.21,396.81
0.17390,-234.62,399.32
0.17400,-223.70,401.27
0.17410,-212.46,402.65
0.17420,-200.92,403.46
0.17430,-189.10,403.69
0.17440,-177.00,403.35
0.17450,-164.66,402.44
0.17460,-152.08,400.96
0.17470,-139.28,398.90
0.17480,-126.28,396.28
0.17490,-113.11,393.10
0.17500,-99.77,389.36
0.17510,-86.29,385.06
0.17520,-72.69,380.21
0.17530,-58.98,374.83
0.17540,-45.19,368.91
0.17550,-31.34,362.47
0.17560,-17.44,355.51
0.17570,-3.51,348.05
0.17580,10.42,340.09
0.17590,24.33,331.65
0.17600,38.22,322.73
0.17610,52.04,313.36
0.17620,65.80,303.54
0.17630,79.46,293.29
0.17640,93.01,282.62
0.17650,106.42,271.55
0.17660,119.69,260.09
0.17670,132.78,248.27
0.17680,145.69,236.09
0.17690,158.38,223.57
0.17700,170.86,210.74
0.17710,183.09,197.60
0.17720,195.06,184.19
0.17730,206.75,170.51
0.17740,218.14,156.59
0.17750,229.23,142.45
0.17760,239.99,128.11
0.17770,250.41,113.59
0.17780,260.47,98.90
0.17790,270.17,84.07
0.17800,279.47,69.13
0.17810,288.38,54.08
0.17820,296.88,38.96
0.17830,304.96,23.79
0.17840,312.60,8.58
0.17850,319.80,-6.64
0.17860,326.55,-21.85
0.17870,332.83,-37.03
0.17880,338.63,-52.15
0.17890,343.96,-67.20
0.17900,348.80,-82.16
0.17910,353.14,-97.00
0.17920,356.98,-111.69
0.17930,360.31,-126.23
0.17940,363.13,-140.59
0.17950,365.43,-154.75
0.17960,367.21,-168.69
0.17970,368.48,-182.39
0.17980,369.22,-195.83
0.17990,369.43,-208.99
0.18000,369.12,-221.86
0.18010,368.29,-234.41
0.18020,366.93,-246.62
0.18030,365.05,-258.49
0.18040,362.66,-269.99
0.18050,359.75,-281.10
0.18060,356.33,-291.82
0.18070,352.40,-302.12
0.18080,347.97,-311.99
0.18090,343.05,-321.42
0.18100,337.64,-330.39
0.18110,331.75,-338.90
0.18120,325.40,-346.92
0.18130,318.58,-354.45
0.18140,311.30,-361.48
0.18150,303.59,-367.99
0.18160,295.44,-373.98
0.18170,286.87,-379.44
0.18180,277.90,-384.36
0.18190,268.53,-388.74
0.18200,258.78,-392.56
0.18210,248.67,-395.83
0.18220,238.19,-398.54
0.18230,227.38,-400.67
0.18240,216.25,-402.24
0.18250,204.81,-403.24
0.18260,193.08,-403.67
0.18270,181.07,-403.52
0.18280,168.81,-402.80
0.18290,156.30,-401.51
0.18300,143.58,-399.64
0.18310,130.64,-397.21
0.18320,117.53,-394.21
0.18330,104.24,-390.66
0.18340,90.81,-386.54
0.18350,77.24,-381.88
0.18360,63.57,-376.68
0.18370,49.81,-370.93
0.18380,35.97,-364.67
0.18390,22.08,-357.88
0.18400,8.16,-350.58
0.18410,-5.77,-342.79
0.18420,-19.69,-334.51
0.18430,-33.59,-325.75
0.18440,-47.44,-316.53
0.18450,-61.22,-306.85
0.18460,-74.91,-296.74
0.18470,-88.50,-286.21
0.18480,-101.96,-275.27
0.18490,-115.28,-263.94
0.18500,-128.43,-252.24
0.18510,-141.40,-240.17
0.18520,-154.17,-227.77
0.18530,-166.72,-215.04
0.18540,-179.03,-202.00
0.18550,-191.09,-188.68
0.18560,-202.88,-175.09
0.18570,-214.37,-161.25
0.18580,-225.57,-147.18
0.18590,-236.44,-132.90
0.18600,-246.97,-118.44
0.18610,-257.16,-103.80
0.18620,-266.97,-89.02
0.18630,-276.41,-74.11
0.18640,-285.45,-59.10
0.18650,-294.09,-44.00
0.18660,-302.31,-28.84
0.18670,-310.10,-13.64
0.18680,-317.45,1.58
0.18690,-324.35,16.79
0.18700,-330.78,31.99
0.18710,-336.75,47.13
0.18720,-342.23,62.21
0.18730,-347.23,77.20
0.18740,-351.74,92.08
0.18750,-355.75,106.82
0.18760,-359.25,121.42
0.18770,-362.24,135.84
0.18780,-364.71,150.07
0.18790,-366.67,164.08
0.18800,-368.11,177.87
0.18810,-369.02,191.39
0.18820,-369.41,204.65
0.18830,-369.28,217.62
0.18840,-368.62,230.27
0.18850,-367.43,242.60
0.18860,-365.73,254.58
0.18870,-363.51,266.21
0.18880,-360.77,277.45
0.18890,-357.52,288.30
0.18900,-353.76,298.74
0.18910,-349.49,308.76
0.18920,-344.74,318.34
0.18930,-339.49,327.46
0.18940,-333.76,336.12
0.18950,-327.56,344.31
0.18960,-320.89,352.00
0.18970,-313.77,359.20
0.18980,-306.20,365.89
0.18990,-298.19,372.05
0.19000,-289.76,377.69
0.19010,-280.93,382.79
0.19020,-271.69,387.35
0.19030,-262.06,391.36
0.19040,-252.07,394.81
0.19050,-241.71,397.70
0.19060,-231.01,400.03
0.19070,-219.98,401.79
0.19080,-208.64,402.98
0.19090,-197.01,403.60
0.19100,-185.09,403.64
0.19110,-172.91,403.11
0.19120,-160.48,402.01
0.19130,-147.83,400.33
0.19140,-134.96,398.09
0.19150,-121.90,395.28
0.19160,-108.67,391.91
0.19170,-95.29,387.98
0.19180,-81.76,383.50
0.19190,-68.12,378.47
0.19200,-54.39,372.91
0.19210,-40.57,366.82
0.19220,-26.70,360.20
0.19230,-12.79,353.07
0.19240,1.14,345.44
0.19250,15.07,337.32
0.19260,28.98,328.72
0.19270,42.84,319.65
0.19280,56.65,310.12
0.19290,70.37,300.16
0.19300,84.00,289.77
0.19310,97.50,278.96
0.19320,110.87,267.76
0.19330,124.08,256.18
0.19340,137.11,244.23
0.19350,149.95,231.94
0.19360,162.58,219.31
0.19370,174.97,206.38
0.19380,187.12,193.15
0.19390,198.99,179.64
0.19400,210.59,165.88
0.19410,221.89,151.89
0.19420,232.86,137.68
0.19430,243.51,123.27
0.19440,253.81,108.69
0.19450,263.76,93.95
0.19460,273.32,79.08
0.19470,282.50,64.10
0.19480,291.27,49.03
0.19490,299.63,33.89
0.19500,307.56,18.70
0.19510,315.06,3.49
0.19520,322.11,-11.73
0.19530,328.70,-26.93
0.19540,334.82,-42.10
0.19550,340.47,-57.20
0.19560,345.63,-72.22
0.19570,350.30,-87.14
0.19580,354.47,-101.93
0.19590,358.14,-116.58
0.19600,361.30,-131.06
0.19610,363.95,-145.36
0.19620,366.08,-159.45
0.19630,367.69,-173.31
0.19640,368.78,-186.92
0.19650,369.34,-200.27
0.19660,369.38,-213.33
0.19670,368.90,-226.10
0.19680,367.89,-238.54
0.19690,366.36,-250.64
0.19700,364.31,-262.38
0.19710,361.74,-273.75
0.19720,358.65,-284.74
0.19730,355.06,-295.31
0.19740,350.97,-305.47
0.19750,346.37,-315.20
0.19760,341.29,-324.48
0.19770,335.72,-333.29
0.19780,329.67,-341.64
0.19790,323.16,-349.50
0.19800,316.18,-356.86
0.19810,308.76,-363.72
0.19820,300.90,-370.06
0.19830,292.61,-375.87
0.19840,283.91,-381.15
0.19850,274.80,-385.89
0.19860,265.30,-390.08
0.19870,255.43,-393.72
0.19880,245.19,-396.80
0.19890,234.60,-399.32
0.19900,223.68,-401.26
0.19910,212.45,-402.64
0.19920,200.91,-403.45
0.19930,189.08,-403.68
0.19940,176.98,-403.34
0.19950,164.64,-402.43
0.19960,152.06,-400.94
0.19970,139.26,-398.89
0.19980,126.26,-396.27
0.19990,113.09,-393.08
0.20000,99.75,-389.34
0.20010,86.27,-385.04
0.20020,72.67,-380.20
0.20030,58.96,-374.81
0.20040,45.17,-368.89
0.20050,31.31,-362.45
0.20060,17.41,-355.49
0.20070,3.49,-348.02
0.20080,-10.44,-340.06
0.20090,-24.36,-331.62
0.20100,-38.24,-322.71
0.20110,-52.07,-313.33
0.20120,-65.82,-303.51
0.20130,-79.49,-293.26
0.20140,-93.03,-282.59
0.20150,-106.45,-271.52
0.20160,-119.71,-260.06
0.20170,-132.81,-248.23
0.20180,-145.71,-236.05
0.20190,-158.41,-223.53
0.20200,-170.88,-210.70
0.20210,-183.11,-197.57
0.20220,-195.08,-184.15
0.20230,-206.77,-170.47
0.20240,-218.17,-156.55
0.20250,-229.25,-142.41
0.20260,-240.01,-128.07
0.20270,-250.43,-113.54
0.20280,-260.49,-98.86
0.20290,-270.19,-84.03
0.20300,-279.49,-69.08
0.20310,-288.40,-54.04
0.20320,-296.90,-38.92
0.20330,-304.98,-23.74
0.20340,-312.62,-8.53
0.20350,-319.82,6.69
0.20360,-326.56,21.90
0.20370,-332.84,37.07
0.20380,-338.64,52.20
0.20390,-343.97,67.25
0.20400,-348.80,82.20
0.20410,-353.14,97.04
0.20420,-356.98,111.74
0.20430,-360.31,126.28
0.20440,-363.13,140.64
0.20450,-365.43,154.80
0.20460,-367.21,168.74
0.20470,-368.47,182.44
0.20480,-369.21,195.88
0.20490,-369.42,209.04
0.20500,-369.11,221.90
0.20510,-368.28,234.45
0.20520,-366.92,246.66
0.20530,-365.04,258.53
0.20540,-362.64,270.03
0.20550,-359.73,281.14
0.20560,-356.31,291.85
0.20570,-352.38,302.15
0.20580,-347.95,312.02
0.20590,-343.02,321.45
0.20600,-337.61,330.42
0.20610,-331.72,338.93
0.20620,-325.36,346.95
0.20630,-318.54,354.48
0.20640,-311.27,361.50
0.20650,-303.55,368.01
0.20660,-295.40,374.00
0.20670,-286.83,379.46
0.20680,-277.86,384.38
0.20690,-268.49,388.76
0.20700,-258.74,392.58
0.20710,-248.62,395.84
0.20720,-238.15,398.55
0.20730,-227.33,400.68
0.20740,-216.20,402.25
0.20750,-204.76,403.25
0.20760,-193.03,403.67
0.20770,-181.02,403.52
0.20780,-168.75,402.80
0.20790,-156.25,401.50
0.20800,-143.52,399.64
0.20810,-130.59,397.20
0.20820,-117.47,394.20
0.20830,-104.18,390.64
0.20840,-90.75,386.53
0.20850,-77.18,381.87
0.20860,-63.51,376.66
0.20870,-49.74,370.92
0.20880,-35.91,364.65
0.20890,-22.02,357.86
0.20900,-8.10,350.56
0.20910,5.83,342.76
0.20920,19.76,334.48
0.20930,33.65,325.72
0.20940,47.50,316.49
0.20950,61.28,306.82
0.20960,74.98,296.71
0.20970,88.56,286.17
0.20980,102.02,275.23
0.20990,115.34,263.90
0.21000,128.49,252.20
0.21010,141.46,240.13
0.21020,154.23,227.72
0.21030,166.78,214.99
0.21040,179.09,201.95
0.21050,191.15,188.63
0.21060,202.93,175.04
0.21070,214.43,161.20
0.21080,225.62,147.13
0.21090,236.49,132.85
0.21100,247.02,118.38
0.21110,257.20,103.74
0.21120,267.02,88.96
0.21130,276.46,74.05
0.21140,285.50,59.04
0.21150,294.13,43.94
0.21160,302.35,28.78
0.21170,310.14,13.58
0.21180,317.49,-1.64
0.21190,324.38,-16.86
0.21200,330.81,-32.05
0.21210,336.78,-47.19
0.21220,342.26,-62.27
0.21230,347.26,-77.26
0.21240,351.76,-92.14
0.21250,355.77,-106.88
0.21260,359.26,-121.48
0.21270,362.25,-135.90
0.21280,364.72,-150.13
0.21290,366.68,-164.14
0.21300,368.11,-177.92
0.21310,369.02,-191.45
0.21320,369.41,-204.71
0.21330,369.27,-217.67
0.21340,368.61,-230.32
0.21350,367.43,-242.65
0.21360,365.72,-254.63
0.21370,363.49,-266.26
0.21380,360.75,-277.50
0.21390,357.50,-288.35
0.21400,353.73,-298.79
0.21410,349.47,-308.80
0.21420,344.71,-318.38
0.21430,339.46,-327.50
0.21440,333.73,-336.16
0.21450,327.52,-344.34
0.21460,320.85,-352.04
0.21470,313.72,-359.23
0.21480,306.15,-365.91
0.21490,298.15,-372.08
0.21500,289.72,-377.71
0.21510,280.87,-382.81
0.21520,271.63,-387.37
0.21530,262.01,-391.37
0.21540,252.01,-394.82
0.21550,241.65,-397.71
0.21560,230.95,-400.04
0.21570,219.92,-401.79
0.21580,208.58,-402.98
0.21590,196.94,-403.59
0.21600,185.02,-403.63
0.21610,172.84,-403.10
0.21620,160.41,-401.99
0.21630,147.75,-400.32
0.21640,134.89,-398.07
0.21650,121.83,-395.26
0.21660,108.59,-391.88
0.21670,95.21,-387.95
0.21680,81.68,-383.47
0.21690,68.04,-378.44
0.21700,54.31,-372.87
0.21710,40.49,-366.78
0.21720,26.62,-360.16
0.21730,12.71,-353.03
0.21740,-1.22,-345.39
0.21750,-15.15,-337.27
0.21760,-29.06,-328.67
0.21770,-42.92,-319.59
0.21780,-56.73,-310.07
0.21790,-70.45,-300.10
0.21800,-84.08,-289.70
0.21810,-97.58,-278.90
0.21820,-110.95,-267.69
0.21830,-124.16,-256.11
0.21840,-137.19,-244.16
0.21850,-150.03,-231.86
0.21860,-162.65,-219.24
0.21870,-175.05,-206.30
0.21880,-187.19,-193.07
0.21890,-199.07,-179.56
0.21900,-210.66,-165.80
0.21910,-221.95,-151.80
0.21920,-232.93,-137.59
0.21930,-243.58,-123.18
0.21940,-253.88,-108.60
0.21950,-263.81,-93.87
0.21960,-273.38,-79.00
0.21970,-282.55,-64.01
0.21980,-291.32,-48.94
0.21990,-299.68,-33.80
0.22000,-307.61,-18.61
0.22010,-315.10,-3.40
0.22020,-322.15,11.82
0.22030,-328.73,27.03
0.22040,-334.85,42.19
0.22050,-340.50,57.29
0.22060,-345.66,72.31
0.22070,-350.32,87.23
0.22080,-354.49,102.02
0.22090,-358.16,116.67
0.22100,-361.32,131.15
0.22110,-363.96,145.45
0.22120,-366.09,159.53
0.22130,-367.69,173.39
0.22140,-368.78,187.01
0.22150,-369.34,200.35
0.22160,-369.37,213.42
0.22170,-368.89,226.18
0.22180,-367.87,238.61
0.22190,-366.34,250.71
0.22200,-364.28,262.45
0.22210,-361.71,273.82
0.22220,-358.63,284.80
0.22230,-355.03,295.38
0.22240,-350.93,305.54
0.22250,-346.33,315.26
0.22260,-341.24,324.54
0.22270,-335.67,333.35
0.22280,-329.62,341.69
0.22290,-323.10,349.55
0.22300,-316.13,356.91
0.22310,-308.70,363.76
0.22320,-300.84,370.10
0.22330,-292.55,375.91
0.22340,-283.84,381.19
0.22350,-274.73,385.92
0.22360,-265.23,390.11
0.22370,-255.35,393.75
0.22380,-245.11,396.82
0.22390,-234.52,399.33
0.22400,-223.60,401.28
0.22410,-212.36,402.65
0.22420,-200.81,403.46
0.22430,-188.99,403.69
0.22440,-176.89,403.34
0.22450,-164.54,402.42
0.22460,-151.96,400.94
0.22470,-139.16,398.88
0.22480,-126.16,396.25
0.22490,-112.98,393.06
0.22500,-99.64,389.32
0.22510,-86.16,385.01
0.22520,-72.56,380.17
0.22530,-58.85,374.78
0.22540,-45.06,368.85
0.22550,-31.20,362.41
0.22560,-17.30,355.44
0.22570,-3.38,347.98
0.22580,10.55,340.01
0.22590,24.47,331.57
0.22600,38.35,322.65
0.22610,52.18,313.27
0.22620,65.93,303.45
0.22630,79.59,293.19
0.22640,93.14,282.52
0.22650,106.55,271.44
0.22660,119.82,259.98
0.22670,132.91,248.15
0.22680,145.81,235.97
0.22690,158.51,223.45
0.22700,170.98,210.61
0.22710,183.21,197.48
0.22720,195.17,184.06
0.22730,206.86,170.38
0.22740,218.26,156.46
0.22750,229.34,142.32
0.22760,240.10,127.97
0.22770,250.51,113.44
0.22780,260.57,98.76
0.22790,270.26,83.93
0.22800,279.57,68.98
0.22810,288.47,53.94
0.22820,296.97,38.81
0.22830,305.04,23.64
0.22840,312.68,8.43
0.22850,319.87,-6.79
0.22860,326.61,-22.00
0.22870,332.89,-37.18
0.22880,338.69,-52.30
0.22890,344.01,-67.35
0.22900,348.84,-82.31
0.22910,353.17,-97.14
0.22920,357.01,-111.84
0.22930,360.33,-126.38
0.22940,363.15,-140.74
0.22950,365.44,-154.90
0.22960,367.22,-168.83
0.22970,368.48,-182.53
0.22980,369.21,-195.97
0.22990,369.42,-209.13
0.23000,369.11,-221.99
0.23010,368.27,-234.54
0.23020,366.90,-246.75
0.23030,365.02,-258.61
0.23040,362.62,-270.11
0.23050,359.70,-281.22
0.23060,356.27,-291.93
0.23070,352.34,-302.23
0.23080,347.91,-312.09
0.23090,342.98,-321.52
0.23100,337.57,-330.49
0.23110,331.67,-338.99
0.23120,325.31,-347.00
0.23130,318.48,-354.53
0.23140,311.20,-361.55
0.23150,303.48,-368.06
0.23160,295.33,-374.04
0.23170,286.76,-379.50
0.23180,277.78,-384.42
0.23190,268.41,-388.79
0.23200,258.65,-392.60
0.23210,248.53,-395.87
0.23220,238.05,-398.56
0.23230,227.24,-400.70
0.23240,216.10,-402.26
0.23250,204.66,-403.25
0.23260,192.92,-403.67
0.23270,180.91,-403.52
0.23280,168.64,-402.79
0.23290,156.14,-401.49
0.23300,143.41,-399.62
0.23310,130.47,-397.18
0.23320,117.35,-394.18
0.23330,104.06,-390.61
0.23340,90.63,-386.50
0.23350,77.06,-381.83
0.23360,63.39,-376.62
0.23370,49.62,-370.87
0.23380,35.78,-364.59
0.23390,21.90,-357.80
0.23400,7.98,-350.50
0.23410,-5.95,-342.70
0.23420,-19.88,-334.41
0.23430,-33.77,-325.65
0.23440,-47.62,-316.42
0.23450,-61.40,-306.74
0.23460,-75.09,-296.63
0.23470,-88.68,-286.09
0.23480,-102.14,-275.15
0.23490,-115.46,-263.81
0.23500,-128.61,-252.10
0.23510,-141.58,-240.03
0.23520,-154.34,-227.62
0.23530,-166.89,-214.89
0.23540,-179.20,-201.85
0.23550,-191.25,-188.52
0.23560,-203.04,-174.93
0.23570,-214.53,-161.09
0.23580,-225.72,-147.01
0.23590,-236.58,-132.73
0.23600,-247.11,-118.26
0.23610,-257.29,-103.63
0.23620,-267.10,-88.84
0.23630,-276.54,-73.93
0.23640,-285.57,-58.92
0.23650,-294.21,-43.82
0.23660,-302.42,-28.66
0.23670,-310.20,-13.46
0.23680,-317.55,1.76
0.23690,-324.44,16.98
0.23700,-330.87,32.17
0.23710,-336.82,47.31
0.23720,-342.30,62.39
0.23730,-347.30,77.38
0.23740,-351.80,92.26
0.23750,-355.80,107.00
0.23760,-359.29,121.60
0.23770,-362.27,136.02
0.23780,-364.74,150.24
0.23790,-366.69,164.26
0.23800,-368.12,178.04
0.23810,-369.03,191.56
0.23820,-369.41,204.81
0.23830,-369.27,217.78
0.23840,-368.60,230.43
0.23850,-367.41,242.75
0.23860,-365.70,254.73
0.23870,-363.47,266.35
0.23880,-360.72,277.59
0.23890,-357.46,288.44
0.23900,-353.69,298.87
0.23910,-349.42,308.88
0.23920,-344.66,318.46
0.23930,-339.40,327.58
0.23940,-333.67,336.23
0.23950,-327.46,344.41
0.23960,-320.78,352.10
0.23970,-313.65,359.29
0.23980,-306.08,365.97
0.23990,-298.07,372.13
0.24000,-289.63,377.76
0.24010,-280.79,382.85
0.24020,-271.54,387.41
0.24030,-261.91,391.41
0.24040,-251.91,394.85
0.24050,-241.55,397.74
0.24060,-230.84,400.06
0.24070,-219.81,401.81
0.24080,-208.47,402.99
0.24090,-196.82,403.60
0.24100,-184.90,403.63
0.24110,-172.72,403.10
0.24120,-160.29,401.98
0.24130,-147.63,400.30
0.24140,-134.76,398.05
0.24150,-121.70,395.23
0.24160,-108.46,391.86
0.24170,-95.08,387.92
0.24180,-81.55,383.43
0.24190,-67.91,378.40
0.24200,-54.17,372.83
0.24210,-40.36,366.73
0.24220,-26.48,360.10
0.24230,-12.57,352.97
0.24240,1.36,345.33
0.24250,15.29,337.20
0.24260,29.19,328.60
0.24270,43.06,319.52
0.24280,56.86,309.99
0.24290,70.59,300.02
0.24300,84.21,289.62
0.24310,97.72,278.81
0.24320,111.08,267.60
0.24330,124.29,256.01
0.24340,137.32,244.06
0.24350,150.15,231.76
0.24360,162.78,219.13
0.24370,175.17,206.19
0.24380,187.31,192.96
0.24390,199.18,179.45
0.24400,210.77,165.69
0.24410,222.06,151.69
0.24420,233.04,137.47
0.24430,243.68,123.06
0.24440,253.97,108.48
0.24450,263.91,93.74
0.24460,273.47,78.87
0.24470,282.64,63.89
0.24480,291.41,48.81
0.24490,299.76,33.67
0.24500,307.69,18.48
0.24510,315.17,3.27
0.24520,322.21,-11.95
0.24530,328.80,-27.15
0.24540,334.91,-42.32
0.24550,340.55,-57.42
0.24560,345.70,-72.44
0.24570,350.37,-87.36
0.24580,354.53,-102.15
0.24590,358.19,-116.79
0.24600,361.35,-131.27
0.24610,363.98,-145.57
0.24620,366.11,-159.65
0.24630,367.71,-173.51
0.24640,368.79,-187.12
0.24650,369.34,-200.47
0.24660,369.37,-213.53
0.24670,368.88,-226.28
0.24680,367.86,-238.72
0.24690,366.32,-250.81
0.24700,364.26,-262.55
0.24710,361.68,-273.92
0.24720,358.59,-284.90
0.24730,354.99,-295.47
0.24740,350.89,-305.62
0.24750,346.29,-315.34
0.24760,341.19,-324.61
0.24770,335.61,-333.42
0.24780,329.56,-341.76
0.24790,323.04,-349.61
0.24800,316.06,-356.97
0.24810,308.62,-363.82
0.24820,300.76,-370.15
0.24830,292.46,-375.96
0.24840,283.75,-381.23
0.24850,274.64,-385.96
0.24860,265.13,-390.15
0.24870,255.25,-393.78
0.24880,245.01,-396.85
0.24890,234.41,-399.35
0.24900,223.49,-401.29
0.24910,212.24,-402.66
0.24920,200.70,-403.46
0.24930,188.87,-403.69
0.24940,176.77,-403.34
0.24950,164.42,-402.42
0.24960,151.83,-400.92
0.24970,139.03,-398.86
0.24980,126.03,-396.23
0.24990,112.85,-393.03
0.25000,99.51,-389.28
0.25010,86.03,-384.98
0.25020,72.42,-380.12
0.25030,58.71,-374.73
0.25040,44.92,-368.80
0.25050,31.07,-362.35
0.25060,17.16,-355.38
0.25070,3.24,-347.91
0.25080,-10.69,-339.94
0.25090,-24.61,-331.49
0.25100,-38.49,-322.57
0.25110,-52.32,-313.19
0.25120,-66.07,-303.36
0.25130,-79.73,-293.10
0.25140,-93.27,-282.42
0.25150,-106.69,-271.35
0.25160,-119.95,-259.88
0.25170,-133.04,-248.05
0.25180,-145.94,-235.86
0.25190,-158.63,-223.34
0.25200,-171.10,-210.50
0.25210,-183.33,-197.36
0.25220,-195.29,-183.94
0.25230,-206.98,-170.26
0.25240,-218.37,-156.34
0.25250,-229.45,-142.19
0.25260,-240.20,-127.84
0.25270,-250.62,-113.32
0.25280,-260.67,-98.63
0.25290,-270.36,-83.80
0.25300,-279.66,-68.85
0.25310,-288.56,-53.80
0.25320,-297.05,-38.68
0.25330,-305.12,-23.50
0.25340,-312.75,-8.30
0.25350,-319.94,6.92
0.25360,-326.68,22.14
0.25370,-332.95,37.31
0.25380,-338.74,52.44
0.25390,-344.06,67.49
0.25400,-348.88,82.44
0.25410,-353.21,97.28
0.25420,-357.04,111.97
0.25430,-360.36,126.51
0.25440,-363.17,140.87
0.25450,-365.46,155.02
0.25460,-367.24,168.96
0.25470,-368.49,182.65
0.25480,-369.22,196.09
0.25490,-369.42,209.25
0.25500,-369.10,222.10
0.25510,-368.25,234.65
0.25520,-366.89,246.86
0.25530,-365.00,258.72
0.25540,-362.59,270.21
0.25550,-359.67,281.32
0.25560,-356.24,292.02
0.25570,-352.30,302.32
0.25580,-347.86,312.18
0.25590,-342.93,321.60
0.25600,-337.51,330.57
0.25610,-331.61,339.06
0.25620,-325.24,347.08
0.25630,-318.41,354.60
0.25640,-311.13,361.61
0.25650,-303.40,368.12
0.25660,-295.24,374.10
0.25670,-286.67,379.55
0.25680,-277.69,384.46
0.25690,-268.31,388.83
0.25700,-258.55,392.64
0.25710,-248.42,395.90
0.25720,-237.95,398.59
0.25730,-227.13,400.72
0.25740,-215.99,402.28
0.25750,-204.54,403.26
0.25760,-192.80,403.68
0.25770,-180.79,403.52
0.25780,-168.52,402.79
0.25790,-156.01,401.48
0.25800,-143.28,399.61
0.25810,-130.34,397.16
0.25820,-117.22,394.15
0.25830,-103.93,390.59
0.25840,-90.49,386.46
0.25850,-76.93,381.79
0.25860,-63.25,376.57
0.25870,-49.48,370.82
0.25880,-35.64,364.54
0.25890,-21.76,357.74
0.25900,-7.84,350.44
0.25910,6.10,342.63
0.25920,20.02,334.34
0.25930,33.91,325.57
0.25940,47.76,316.34
0.25950,61.54,306.66
0.25960,75.23,296.54
0.25970,88.82,286.00
0.25980,102.28,275.05
0.25990,115.59,263.72
0.26000,128.74,252.00
0.26010,141.71,239.93
0.26020,154.47,227.52
0.26030,167.01,214.78
0.26040,179.32,201.74
0.26050,191.37,188.41
0.26060,203.15,174.81
0.26070,214.64,160.97
0.26080,225.83,146.89
0.26090,236.69,132.61
0.26100,247.22,118.14
0.26110,257.39,103.50
0.26120,267.20,88.71
0.26130,276.63,73.80
0.26140,285.66,58.79
0.26150,294.29,43.69
0.26160,302.50,28.53
0.26170,310.28,13.33
0.26180,317.62,-1.89
0.26190,324.50,-17.11
0.26200,330.93,-32.30
0.26210,336.88,-47.44
0.26220,342.36,-62.52
0.26230,347.35,-77.51
0.26240,351.84,-92.39
0.26250,355.83,-107.13
0.26260,359.32,-121.72
0.26270,362.30,-136.14
0.26280,364.76,-150.37
0.26290,366.71,-164.38
0.26300,368.13,-178.15
0.26310,369.03,-191.68
0.26320,369.41,-204.93
0.26330,369.26,-217.89
0.26340,368.59,-230.54
0.26350,367.40,-242.86
0.26360,365.68,-254.84
0.26370,363.44,-266.45
0.26380,360.69,-277.69
0.26390,357.43,-288.53
0.26400,353.65,-298.96
0.26410,349.38,-308.97
0.26420,344.61,-318.54
0.26430,339.35,-327.66
0.26440,333.61,-336.31
0.26450,327.40,-344.48
0.26460,320.72,-352.17
0.26470,313.58,-359.35
0.26480,306.00,-366.03
0.26490,297.99,-372.18
0.26500,289.55,-377.81
0.26510,280.70,-382.90
0.26520,271.45,-387.44
0.26530,261.82,-391.44
0.26540,251.81,-394.88
0.26550,241.45,-397.76
0.26560,230.74,-400.08
0.26570,219.70,-401.82
0.26580,208.35,-403.00
0.26590,196.71,-403.61
0.26600,184.79,-403.64
0.26610,172.60,-403.09
0.26620,160.17,-401.98
0.26630,147.51,-400.29
0.26640,134.63,-398.03
0.26650,121.57,-395.21
0.26660,108.34,-391.83
0.26670,94.95,-387.89
0.26680,81.42,-383.40
0.26690,67.78,-378.36
0.26700,54.04,-372.78
0.26710,40.22,-366.68
0.26720,26.35,-360.05
0.26730,12.44,-352.91
0.26740,-1.49,-345.27
0.26750,-15.42,-337.14
0.26760,-29.33,-328.52
0.26770,-43.19,-319.44
0.26780,-57.00,-309.91
0.26790,-70.72,-299.93
0.26800,-84.34,-289.53
0.26810,-97.85,-278.72
0.26820,-111.21,-267.51
0.26830,-124.41,-255.92
0.26840,-137.44,-243.96
0.26850,-150.28,-231.66
0.26860,-162.90,-219.03
0.26870,-175.28,-206.08
0.26880,-187.42,-192.85
0.26890,-199.29,-179.34
0.26900,-210.88,-165.57
0.26910,-222.17,-151.57
0.26920,-233.14,-137.36
0.26930,-243.78,-122.94
0.26940,-254.07,-108.36
0.26950,-264.00,-93.62
0.26960,-273.56,-78.75
0.26970,-282.72,-63.76
0.26980,-291.49,-48.69
0.26990,-299.84,-33.55
0.27000,-307.76,-18.36
0.27010,-315.24,-3.14
0.27020,-322.28,12.08
0.27030,-328.86,27.28
0.27040,-334.97,42.44
0.27050,-340.60,57.54
0.27060,-345.75,72.56
0.27070,-350.41,87.48
0.27080,-354.57,102.27
0.27090,-358.23,116.92
0.27100,-361.37,131.39
0.27110,-364.01,145.68
0.27120,-366.12,159.77
0.27130,-367.72,173.63
0.27140,-368.79,187.23
0.27150,-369.34,200.58
0.27160,-369.37,213.64
0.27170,-368.87,226.39
0.27180,-367.85,238.82
0.27190,-366.30,250.92
0.27200,-364.24,262.65
0.27210,-361.66,274.02
0.27220,-358.56,284.99
0.27230,-354.96,295.56
0.27240,-350.85,305.71
0.27250,-346.24,315.42
0.27260,-341.14,324.69
0.27270,-335.56,333.50
0.27280,-329.50,341.83
0.27290,-322.97,349.68
0.27300,-315.99,357.03
0.27310,-308.55,363.88
0.27320,-300.68,370.20
0.27330,-292.38,376.01
0.27340,-283.67,381.28
0.27350,-274.55,386.00
0.27360,-265.04,390.18
0.27370,-255.16,393.81
0.27380,-244.91,396.87
0.27390,-234.31,399.38
0.27400,-223.39,401.31
0.27410,-212.14,402.68
0.27420,-200.59,403.47
0.27430,-188.76,403.69
0.27440,-176.66,403.34
0.27450,-164.30,402.41
0.27460,-151.72,400.91
0.27470,-138.91,398.85
0.27480,-125.91,396.21
0.27490,-112.73,393.01
0.27500,-99.39,389.26
0.27510,-85.90,384.95
0.27520,-72.30,380.09
0.27530,-58.59,374.69
0.27540,-44.80,368.76
0.27550,-30.94,362.30
0.27560,-17.04,355.33
0.27570,-3.11,347.86
0.27580,10.82,339.88
0.27590,24.73,331.43
0.27600,38.61,322.50
0.27610,52.44,313.12
0.27620,66.19,303.29
0.27630,79.85,293.02
0.27640,93.40,282.34
0.27650,106.81,271.26
0.27660,120.07,259.80
0.27670,133.16,247.96
0.27680,146.06,235.77
0.27690,158.75,223.25
0.27700,171.21,210.40
0.27710,183.44,197.26
0.27720,195.40,183.84
0.27730,207.08,170.16
0.27740,218.47,156.23
0.27750,229.55,142.09
0.27760,240.30,127.74
0.27770,250.71,113.21
0.27780,260.76,98.52
0.27790,270.44,83.69
0.27800,279.74,68.74
0.27810,288.64,53.69
0.27820,297.12,38.57
0.27830,305.19,23.39
0.27840,312.82,8.18
0.27850,320.00,-7.04
0.27860,326.74,-22.25
0.27870,333.00,-37.43
0.27880,338.79,-52.55
0.27890,344.10,-67.60
0.27900,348.93,-82.55
0.27910,353.25,-97.39
0.27920,357.08,-112.08
0.27930,360.39,-126.62
0.27940,363.20,-140.97
0.27950,365.48,-155.13
0.27960,367.25,-169.06
0.27970,368.50,-182.76
0.27980,369.22,-196.19
0.27990,369.42,-209.34
0.28000,369.10,-222.20
0.28010,368.25,-234.74
0.28020,366.87,-246.95
0.28030,364.98,-258.81
0.28040,362.57,-270.29
0.28050,359.64,-281.40
0.28060,356.21,-292.10
0.28070,352.26,-302.40
0.28080,347.82,-312.26
0.28090,342.89,-321.67
0.28100,337.46,-330.63
0.28110,331.56,-339.13
0.28120,325.19,-347.14
0.28130,318.35,-354.65
0.28140,311.07,-361.67
0.28150,303.34,-368.17
0.28160,295.18,-374.15
0.28170,286.60,-379.59
0.28180,277.61,-384.50
0.28190,268.23,-388.86
0.28200,258.47,-392.67
0.28210,248.34,-395.92
0.28220,237.86,-398.61
0.28230,227.04,-400.74
0.28240,215.90,-402.29
0.28250,204.45,-403.27
0.28260,192.71,-403.68
0.28270,180.69,-403.52
0.28280,168.42,-402.78
0.28290,155.91,-401.47
0.28300,143.17,-399.60
0.28310,130.24,-397.15
0.28320,117.11,-394.14
0.28330,103.82,-390.56
0.28340,90.38,-386.44
0.28350,76.82,-381.76
0.28360,63.14,-376.54
0.28370,49.37,-370.78
0.28380,35.53,-364.50
0.28390,21.64,-357.70
0.28400,7.72,-350.39
0.28410,-6.21,-342.58
0.28420,-20.13,-334.28
0.28430,-34.02,-325.51
0.28440,-47.87,-316.28
0.28450,-61.65,-306.59
0.28460,-75.34,-296.47
0.28470,-88.92,-285.93
0.28480,-102.38,-274.98
0.28490,-115.69,-263.64
0.28500,-128.84,-251.92
0.28510,-141.81,-239.85
0.28520,-154.57,-227.43
0.28530,-167.11,-214.70
0.28540,-179.42,-201.65
0.28550,-191.47,-188.32
0.28560,-203.24,-174.72
0.28570,-214.73,-160.87
0.28580,-225.92,-146.80
0.28590,-236.78,-132.51
0.28600,-247.30,-118.04
0.28610,-257.47,-103.40
0.28620,-267.28,-88.62
0.28630,-276.70,-73.70
0.28640,-285.73,-58.69
0.28650,-294.36,-43.59
0.28660,-302.57,-28.43
0.28670,-310.34,-13.22
0.28680,-317.68,1.99
0.28690,-324.56,17.21
0.28700,-330.98,32.40
0.28710,-336.93,47.55
0.28720,-342.40,62.62
0.28730,-347.38,77.61
0.28740,-351.87,92.48
0.28750,-355.87,107.23
0.28760,-359.35,121.82
0.28770,-362.32,136.24
0.28780,-364.78,150.46
0.28790,-366.72,164.47
0.28800,-368.14,178.25
0.28810,-369.04,191.77
0.28820,-369.41,205.02
0.28830,-369.26,217.97
0.28840,-368.59,230.62
0.28850,-367.39,242.94
0.28860,-365.67,254.92
0.28870,-363.43,266.53
0.28880,-360.67,277.76
0.28890,-357.40,288.60
0.28900,-353.63,299.03
0.28910,-349.35,309.04
0.28920,-344.58,318.60
0.28930,-339.31,327.72
0.28940,-333.57,336.37
0.28950,-327.35,344.54
0.28960,-320.67,352.22
0.28970,-313.53,359.40
0.28980,-305.95,366.07
0.28990,-297.93,372.22
0.29000,-289.49,377.85
0.29010,-280.64,382.93
0.29020,-271.38,387.48
0.29030,-261.75,391.47
0.29040,-251.74,394.91
0.29050,-241.37,397.79
0.29060,-230.66,400.10
0.29070,-219.63,401.84
0.29080,-208.28,403.01
0.29090,-196.63,403.61
0.29100,-184.70,403.64
0.29110,-172.51,403.09
0.29120,-160.08,401.97
0.29130,-147.42,400.28
0.29140,-134.55,398.02
0.29150,-121.48,395.20
0.29160,-108.24,391.81
0.29170,-94.85,387.87
0.29180,-81.33,383.37
0.29190,-67.68,378.33
0.29200,-53.94,372.75
0.29210,-40.13,366.65
0.29220,-26.25,360.02
0.29230,-12.34,352.87
0.29240,1.59,345.23
0.29250,15.52,337.09
0.29260,29.42,328.48
0.29270,43.29,319.40
0.29280,57.09,309.86
0.29290,70.81,299.88
0.29300,84.43,289.48
0.29310,97.94,278.66
0.29320,111.30,267.45
0.29330,124.50,255.85
0.29340,137.53,243.90
0.29350,150.36,231.59
0.29360,162.98,218.96
0.29370,175.37,206.01
0.29380,187.50,192.78
0.29390,199.37,179.26
0.29400,210.96,165.50
0.29410,222.24,151.50
0.29420,233.21,137.28
0.29430,243.85,122.87
0.29440,254.14,108.28
0.29450,264.07,93.54
0.29460,273.62,78.67
0.29470,282.78,63.68
0.29480,291.55,48.61
0.29490,299.89,33.46
0.29500,307.81,18.27
0.29510,315.29,3.06
0.29520,322.33,-12.16
0.29530,328.90,-27.36
0.29540,335.01,-42.52
0.29550,340.64,-57.63
0.29560,345.79,-72.64
0.29570,350.44,-87.56
0.29580,354.60,-102.35
0.29590,358.25,-116.99
0.29600,361.40,-131.47
0.29610,364.03,-145.76
0.29620,366.14,-159.84
0.29630,367.73,-173.70
0.29640,368.80,-187.31
0.29650,369.35,-200.65
0.29660,369.37,-213.71
0.29670,368.87,-226.46
0.29680,367.85,-238.89
0.29690,366.30,-250.98
0.29700,364.23,-262.72
0.29710,361.64,-274.08
0.29720,358.55,-285.05
0.29730,354.94,-295.62
0.29740,350.83,-305.76
0.29750,346.22,-315.48
0.29760,341.12,-324.74
0.29770,335.53,-333.55
0.29780,329.47,-341.88
0.29790,322.94,-349.72
0.29800,315.95,-357.07
0.29810,308.51,-363.91
0.29820,300.64,-370.24
0.29830,292.34,-376.04
0.29840,283.62,-381.31
0.29850,274.50,-386.03
0.29860,264.99,-390.21
0.29870,255.10,-393.83
0.29880,244.85,-396.89
0.29890,234.26,-399.39
0.29900,223.33,-401.33
0.29910,212.08,-402.69
0.29920,200.53,-403.48
0.29930,188.69,-403.70
0.29940,176.59,-403.34
0.29950,164.24,-402.41
0.29960,151.65,-400.91
0.29970,138.84,-398.84
0.29980,125.84,-396.20
0.29990,112.66,-393.00
0.30000,99.32,-389.24
0.30005,78.69,-377.71
0.30012,40.47,-354.70
0.30022,-39.42,-303.61
0.30032,-149.60,-228.80
0.30042,-274.94,-138.51
0.30052,-395.17,-45.20
0.30062,-496.81,41.72
0.30072,-579.16,120.03
0.30082,-652.22,194.34
0.30092,-729.05,272.35
0.30102,-818.00,360.28
0.30112,-919.02,459.77
0.30122,-1025.54,567.65
0.30132,-1129.52,678.01
0.30142,-1226.40,785.33
0.30152,-1317.10,886.89
0.30162,-1406.40,983.56
0.30172,-1499.55,1078.68
0.30182,-1599.12,1175.88
0.30192,-1704.06,1277.05
0.30202,-1810.85,1381.50
0.30212,-1915.81,1486.52
0.30222,-2016.92,1589.08
0.30232,-2114.27,1687.48
0.30242,-2209.23,1782.21
0.30252,-2303.15,1875.49
0.30262,-2396.32,1969.81
0.30272,-2488.02,2066.56
0.30282,-2576.99,2165.14
0.30292,-2662.32,2263.47
0.30302,-2743.78,2359.10
0.30312,-2821.83,2450.54
0.30322,-2897.21,2537.77
0.30332,-2970.55,2621.97
0.30342,-3042.17,2704.35
0.30352,-3112.16,2785.33
0.30362,-3180.47,2864.03
0.30372,-3247.03,2938.87
0.30382,-3311.68,3008.40
0.30392,-3374.15,3072.15
0.30402,-3434.03,3130.79
0.30412,-3490.85,3185.62
0.30422,-3544.18,3237.79
0.30432,-3593.68,3287.73
0.30442,-3639.02,3335.00
0.30452,-3679.81,3378.90
0.30462,-3715.53,3418.94
0.30472,-3745.58,3455.31
0.30482,-3769.51,3488.70
0.30492,-3787.13,3519.87
0.30502,-3798.61,3549.08
0.30512,-3804.34,3575.98
0.30522,-3804.77,3599.72
0.30532,-3800.22,3619.41
0.30542,-3790.85,3634.54
0.30552,-3776.71,3645.06
0.30562,-3757.99,3651.17
0.30572,-3734.97,3652.99
0.30582,-3708.14,3650.32
0.30592,-3677.88,3642.68
0.30602,-3644.43,3629.58
0.30612,-3607.69,3610.78
0.30622,-3567.38,3586.45
0.30632,-3523.13,3557.04
0.30642,-3474.69,3523.07
0.30652,-3421.93,3484.85
0.30662,-3364.89,3442.46
0.30672,-3303.55,3395.81
0.30682,-3237.81,3344.88
0.30692,-3167.51,3289.80
0.30702,-3092.48,3230.90
0.30712,-3012.71,3168.48
0.30722,-2928.40,3102.71
0.30732,-2839.92,3033.50
0.30742,-2747.73,2960.61
0.30752,-2652.21,2883.78
0.30762,-2553.65,2802.90
0.30772,-2452.24,2718.02
0.30782,-2348.18,2629.34
0.30792,-2241.67,2536.99
0.30802,-2132.98,2441.09
0.30812,-2022.34,2341.62
0.30822,-1909.91,2238.63
0.30832,-1795.67,2132.29
0.30842,-1679.52,2022.94
0.30852,-1561.29,1911.00
0.30862,-1440.85,1796.95
0.30872,-1318.15,1681.13
0.30882,-1193.23,1563.80
0.30892,-1066.17,1445.11
0.30902,-937.03,1325.22
0.30912,-805.92,1204.33
0.30922,-672.94,1082.67
0.30932,-538.32,960.44
0.30942,-402.37,837.72
0.30952,-265.52,714.52
0.30962,-128.22,590.72
0.30972,9.08,466.23
0.30982,146.00,341.02
0.30992,282.18,215.14
0.31002,417.34,88.68
0.31012,551.19,-38.21
0.31022,683.45,-165.44
0.31032,813.92,-292.89
0.31042,942.43,-420.43
0.31052,1068.91,-547.86
0.31062,1193.36,-674.87
0.31072,1315.82,-801.11
0.31082,1436.31,-926.24
0.31092,1554.82,-1049.93
0.31102,1671.31,-1171.93
0.31112,1785.70,-1292.04
0.31122,1897.91,-1410.06
0.31132,2007.83,-1525.80
0.31142,2115.32,-1639.07
0.31152,2220.19,-1749.71
0.31162,2322.21,-1857.60
0.31172,2421.11,-1962.70
0.31182,2516.60,-2064.99
0.31192,2608.39,-2164.45
0.31202,2696.27,-2261.06
0.31212,2780.02,-2354.72
0.31222,2859.51,-2445.32
0.31232,2934.60,-2532.73
0.31242,3005.19,-2616.82
0.31252,3071.24,-2697.46
0.31262,3132.72,-2774.51
0.31272,3189.67,-2847.77
0.31282,3242.15,-2917.06
0.31292,3290.24,-2982.16
0.31302,3334.01,-3042.86
0.31312,3373.51,-3098.99
0.31322,3408.75,-3150.44
0.31332,3439.71,-3197.12
0.31342,3466.37,-3238.99
0.31352,3488.65,-3276.03
0.31362,3506.48,-3308.22
0.31372,3519.74,-3335.58
0.31382,3528.29,-3358.17
0.31392,3532.00,-3376.08
0.31402,3530.70,-3389.40
0.31412,3524.28,-3398.23
0.31422,3512.65,-3402.66
0.31432,3495.76,-3402.75
0.31442,3473.58,-3398.51
0.31452,3446.16,-3389.97
0.31462,3413.56,-3377.13
0.31472,3375.87,-3359.97
0.31482,3333.22,-3338.48
0.31492,3285.79,-3312.61
0.31502,3233.76,-3282.31
0.31512,3177.32,-3247.54
0.31522,3116.68,-3208.24
0.31532,3051.99,-3164.41
0.31542,2983.42,-3116.05
0.31552,2911.09,-3063.22
0.31562,2835.13,-3005.99
0.31572,2755.61,-2944.46
0.31582,2672.61,-2878.73
0.31592,2586.19,-2808.94
0.31602,2496.40,-2735.24
0.31612,2403.27,-2657.81
0.31622,2306.85,-2576.83
0.31632,2207.22,-2492.48
0.31642,2104.44,-2404.91
0.31652,1998.66,-2314.29
0.31662,1889.99,-2220.74
0.31672,1778.63,-2124.40
0.31682,1664.76,-2025.37
0.31692,1548.60,-1923.75
0.31702,1430.37,-1819.67
0.31712,1310.34,-1713.20
0.31722,1188.74,-1604.44
0.31732,1065.82,-1493.50
0.31742,941.83,-1380.48
0.31752,816.97,-1265.53
0.31762,691.43,-1148.79
0.31772,565.40,-1030.44
0.31782,439.03,-910.68
0.31792,312.44,-789.71
0.31802,185.77,-667.75
0.31812,59.12,-545.03
0.31822,-67.40,-421.79
0.31832,-193.69,-298.25
0.31842,-319.63,-174.66
0.31852,-445.10,-51.22
0.31862,-569.94,71.85
0.31872,-693.99,194.37
0.31882,-817.07,316.18
0.31892,-938.95,437.12
0.31902,-1059.43,557.06
0.31912,-1178.27,675.88
0.31922,-1295.23,793.45
0.31932,-1410.08,909.67
0.31942,-1522.57,1024.42
0.31952,-1632.48,1137.59
0.31962,-1739.61,1249.07
0.31972,-1843.78,1358.71
0.31982,-1944.82,1466.38
0.31992,-2042.59,1571.92
0.32002,-2136.98,1675.16
0.32012,-2227.89,1775.93
0.32022,-2315.23,1874.05
0.32032,-2398.94,1969.33
0.32042,-2478.96,2061.60
0.32052,-2555.22,2150.68
0.32062,-2627.66,2236.41
0.32072,-2696.21,2318.64
0.32082,-2760.79,2397.24
0.32092,-2821.32,2472.07
0.32102,-2877.69,2543.05
0.32112,-2929.81,2610.08
0.32122,-2977.56,2673.10
0.32132,-3020.83,2732.04
0.32142,-3059.52,2786.85
0.32152,-3093.53,2837.49
0.32162,-3122.77,2883.90
0.32172,-3147.17,2926.05
0.32182,-3166.67,2963.89
0.32192,-3181.25,2997.37
0.32202,-3190.88,3026.44
0.32212,-3195.57,3051.03
0.32222,-3195.36,3071.09
0.32232,-3190.27,3086.56
0.32242,-3180.36,3097.39
0.32252,-3165.69,3103.52
0.32262,-3146.30,3104.92
0.32272,-3122.28,3101.56
0.32282,-3093.67,3093.42
0.32292,-3060.53,3080.51
0.32302,-3022.90,3062.84
0.32312,-2980.83,3040.45
0.32322,-2934.35,3013.39
0.32332,-2883.49,2981.72
0.32342,-2828.28,2945.53
0.32352,-2768.76,2904.90
0.32362,-2704.96,2859.91
0.32372,-2636.95,2810.67
0.32382,-2564.77,2757.28
0.32392,-2488.51,2699.82
0.32402,-2408.26,2638.40
0.32412,-2324.14,2573.09
0.32422,-2236.26,2504.00
0.32432,-2144.79,2431.19
0.32442,-2049.87,2354.76
0.32452,-1951.67,2274.78
0.32462,-1850.38,2191.35
0.32472,-1746.15,2104.54
0.32482,-1639.19,2014.46
0.32492,-1529.66,1921.22
0.32502,-1417.74,1824.92
0.32512,-1303.60,1725.70
0.32522,-1187.39,1623.69
0.32532,-1069.28,1519.05
0.32542,-949.42,1411.93
0.32552,-827.95,1302.51
0.32562,-705.02,1190.95
0.32572,-580.77,1077.43
0.32582,-455.36,962.13
0.32592,-328.95,845.24
0.32602,-201.69,726.92
0.32612,-73.77,607.36
0.32622,54.65,486.73
0.32632,183.36,365.18
0.32642,312.17,242.88
0.32652,440.87,119.99
0.32662,569.26,-3.34
0.32672,697.12,-126.95
0.32682,824.26,-250.69
0.32692,950.45,-374.40
0.32702,1075.50,-497.92
0.32712,1199.23,-621.08
0.32722,1321.44,-743.71
0.32732,1441.97,-865.65
0.32742,1560.66,-986.70
0.32752,1677.35,-1106.68
0.32762,1791.89,-1225.41
0.32772,1904.15,-1342.70
0.32782,2013.99,-1458.36
0.32792,2121.28,-1572.21
0.32802,2225.88,-1684.07
0.32812,2327.67,-1793.77
0.32822,2426.51,-1901.14
0.32832,2522.25,-2006.02
0.32842,2614.77,-2108.28
0.32852,2703.92,-2207.77
0.32862,2789.56,-2304.36
0.32872,2871.54,-2397.92
0.32882,2949.73,-2488.35
0.32892,3023.99,-2575.53
0.32902,3094.20,-2659.35
0.32912,3160.24,-2739.70
0.32922,3222.00,-2816.49
0.32932,3279.38,-2889.61
0.32942,3332.30,-2958.96
0.32952,3380.69,-3024.44
0.32962,3424.49,-3085.94
0.32972,3463.65,-3143.38
0.32982,3498.13,-3196.64
0.32992,3527.91,-3245.66
0.33002,3552.95,-3290.33
0.33012,3573.24,-3330.58
0.33022,3588.76,-3366.35
0.33032,3599.50,-3397.57
0.33042,3605.44,-3424.20
0.33052,3606.59,-3446.20
0.33062,3602.93,-3463.53
0.33072,3594.46,-3476.19
0.33082,3581.18,-3484.16
0.33092,3563.08,-3487.43
0.33102,3540.18,-3486.03
0.33112,3512.50,-3479.95
0.33122,3480.06,-3469.23
0.33132,3442.90,-3453.87
0.33142,3401.06,-3433.92
0.33152,3354.60,-3409.39
0.33162,3303.58,-3380.32
0.33172,3248.09,-3346.74
0.33182,3188.22,-3308.70
0.33192,3124.06,-3266.24
0.33202,3055.71,-3219.40
0.33212,2983.29,-3168.25
0.33222,2906.91,-3112.85
0.33232,2826.69,-3053.26
0.33242,2742.75,-2989.56
0.33252,2655.21,-2921.84
0.33262,2564.19,-2850.20
0.33272,2469.83,-2774.74
0.33282,2372.24,-2695.57
0.33292,2271.54,-2612.82
0.33302,2167.88,-2526.60
0.33312,2061.38,-2437.06
0.33322,1952.18,-2344.33
0.33332,1840.43,-2248.55
0.33342,1726.26,-2149.86
0.33352,1609.84,-2048.41
0.33362,1491.33,-1944.33
0.33372,1370.89,-1837.79
0.33382,1248.71,-1728.92
0.33392,1124.96,-1617.88
0.33402,999.83,-1504.80
0.33412,873.51,-1389.85
0.33422,746.19,-1273.17
0.33432,618.07,-1154.92
0.33442,489.33,-1035.25
0.33452,360.18,-914.33
0.33462,230.79,-792.32
0.33472,101.35,-669.40
0.33482,-27.94,-545.73
0.33492,-156.92,-421.49
0.33502,-285.40,-296.86
0.33512,-413.21,-172.02
0.33522,-540.17,-47.16
0.33532,-666.12,77.55
0.33542,-790.88,201.91
0.33552,-914.28,325.76
0.33562,-1036.15,448.91
0.33572,-1156.32,571.18
0.33582,-1274.62,692.41
0.33592,-1390.88,812.42
0.33602,-1504.93,931.04
0.33612,-1616.59,1048.12
0.33622,-1725.70,1163.50
0.33632,-1832.11,1277.01
0.33642,-1935.64,1388.51
0.33652,-2036.15,1497.83
0.33662,-2133.48,1604.84
0.33672,-2227.50,1709.37
0.33682,-2318.08,1811.29
0.33692,-2405.08,1910.44
0.33702,-2488.38,2006.68
0.33712,-2567.88,2099.87
0.33722,-2643.48,2189.88
0.33732,-2715.06,2276.56
0.33742,-2782.55,2359.79
0.33752,-2845.85,2439.44
0.33762,-2904.89,2515.39
0.33772,-2959.58,2587.53
0.33782,-3009.85,2655.76
0.33792,-3055.63,2719.97
0.33802,-3096.87,2780.08
0.33812,-3133.49,2836.00
0.33822,-3165.44,2887.66
0.33832,-3192.66,2934.99
0.33842,-3215.13,2977.93
0.33852,-3232.79,3016.41
0.33862,-3245.61,3050.41
0.33872,-3253.58,3079.86
0.33882,-3256.68,3104.73
0.33892,-3254.90,3125.00
0.33902,-3248.24,3140.62
0.33912,-3236.71,3151.59
0.33922,-3220.35,3157.88
0.33932,-3199.16,3159.48
0.33942,-3173.20,3156.38
0.33952,-3142.49,3148.59
0.33962,-3107.10,3136.12
0.33972,-3067.08,3118.97
0.33982,-3022.48,3097.18
0.33992,-2973.37,3070.77
0.34002,-2919.83,3039.78
0.34012,-2861.92,3004.26
0.34022,-2799.73,2964.25
0.34032,-2733.34,2919.83
0.34042,-2662.84,2871.05
0.34052,-2588.33,2817.99
0.34062,-2509.91,2760.73
0.34072,-2427.67,2699.36
0.34082,-2341.74,2633.97
0.34092,-2252.23,2564.66
0.34102,-2159.27,2491.52
0.34112,-2062.98,2414.66
0.34122,-1963.52,2334.19
0.34132,-1861.02,2250.22
0.34142,-1755.62,2162.86
0.34152,-1647.50,2072.25
0.34162,-1536.79,1978.49
0.34172,-1423.68,1881.73
0.34182,-1308.32,1782.10
0.34192,-1190.87,1679.72
0.34202,-1071.52,1574.76
0.34212,-950.44,1467.35
0.34222,-827.79,1357.65
0.34232,-703.75,1245.80
0.34242,-578.49,1131.98
0.34252,-452.20,1016.35
0.34262,-325.04,899.07
0.34272,-197.20,780.30
0.34282,-68.85,660.23
0.34292,59.81,539.03
0.34302,188.63,416.86
0.34312,317.40,293.90
0.34322,445.95,170.33
0.34332,574.08,46.31
0.34342,701.63,-77.96
0.34352,828.39,-202.34
0.34362,954.18,-326.63
0.34372,1078.83,-450.66
0.34382,1202.14,-574.27
0.34392,1323.93,-697.29
0.34402,1444.04,-819.53
0.34412,1562.27,-940.83
0.34422,1678.48,-1061.01
0.34432,1792.47,-1179.92
0.34442,1904.10,-1297.37
0.34452,2013.21,-1413.20
0.34462,2119.63,-1527.24
0.34472,2223.23,-1639.33
0.34482,2323.86,-1749.31
0.34492,2421.38,-1857.01
0.34502,2515.64,-1962.28
0.34512,2606.53,-2064.97
0.34522,2693.91,-2164.93
0.34532,2777.65,-2262.01
0.34542,2857.64,-2356.08
0.34552,2933.77,-2447.01
0.34562,3005.93,-2534.66
0.34572,3074.00,-2618.90
0.34582,3137.89,-2699.63
0.34592,3197.51,-2776.72
0.34602,3252.77,-2850.07
0.34612,3303.59,-2919.58
0.34622,3349.89,-2985.13
0.34632,3391.61,-3046.65
0.34642,3428.69,-3104.05
0.34652,3461.08,-3157.23
0.34662,3488.74,-3206.13
0.34672,3511.62,-3250.66
0.34682,3529.69,-3290.78
0.34692,3542.94,-3326.40
0.34702,3551.35,-3357.49
0.34712,3554.90,-3383.99
0.34722,3553.59,-3405.86
0.34732,3547.43,-3423.08
0.34742,3536.43,-3435.62
0.34752,3520.60,-3443.45
0.34762,3499.96,-3446.57
0.34772,3474.54,-3444.97
0.34782,3444.37,-3438.66
0.34792,3409.49,-3427.65
0.34802,3369.95,-3411.96
0.34812,3325.80,-3391.61
0.34822,3277.10,-3366.63
0.34832,3223.92,-3337.05
0.34842,3166.33,-3302.93
0.34852,3104.40,-3264.31
0.34862,3038.23,-3221.25
0.34872,2967.91,-3173.80
0.34882,2893.53,-3122.04
0.34892,2815.21,-3066.03
0.34902,2733.06,-3005.86
0.34912,2647.19,-2941.61
0.34922,2557.72,-2873.37
0.34932,2464.79,-2801.22
0.34942,2368.52,-2725.29
0.34952,2269.06,-2645.66
0.34962,2166.53,-2562.46
0.34972,2061.10,-2475.80
0.34982,1952.90,-2385.81
0.34992,1842.09,-2292.61
0.35002,1728.82,-2196.33
0.35012,1613.25,-2097.11
0.35022,1495.55,-1995.10
0.35032,1375.88,-1890.43
0.35042,1254.41,-1783.26
0.35052,1131.30,-1673.73
0.35062,1006.75,-1562.01
0.35072,880.91,-1448.24
0.35082,753.98,-1332.59
0.35092,626.14,-1215.22
0.35102,497.56,-1096.30
0.35112,368.44,-975.98
0.35122,238.95,-854.43
0.35132,109.30,-731.83
0.35142,-20.35,-608.35
0.35152,-149.79,-484.16
0.35162,-278.85,-359.43
0.35172,-407.34,-234.34
0.35182,-535.08,-109.06
0.35192,-661.88,16.22
0.35202,-787.56,141.34
0.35212,-911.96,266.11
0.35222,-1034.88,390.35
0.35232,-1156.16,513.90
0.35242,-1275.63,636.57
0.35252,-1393.11,758.20
0.35262,-1508.45,878.60
0.35272,-1621.47,997.60
0.35282,-1732.02,1115.05
0.35292,-1839.93,1230.77
0.35302,-1945.06,1344.59
0.35312,-2047.26,1456.36
0.35322,-2146.38,1565.92
0.35332,-2242.27,1673.11
0.35342,-2334.81,1777.79
0.35352,-2423.86,1879.79
0.35362,-2509.29,1978.99
0.35372,-2590.98,2075.23
0.35382,-2668.82,2168.39
0.35392,-2742.69,2258.32
0.35402,-2812.50,2344.90
0.35412,-2878.15,2428.01
0.35422,-2939.55,2507.52
0.35432,-2996.60,2583.33
0.35442,-3049.24,2655.31
0.35452,-3097.38,2723.38
0.35462,-3140.97,2787.43
0.35472,-3179.94,2847.36
0.35482,-3214.25,2903.10
0.35492,-3243.83,2954.55
0.35502,-3268.66,3001.66
0.35512,-3288.70,3044.36
0.35522,-3303.91,3082.57
0.35532,-3314.28,3116.25
0.35542,-3319.80,3145.36
0.35552,-3320.44,3169.85
0.35562,-3316.22,3189.69
0.35572,-3307.14,3204.85
0.35582,-3293.21,3215.31
0.35592,-3274.45,3221.05
0.35602,-3250.88,3222.08
0.35612,-3222.55,3218.39
0.35622,-3189.49,3209.98
0.35632,-3151.74,3196.87
0.35642,-3109.37,3179.08
0.35652,-3062.43,3156.63
0.35662,-3010.99,3129.56
0.35672,-2955.12,3097.90
0.35682,-2894.91,3061.70
0.35692,-2830.43,3021.01
0.35702,-2761.78,2975.90
0.35712,-2689.06,2926.43
0.35722,-2612.37,2872.66
0.35732,-2531.81,2814.68
0.35742,-2447.49,2752.57
0.35752,-2359.55,2686.42
0.35762,-2268.10,2616.32
0.35772,-2173.26,2542.38
0.35782,-2075.18,2464.71
0.35792,-1973.99,2383.40
0.35802,-1869.84,2298.59
0.35812,-1762.86,2210.39
0.35822,-1653.22,2118.92
0.35832,-1541.08,2024.32
0.35842,-1426.58,1926.72
0.35852,-1309.90,1826.26
0.35862,-1191.20,1723.07
0.35872,-1070.65,1617.31
0.35882,-948.42,1509.13
0.35892,-824.70,1398.67
0.35902,-699.65,1286.09
0.35912,-573.45,1171.55
0.35922,-446.30,1055.22
0.35932,-318.36,937.25
0.35942,-189.82,817.81
0.35952,-60.87,697.07
0.35962,68.31,575.21
0.35972,197.54,452.39
0.35982,326.62,328.80
0.35992,455.39,204.59
0.36002,583.64,79.95
0.36012,711.21,-44.94
0.36022,837.89,-169.91
0.36032,963.53,-294.78
0.36042,1087.92,-419.38
0.36052,1210.90,-543.53
0.36062,1332.29,-667.05
0.36072,1451.91,-789.77
0.36082,1569.59,-911.51
0.36092,1685.16,-1032.11
0.36102,1798.46,-1151.39
0.36112,1909.33,-1269.19
0.36122,2017.60,-1385.33
0.36132,2123.12,-1499.64
0.36142,2225.74,-1611.98
0.36152,2325.32,-1722.18
0.36162,2421.71,-1830.07
0.36172,2514.78,-1935.51
0.36182,2604.39,-2038.34
0.36192,2690.42,-2138.42
0.36202,2772.75,-2235.60
0.36212,2851.26,-2329.74
0.36222,2925.83,-2420.71
0.36232,2996.37,-2508.38
0.36242,3062.78,-2592.62
0.36252,3124.95,-2673.31
0.36262,3182.81,-2750.34
0.36272,3236.27,-2823.58
0.36282,3285.25,-2892.95
0.36292,3329.69,-2958.34
0.36302,3369.51,-3019.65
0.36312,3404.68,-3076.80
0.36322,3435.13,-3129.71
0.36332,3460.82,-3178.29
0.36342,3481.72,-3222.49
0.36352,3497.80,-3262.23
0.36362,3509.03,-3297.46
0.36372,3515.40,-3328.13
0.36382,3516.90,-3354.19
0.36392,3513.53,-3375.62
0.36402,3505.29,-3392.36
0.36412,3492.20,-3404.41
0.36422,3474.27,-3411.74
0.36432,3451.53,-3414.35
0.36442,3424.00,-3412.23
0.36452,3391.74,-3405.38
0.36462,3354.78,-3393.81
0.36472,3313.17,-3377.55
0.36482,3266.98,-3356.61
0.36492,3216.26,-3331.02
0.36502,3161.09,-3300.83
0.36512,3101.55,-3266.07
0.36522,3037.71,-3226.80
0.36532,2969.67,-3183.07
0.36542,2897.51,-3134.95
0.36552,2821.35,-3082.50
0.36562,2741.29,-3025.81
0.36572,2657.44,-2964.94
0.36582,2569.92,-2899.99
0.36592,2478.86,-2831.04
0.36602,2384.37,-2758.21
0.36612,2286.60,-2681.58
0.36622,2185.68,-2601.28
0.36632,2081.76,-2517.40
0.36642,1974.98,-2430.08
0.36652,1865.50,-2339.43
0.36662,1753.46,-2245.58
0.36672,1639.03,-2148.67
0.36682,1522.38,-2048.83
0.36692,1403.66,-1946.20
0.36702,1283.04,-1840.94
0.36712,1160.70,-1733.17
0.36722,1036.81,-1623.07
0.36732,911.54,-1510.78
0.36742,785.08,-1396.46
0.36752,657.60,-1280.27
0.36762,529.29,-1162.38
0.36772,400.33,-1042.94
0.36782,270.90,-922.14
0.36792,141.19,-800.14
0.36802,11.39,-677.11
0.36812,-118.33,-553.23
0.36822,-247.77,-428.66
0.36832,-376.75,-303.58
0.36842,-505.09,-178.17
0.36852,-632.60,-52.61
0.36862,-759.10,72.92
0.36872,-884.40,198.26
0.36882,-1008.34,323.22
0.36892,-1130.73,447.63
0.36902,-1251.39,571.31
0.36912,-1370.17,694.09
0.36922,-1486.88,815.79
0.36932,-1601.36,936.24
0.36942,-1713.45,1055.26
0.36952,-1822.99,1172.70
0.36962,-1929.82,1288.38
0.36972,-2033.80,1402.14
0.36982,-2134.76,1513.82
0.36992,-2232.59,1623.25
0.37002,-2327.12,1730.29
0.37012,-2418.23,1834.77
0.37022,-2505.80,1936.56
0.37032,-2589.69,2035.50
0.37042,-2669.78,2131.46
0.37052,-2745.98,2224.29
0.37062,-2818.16,2313.87
0.37072,-2886.22,2400.07
0.37082,-2950.08,2482.76
0.37092,-3009.64,2561.82
0.37102,-3064.82,2637.15
0.37112,-3115.54,2708.63
0.37122,-3161.73,2776.16
0.37132,-3203.32,2839.65
0.37142,-3240.27,2899.01
0.37152,-3272.51,2954.14
0.37162,-3300.00,3004.97
0.37172,-3322.71,3051.44
0.37182,-3340.60,3093.46
0.37192,-3353.65,3130.98
0.37202,-3361.84,3163.96
0.37212,-3365.17,3192.33
0.37222,-3363.61,3216.07
0.37232,-3357.19,3235.13
0.37242,-3345.90,3249.50
0.37252,-3329.77,3259.15
0.37262,-3308.81,3264.07
0.37272,-3283.06,3264.26
0.37282,-3252.55,3259.70
0.37292,-3217.33,3250.42
0.37302,-3177.44,3236.43
0.37312,-3132.94,3217.74
0.37322,-3083.89,3194.39
0.37332,-3030.37,3166.41
0.37342,-2972.44,3133.84
0.37352,-2910.20,3096.72
0.37362,-2843.72,3055.12
0.37372,-2773.10,3009.09
0.37382,-2698.44,2958.69
0.37392,-2619.85,2904.01
0.37402,-2537.43,2845.12
0.37412,-2451.30,2782.11
0.37422,-2361.59,2715.05
0.37432,-2268.42,2644.06
0.37442,-2171.92,2569.24
0.37452,-2072.23,2490.68
0.37462,-1969.49,2408.51
0.37472,-1863.84,2322.83
0.37482,-1755.44,2233.78
0.37492,-1644.44,2141.47
0.37502,-1530.99,2046.04
0.37512,-1415.26,1947.63
0.37522,-1297.41,1846.37
0.37532,-1177.61,1742.41
0.37542,-1056.04,1635.90
0.37552,-932.85,1526.97
0.37562,-808.24,1415.80
0.37572,-682.37,1302.53
0.37582,-555.44,1187.33
0.37592,-427.61,1070.36
0.37602,-299.07,951.78
0.37612,-170.01,831.76
0.37622,-40.62,710.47
0.37632,88.93,588.08
0.37642,218.45,464.77
0.37652,347.75,340.70
0.37662,476.65,216.06
0.37672,604.96,91.01
0.37682,732.50,-34.26
0.37692,859.09,-159.58
0.37702,984.53,-284.76
0.37712,1108.67,-409.65
0.37722,1231.31,-534.04
0.37732,1352.28,-657.78
0.37742,1471.42,-780.69
0.37752,1588.54,-902.58
0.37762,1703.48,-1023.29
0.37772,1816.07,-1142.65
0.37782,1926.17,-1260.49
0.37792,2033.60,-1376.64
0.37802,2138.22,-1490.93
0.37812,2239.87,-1603.20
0.37822,2338.41,-1713.29
0.37832,2433.71,-1821.05
0.37842,2525.62,-1926.32
0.37852,2614.02,-2028.94
0.37862,2698.77,-2128.78
0.37872,2779.77,-2225.69
0.37882,2856.90,-2319.54
0.37892,2930.04,-2410.18
0.37902,2999.09,-2497.48
0.37912,3063.96,-2581.33
0.37922,3124.55,-2661.59
0.37932,3180.79,-2738.17
0.37942,3232.58,-2810.94
0.37952,3279.86,-2879.80
0.37962,3322.56,-2944.65
0.37972,3360.62,-3005.40
0.37982,3394.00,-3061.96
0.37992,3422.63,-3114.26
0.38002,3446.48,-3162.21
0.38012,3465.52,-3205.74
0.38022,3479.71,-3244.80
0.38032,3489.05,-3279.33
0.38042,3493.52,-3309.28
0.38052,3493.11,-3334.60
0.38062,3487.82,-3355.26
0.38072,3477.65,-3371.24
0.38082,3462.64,-3382.50
0.38092,3442.78,-3389.03
0.38102,3418.12,-3390.83
0.38112,3388.68,-3387.89
0.38122,3354.52,-3380.22
0.38132,3315.66,-3367.82
0.38142,3272.18,-3350.72
0.38152,3224.13,-3328.93
0.38162,3171.58,-3302.50
0.38172,3114.59,-3271.47
0.38182,3053.26,-3235.86
0.38192,2987.67,-3195.75
0.38202,2917.90,-3151.18
0.38212,2844.06,-3102.21
0.38222,2766.25,-3048.93
0.38232,2684.58,-2991.40
0.38242,2599.16,-2929.71
0.38252,2510.12,-2863.95
0.38262,2417.57,-2794.21
0.38272,2321.66,-2720.59
0.38282,2222.51,-2643.19
0.38292,2120.26,-2562.12
0.38302,2015.07,-2477.51
0.38312,1907.07,-2389.47
0.38322,1796.42,-2298.12
0.38332,1683.28,-2203.59
0.38342,1567.81,-2106.02
0.38352,1450.17,-2005.55
0.38362,1330.53,-1902.31
0.38372,1209.06,-1796.46
0.38382,1085.93,-1688.14
0.38392,961.32,-1577.51
0.38402,835.40,-1464.71
0.38412,708.35,-1349.92
0.38422,580.36,-1233.29
0.38432,451.61,-1114.99
0.38442,322.28,-995.18
0.38452,192.56,-874.03
0.38462,62.63,-751.71
0.38472,-67.33,-628.40
0.38482,-197.12,-504.26
0.38492,-326.57,-379.48
0.38502,-455.48,-254.23
0.38512,-583.67,-128.68
0.38522,-710.97,-3.01
0.38532,-837.18,122.59
0.38542,-962.12,247.96
0.38552,-1085.63,372.92
0.38562,-1207.52,497.28
0.38572,-1327.61,620.88
0.38582,-1445.74,743.54
0.38592,-1561.74,865.08
0.38602,-1675.45,985.34
0.38612,-1786.69,1104.14
0.38622,-1895.32,1221.31
0.38632,-2001.17,1336.69
0.38642,-2104.11,1450.11
0.38652,-2203.97,1561.41
0.38662,-2300.63,1670.44
0.38672,-2393.94,1777.04
0.38682,-2483.77,1881.05
0.38692,-2570.00,1982.33
0.38702,-2652.50,2080.73
0.38712,-2731.15,2176.11
0.38722,-2805.86,2268.34
0.38732,-2876.50,2357.28
0.38742,-2942.99,2442.81
0.38752,-3005.22,2524.81
0.38762,-3063.11,2603.15
0.38772,-3116.59,2677.73
0.38782,-3165.57,2748.43
0.38792,-3209.98,2815.16
0.38802,-3249.77,2877.82
0.38812,-3284.88,2936.33
0.38822,-3315.26,2990.59
0.38832,-3340.87,3040.53
0.38842,-3361.67,3086.08
0.38852,-3377.64,3127.18
0.38862,-3388.75,3163.76
0.38872,-3394.99,3195.77
0.38882,-3396.34,3223.18
0.38892,-3392.82,3245.93
0.38902,-3384.41,3264.00
0.38912,-3371.15,3277.36
0.38922,-3353.03,3286.00
0.38932,-3330.10,3289.90
0.38942,-3302.37,3289.05
0.38952,-3269.90,3283.47
0.38962,-3232.72,3273.16
0.38972,-3190.90,3258.13
0.38982,-3144.48,3238.41
0.38992,-3093.53,3214.02
0.39002,-3038.13,3185.01
0.39012,-2978.35,3151.41
0.39022,-2914.27,3113.28
0.39032,-2845.99,3070.67
0.39042,-2773.60,3023.64
0.39052,-2697.21,2972.26
0.39062,-2616.92,2916.60
0.39072,-2532.84,2856.74
0.39082,-2445.09,2792.78
0.39092,-2353.81,2724.80
0.39102,-2259.10,2652.90
0.39112,-2161.12,2577.18
0.39122,-2059.99,2497.75
0.39132,-1955.86,2414.72
0.39142,-1848.88,2328.22
0.39152,-1739.20,2238.36
0.39162,-1626.98,2145.28
0.39172,-1512.37,2049.10
0.39182,-1395.54,1949.96
0.39192,-1276.65,1848.01
0.39202,-1155.87,1743.38
0.39212,-1033.37,1636.23
0.39222,-909.34,1526.70
0.39232,-783.94,1414.96
0.39242,-657.35,1301.15
0.39252,-529.76,1185.45
0.39262,-401.35,1068.00
0.39272,-272.30,948.99
0.39282,-142.80,828.58
0.39292,-13.02,706.93
0.39302,116.83,584.22
0.39312,246.59,460.62
0.39322,376.06,336.30
0.39332,505.05,211.45
0.39342,633.38,86.24
0.39352,760.87,-39.16
0.39362,887.34,-164.57
0.39372,1012.60,-289.81
0.39382,1136.48,-414.70
0.39392,1258.79,-539.07
0.39402,1379.37,-662.74
0.39412,1498.04,-785.54
0.39422,1614.62,-907.29
0.39432,1728.97,-1027.82
0.39442,1840.90,-1146.95
0.39452,1950.27,-1264.53
0.39462,2056.91,-1380.37
0.39472,2160.67,-1494.32
0.39482,2261.41,-1606.22
0.39492,2358.98,-1715.90
0.39502,2453.25,-1823.21
0.39512,2544.08,-1927.99
0.39522,2631.34,-2030.10
0.39532,2714.91,-2129.39
0.39542,2794.66,-2225.72
0.39552,2870.50,-2318.95
0.39562,2942.30,-2408.94
0.39572,3009.98,-2495.56
0.39582,3073.42,-2578.70
0.39592,3132.55,-2658.24
0.39602,3187.29,-2734.05
0.39612,3237.54,-2806.03
0.39622,3283.25,-2874.08
0.39632,3324.35,-2938.10
0.39642,3360.78,-2998.00
0.39652,3392.49,-3053.69
0.39662,3419.44,-3105.09
0.39672,3441.59,-3152.12
0.39682,3458.91,-3194.73
0.39692,3471.36,-3232.85
0.39702,3478.95,-3266.42
0.39712,3481.65,-3295.40
0.39722,3479.47,-3319.75
0.39732,3472.40,-3339.42
0.39742,3460.45,-3354.40
0.39752,3443.65,-3364.66
0.39762,3422.02,-3370.20
0.39772,3395.58,-3370.99
0.39782,3364.37,-3367.04
0.39792,3328.44,-3358.36
0.39802,3287.84,-3344.96
0.39812,3242.62,-3326.86
0.39822,3192.85,-3304.09
0.39832,3138.59,-3276.67
0.39842,3079.93,-3244.66
0.39852,3016.94,-3208.09
0.39862,2949.71,-3167.02
0.39872,2878.35,-3121.51
0.39882,2802.93,-3071.63
0.39892,2723.59,-3017.44
0.39902,2640.41,-2959.03
0.39912,2553.53,-2896.47
0.39922,2463.06,-2829.86
0.39932,2369.13,-2759.29
0.39942,2271.88,-2684.87
0.39952,2171.43,-2606.70
0.39962,2067.94,-2524.89
0.39972,1961.55,-2439.55
0.39982,1852.40,-2350.82
0.39992,1740.66,-2258.80
0.40002,1626.48,-2163.65
0.40012,1510.02,-2065.48
0.40022,1391.45,-1964.45
0.40032,1270.94,-1860.68
0.40042,1148.65,-1754.34
0.40052,1024.77,-1645.56
0.40062,899.47,-1534.50
0.40072,772.92,-1421.33
0.40082,645.31,-1306.19
0.40092,516.82,-1189.26
0.40102,387.63,-1070.69
0.40112,257.93,-950.65
0.40122,127.90,-829.31
0.40132,-2.27,-706.85
0.40142,-132.40,-583.44
0.40152,-262.30,-459.24
0.40162,-391.78,-334.44
0.40172,-520.66,-209.21
0.40182,-648.75,-83.72
0.40192,-775.88,41.84
0.40202,-901.86,167.30
0.40212,-1026.51,292.48
0.40222,-1149.65,417.20
0.40232,-1271.11,541.29
0.40242,-1390.71,664.58
0.40252,-1508.28,786.88
0.40262,-1623.65,908.03
0.40272,-1736.67,1027.85
0.40282,-1847.17,1146.17
0.40292,-1954.99,1262.83
0.40302,-2059.98,1377.66
0.40312,-2161.98,1490.49
0.40322,-2260.87,1601.17
0.40332,-2356.49,1709.53
0.40342,-2448.70,1815.43
0.40352,-2537.39,1918.71
0.40362,-2622.42,2019.23
0.40372,-2703.67,2116.83
0.40382,-2781.04,2211.39
0.40392,-2854.40,2302.76
0.40402,-2923.66,2390.82
0.40412,-2988.72,2475.44
0.40422,-3049.49,2556.50
0.40432,-3105.88,2633.88
0.40442,-3157.82,2707.47
0.40452,-3205.23,2777.16
0.40462,-3248.04,2842.86
0.40472,-3286.20,2904.48
0.40482,-3319.65,2961.92
0.40492,-3348.34,3015.10
0.40502,-3372.25,3063.94
0.40512,-3391.32,3108.39
0.40522,-3405.55,3148.36
0.40532,-3414.90,3183.81
0.40542,-3419.36,3214.69
0.40552,-3418.93,3240.95
0.40562,-3413.62,3262.55
0.40572,-3403.42,3279.47
0.40582,-3388.35,3291.68
0.40592,-3368.43,3299.17
0.40602,-3343.70,3301.92
0.40612,-3314.18,3299.93
0.40622,-3279.92,3293.20
0.40632,-3240.97,3281.76
0.40642,-3197.38,3265.60
0.40652,-3149.20,3244.77
0.40662,-3096.52,3219.28
0.40672,-3039.40,3189.18
0.40682,-2977.92,3154.51
0.40692,-2912.17,3115.32
0.40702,-2842.25,3071.67
0.40712,-2768.24,3023.63
0.40722,-2690.26,2971.25
0.40732,-2608.41,2914.62
0.40742,-2522.81,2853.82
0.40752,-2433.58,2788.93
0.40762,-2340.84,2720.05
0.40772,-2244.73,2647.29
0.40782,-2145.38,2570.73
0.40792,-2042.93,2490.49
0.40802,-1937.53,2406.69
0.40812,-1829.32,2319.45
0.40822,-1718.46,2228.89
0.40832,-1605.11,2135.13
0.40842,-1489.42,2038.32
0.40852,-1371.57,1938.58
0.40862,-1251.71,1836.07
0.40872,-1130.02,1730.92
0.40882,-1006.67,1623.29
0.40892,-881.84,1513.32
0.40902,-755.71,1401.18
0.40912,-628.45,1287.01
0.40922,-500.25,1170.99
0.40932,-371.29,1053.28
0.40942,-241.75,934.03
0.40952,-111.82,813.43
0.40962,18.31,691.64
0.40972,148.46,568.83
0.40982,278.45,445.17
0.40992,408.08,320.85
0.41002,537.17,196.03
0.41012,665.54,70.89
0.41022,793.00,-54.39
0.41032,919.37,-179.63
0.41042,1044.47,-304.66
0.41052,1168.12,-429.30
0.41062,1290.14,-553.38
0.41072,1410.37,-676.71
0.41082,1528.62,-799.13
0.41092,1644.73,-920.46
0.41102,1758.53,-1040.53
0.41112,1869.86,-1159.16
0.41122,1978.57,-1276.20
0.41132,2084.49,-1391.46
0.41142,2187.48,-1504.80
0.41152,2287.39,-1616.04
0.41162,2384.08,-1725.03
0.41172,2477.41,-1831.61
0.41182,2567.24,-1935.64
0.41192,2653.46,-2036.96
0.41202,2735.94,-2135.42
0.41212,2814.56,-2230.89
0.41222,2889.21,-2323.23
0.41232,2959.79,-2412.31
0.41242,3026.20,-2498.00
0.41252,3088.34,-2580.18
0.41262,3146.13,-2658.72
0.41272,3199.48,-2733.52
0.41282,3248.32,-2804.48
0.41292,3292.58,-2871.48
0.41302,3332.20,-2934.43
0.41312,3367.13,-2993.24
0.41322,3397.31,-3047.83
0.41332,3422.71,-3098.12
0.41342,3443.28,-3144.04
0.41352,3459.01,-3185.51
0.41362,3469.86,-3222.49
0.41372,3475.82,-3254.92
0.41382,3476.89,-3282.76
0.41392,3473.06,-3305.95
0.41402,3464.34,-3324.48
0.41412,3450.74,-3338.31
0.41422,3432.28,-3347.43
0.41432,3408.99,-3351.83
0.41442,3380.89,-3351.49
0.41452,3348.04,-3346.42
0.41462,3310.46,-3336.63
0.41472,3268.22,-3322.13
0.41482,3221.38,-3302.94
0.41492,3170.00,-3279.10
0.41502,3114.15,-3250.63
0.41512,3053.91,-3217.59
0.41522,2989.37,-3180.01
0.41532,2920.61,-3137.95
0.41542,2847.73,-3091.48
0.41552,2770.84,-3040.65
0.41562,2690.04,-2985.55
0.41572,2605.45,-2926.25
0.41582,2517.18,-2862.84
0.41592,2425.35,-2795.41
0.41602,2330.11,-2724.05
0.41612,2231.58,-2648.88
0.41622,2129.90,-2569.98
0.41632,2025.21,-2487.48
0.41642,1917.66,-2401.50
0.41652,1807.41,-2312.16
0.41662,1694.61,-2219.58
0.41672,1579.42,-2123.89
0.41682,1462.01,-2025.23
0.41692,1342.53,-1923.75
0.41702,1221.16,-1819.58
0.41712,1098.08,-1712.87
0.41722,973.45,-1603.78
0.41732,847.46,-1492.45
0.41742,720.28,-1379.05
0.41752,592.10,-1263.73
0.41762,463.09,-1146.65
0.41772,333.45,-1027.99
0.41782,203.35,-907.91
0.41792,72.99,-786.57
0.41802,-57.45,-664.16
0.41812,-187.79,-540.83
0.41822,-317.83,-416.78
0.41832,-447.40,-292.16
0.41842,-576.31,-167.16
0.41852,-704.36,-41.95
0.41862,-831.39,83.29
0.41872,-957.20,208.38
0.41882,-1081.62,333.14
0.41892,-1204.48,457.41
0.41902,-1325.58,581.01
0.41912,-1444.77,703.75
0.41922,-1561.88,825.47
0.41932,-1676.72,945.99
0.41942,-1789.15,1065.14
0.41952,-1899.01,1182.76
0.41962,-2006.12,1298.67
0.41972,-2110.35,1412.71
0.41982,-2211.55,1524.72
0.41992,-2309.57,1634.55
0.42002,-2404.27,1742.02
0.42012,-2495.51,1846.99
0.42022,-2583.18,1949.32
0.42032,-2667.15,2048.85
0.42042,-2747.29,2145.44
0.42052,-2823.49,2238.95
0.42062,-2895.65,2329.25
0.42072,-2963.67,2416.22
0.42082,-3027.45,2499.72
0.42092,-3086.90,2579.63
0.42102,-3141.93,2655.85
0.42112,-3192.47,2728.26
0.42122,-3238.46,2796.76
0.42132,-3279.82,2861.25
0.42142,-3316.49,2921.64
0.42152,-3348.43,2977.85
0.42162,-3375.60,3029.78
0.42172,-3397.94,3077.38
0.42182,-3415.44,3120.56
0.42192,-3428.07,3159.27
0.42202,-3435.82,3193.46
0.42212,-3438.66,3223.07
0.42222,-3436.60,3248.07
0.42232,-3429.64,3268.41
0.42242,-3417.79,3284.08
0.42252,-3401.07,3295.04
0.42262,-3379.49,3301.29
0.42272,-3353.10,3302.81
0.42282,-3321.93,3299.61
0.42292,-3286.02,3291.69
0.42302,-3245.42,3279.06
0.42312,-3200.20,3261.74
0.42322,-3150.40,3239.76
0.42332,-3096.11,3213.15
0.42342,-3037.39,3181.95
0.42352,-2974.34,3146.21
0.42362,-2907.03,3105.97
0.42372,-2835.57,3061.30
0.42382,-2760.05,3012.27
0.42392,-2680.58,2958.93
0.42402,-2597.27,2901.37
0.42412,-2510.24,2839.68
0.42422,-2419.62,2773.93
0.42432,-2325.52,2704.24
0.42442,-2228.08,2630.68
0.42452,-2127.44,2553.38
0.42462,-2023.74,2472.44
0.42472,-1917.13,2387.98
0.42482,-1807.75,2300.11
0.42492,-1695.77,2208.97
0.42502,-1581.34,2114.67
0.42512,-1464.63,2017.37
0.42522,-1345.79,1917.18
0.42532,-1225.01,1814.27
0.42542,-1102.44,1708.76
0.42552,-978.27,1600.82
0.42562,-852.67,1490.59
0.42572,-725.81,1378.23
0.42582,-597.89,1263.90
0.42592,-469.09,1147.76
0.42600,-362.38,1050.71
0.42605,-296.74,990.60
0.42612,-209.37,910.26
0.42622,-78.99,789.70
0.42632,51.52,667.99
0.42632,55.57,664.19
0.42637,58.99,615.13
0.42644,62.47,550.12
0.42654,68.41,453.58
0.42664,73.67,358.96
0.42674,78.98,268.02
0.42684,83.73,182.81
0.42694,88.36,104.71
0.42696,89.15,91.57
0.42701,91.01,84.29
0.42707,93.38,75.17
0.42717,96.77,61.26
0.42727,99.86,47.80
0.42737,102.66,34.40
0.42747,105.14,21.37
0.42757,107.28,8.49
0.42767,109.09,-4.11
0.42777,110.54,-16.47
0.42787,111.65,-28.63
0.42797,112.42,-40.48
0.42807,112.88,-52.19
0.42817,113.02,-63.51
0.42827,112.91,-74.74
0.42837,112.53,-85.53
0.42847,111.95,-96.24
0.42855,111.36,-103.92
0.42860,111.20,-109.04
0.42867,110.94,-115.72
0.42877,110.38,-125.45
0.42887,109.62,-134.87
0.42897,108.64,-143.97
0.42907,107.46,-152.75
0.42917,106.08,-161.19
0.42927,104.50,-169.30
0.42937,102.74,-177.06
0.42947,100.77,-184.47
0.42957,98.64,-191.53
0.42967,96.32,-198.23
0.42977,93.84,-204.57
0.42987,91.18,-210.53
0.42997,88.38,-216.13
0.43007,85.40,-221.35
0.43017,82.29,-226.19
0.43027,79.02,-230.64
0.43037,75.62,-234.71
0.43047,72.09,-238.39
0.43057,68.43,-241.68
0.43067,64.66,-244.58
0.43077,60.77,-247.08
0.43087,56.78,-249.18
0.43097,52.68,-250.90
0.43107,48.51,-252.21
0.43117,44.22,-253.13
0.43127,39.89,-253.65
0.43137,35.45,-253.78
0.43147,30.98,-253.51
0.43157,26.42,-252.86
0.43167,21.84,-251.81
0.43177,17.19,-250.39
0.43187,12.53,-248.58
0.43197,7.82,-246.39
0.43207,3.10,-243.83
0.43217,-1.63,-240.91
0.43227,-6.38,-237.62
0.43237,-11.12,-233.97
0.43247,-15.87,-229.97
0.43257,-20.57,-225.63
0.43267,-25.29,-220.95
0.43277,-29.94,-215.94
0.43287,-34.60,-210.61
0.43297,-39.17,-204.97
0.43307,-43.73,-199.02
0.43317,-48.20,-192.78
0.43327,-52.64,-186.25
0.43337,-56.98,-179.44
0.43347,-61.27,-172.37
0.43357,-65.46,-165.05
0.43367,-69.57,-157.48
0.43377,-73.59,-149.67
0.43387,-77.49,-141.65
0.43397,-81.31,-133.42
0.43407,-84.99,-124.99
0.43417,-88.58,-116.37
0.43427,-92.02,-107.58
0.43437,-95.36,-98.64
0.43447,-98.54,-89.54
0.43457,-101.61,-80.32
0.43467,-104.51,-70.97
0.43477,-107.29,-61.52
0.43487,-109.90,-51.97
0.43497,-112.38,-42.35
0.43507,-114.67,-32.66
0.43517,-116.83,-22.93
0.43527,-118.80,-13.15
0.43537,-120.62,-3.35
0.43547,-122.27,6.45
0.43557,-123.74,16.25
0.43567,-125.04,26.03
0.43577,-126.16,35.78
0.43587,-127.11,45.48
0.43597,-127.87,55.11
0.43607,-128.47,64.68
0.43617,-128.85,74.15
0.43627,-129.09,83.52
0.43637,-129.12,92.77
0.43647,-128.99,101.89
0.43657,-128.65,110.87
0.43667,-128.15,119.69
0.43677,-127.46,128.35
0.43687,-126.59,136.82
0.43697,-125.54,145.11
0.43707,-124.32,153.18
0.43717,-122.92,161.05
0.43727,-121.34,168.68
0.43737,-119.60,176.08
0.43747,-117.67,183.22
0.43757,-115.60,190.11
0.43767,-113.34,196.73
0.43777,-110.95,203.07
0.43787,-108.37,209.12
0.43797,-105.66,214.87
0.43807,-102.78,220.33
0.43817,-99.78,225.46
0.43827,-96.62,230.29
0.43837,-93.33,234.78
0.43847,-89.90,238.94
0.43857,-86.36,242.76
0.43867,-82.68,246.24
0.43877,-78.89,249.36
0.43887,-74.99,252.14
0.43897,-70.98,254.55
0.43907,-66.87,256.61
0.43917,-62.66,258.30
0.43927,-58.37,259.63
0.43937,-53.99,260.58
0.43947,-49.55,261.17
0.43957,-45.01,261.38
0.43967,-40.44,261.23
0.43977,-35.78,260.70
0.43987,-31.10,259.80
0.43997,-26.35,258.54
0.44007,-21.58,256.91
0.44017,-16.77,254.91
0.44027,-11.95,252.55
0.44037,-7.10,249.83
0.44047,-2.24,246.76
0.44057,2.62,243.34
0.44067,7.48,239.57
0.44077,12.32,235.46
0.44087,17.15,231.02
0.44097,21.95,226.25
0.44107,26.73,221.15
0.44117,31.46,215.75
0.44127,36.15,210.03
0.44137,40.78,204.02
0.44147,45.37,197.72
0.44157,49.88,191.14
0.44167,54.33,184.29
0.44177,58.69,177.17
0.44187,62.98,169.81
0.44197,67.17,162.19
0.44207,71.27,154.36
0.44217,75.27,146.30
0.44227,79.16,138.04
0.44237,82.93,129.57
0.44247,86.59,120.93
0.44257,90.13,112.11
0.44267,93.54,103.13
0.44277,96.82,94.01
0.44287,99.95,84.76
0.44297,102.95,75.38
0.44307,105.80,65.89
0.44317,108.50,56.32
0.44327,111.04,46.66
0.44337,113.43,36.94
0.44347,115.65,27.16
0.44357,117.72,17.35
0.44367,119.61,7.51
0.44377,121.34,-2.34
0.44387,122.89,-12.19
0.44397,124.27,-22.02
0.44407,125.47,-31.82
0.44417,126.49,-41.57
0.44427,127.33,-51.26
0.44437,127.99,-60.88
0.44447,128.47,-70.42
0.44457,128.77,-79.85
0.44467,128.89,-89.17
0.44477,128.81,-98.36
0.44487,128.56,-107.42
0.44497,128.13,-116.32
0.44507,127.51,-125.05
0.44517,126.71,-133.61
0.44527,125.74,-141.98
0.44537,124.58,-150.15
0.44547,123.25,-158.10
0.44557,121.74,-165.83
0.44567,120.05,-173.32
0.44577,118.20,-180.57
0.44587,116.18,-187.55
0.44597,114.00,-194.28
0.44607,111.65,-200.72
0.44617,109.14,-206.89
0.44627,106.48,-212.75
0.44637,103.67,-218.32
0.44647,100.71,-223.57
0.44657,97.61,-228.51
0.44667,94.36,-233.12
0.44677,90.99,-237.41
0.44687,87.48,-241.35
0.44697,83.85,-244.95
0.44707,80.10,-248.20
0.44717,76.24,-251.10
0.44727,72.27,-253.65
0.44737,68.20,-255.83
0.44747,64.03,-257.65
0.44757,59.77,-259.10
0.44767,55.42,-260.19
0.44777,51.00,-260.90
0.44787,46.50,-261.25
0.44797,41.93,-261.22
0.44807,37.31,-260.82
0.44817,32.64,-260.05
0.44827,27.91,-258.91
0.44837,23.15,-257.41
0.44847,18.36,-255.53
0.44857,13.53,-253.30
0.44867,8.69,-250.70
0.44877,3.84,-247.75
0.44887,-1.02,-244.45
0.44897,-5.87,-240.80
0.44907,-10.72,-236.80
0.44917,-15.55,-232.47
0.44927,-20.37,-227.81
0.44937,-25.15,-222.83
0.44947,-29.89,-217.53
0.44957,-34.60,-211.92
0.44967,-39.25,-206.01
0.44977,-43.85,-199.80
0.44987,-48.39,-193.32
0.44997,-52.85,-186.55
0.45007,-57.25,-179.53
0.45017,-61.56,-172.24
0.45027,-65.78,-164.72
0.45037,-69.91,-156.96
0.45047,-73.94,-148.97
0.45057,-77.87,-140.78
0.45067,-81.68,-132.38
0.45077,-85.38,-123.79
0.45087,-88.96,-115.04
0.45097,-92.41,-106.11
0.45107,-95.73,-97.04
0.45117,-98.92,-87.82
0.45127,-101.96,-78.49
0.45137,-104.86,-69.04
0.45147,-107.61,-59.49
0.45157,-110.20,-49.86
0.45167,-112.64,-40.16
0.45177,-114.92,-30.40
0.45187,-117.04,-20.59
0.45197,-118.99,-10.76
0.45207,-120.77,-0.92
0.45217,-122.38,8.93
0.45227,-123.82,18.77
0.45237,-125.07,28.58
0.45247,-126.16,38.35
0.45257,-127.06,48.06
0.45267,-127.78,57.71
0.45277,-128.32,67.27
0.45287,-128.68,76.74
0.45297,-128.85,86.10
0.45307,-128.85,95.33
0.45317,-128.65,104.44
0.45327,-128.28,113.39
0.45337,-127.72,122.18
0.45347,-126.99,130.80
0.45357,-126.07,139.23
0.45367,-124.97,147.47
0.45377,-123.70,155.49
0.45387,-122.24,163.30
0.45397,-120.62,170.87
0.45407,-118.82,178.20
0.45417,-116.86,185.27
0.45427,-114.73,192.09
0.45437,-112.43,198.63
0.45447,-109.98,204.88
0.45457,-107.37,210.85
0.45467,-104.61,216.52
0.45477,-101.70,221.88
0.45487,-98.64,226.92
0.45497,-95.44,231.64
0.45507,-92.11,236.03
0.45517,-88.65,240.09
0.45527,-85.06,243.81
0.45537,-81.35,247.17
0.45547,-77.53,250.19
0.45557,-73.59,252.85
0.45567,-69.55,255.16
0.45577,-65.41,257.10
0.45587,-61.18,258.67
0.45597,-56.86,259.88
0.45607,-52.46,260.72
0.45617,-47.99,261.19
0.45627,-43.45,261.28
0.45637,-38.84,261.01
0.45647,-34.18,260.36
0.45657,-29.48,259.35
0.45667,-24.73,257.97
0.45677,-19.94,256.21
0.45687,-15.13,254.10
0.45697,-10.29,251.62
0.45707,-5.44,248.79
0.45717,-0.59,245.60
0.45727,4.27,242.07
0.45737,9.12,238.19
0.45747,13.96,233.97
0.45757,18.78,229.42
0.45767,23.57,224.54
0.45777,28.33,219.35
0.45787,33.05,213.84
0.45797,37.72,208.03
0.45807,42.34,201.92
0.45817,46.90,195.53
0.45827,51.39,188.86
0.45837,55.81,181.92
0.45847,60.15,174.72
0.45857,64.40,167.27
0.45867,68.56,159.59
0.45877,72.63,151.67
0.45887,76.59,143.55
0.45897,80.44,135.22
0.45907,84.18,126.69
0.45917,87.80,117.99
0.45927,91.29,109.12
0.45937,94.66,100.09
0.45947,97.89,90.93
0.45957,100.98,81.63
0.45967,103.92,72.22
0.45977,106.72,62.70
0.45987,109.37,53.10
0.45997,111.86,43.41
0.46007,114.20,33.67
0.46017,116.37,23.88
0.46027,118.38,14.06
0.46037,120.21,4.22
0.46047,121.88,-5.63
0.46057,123.37,-15.48
0.46067,124.69,-25.30
0.46077,125.83,-35.08
0.46087,126.80,-44.81
0.46097,127.58,-54.48
0.46107,128.18,-64.08
0.46117,128.60,-73.58
0.46127,128.83,-82.97
0.46137,128.89,-92.25
0.46147,128.76,-101.40
0.46157,128.44,-110.41
0.46167,127.95,-119.25
0.46177,127.27,-127.93
0.46187,126.41,-136.43
0.46197,125.37,-144.73
0.46207,124.16,-152.82
0.46217,122.77,-160.70
0.46227,121.20,-168.35
0.46237,119.46,-175.76
0.46247,117.55,-182.93
0.46257,115.47,-189.83
0.46267,113.23,-196.46
0.46277,110.83,-202.81
0.46287,108.27,-208.88
0.46297,105.56,-214.64
0.46307,102.70,-220.11
0.46317,99.69,-225.26
0.46327,96.54,-230.09
0.46337,93.26,-234.59
0.46347,89.84,-238.76
0.46357,86.29,-242.59
0.46367,82.62,-246.07
0.46377,78.83,-249.21
0.46387,74.93,-251.99
0.46397,70.93,-254.41
0.46407,66.82,-256.48
0.46417,62.62,-258.17
0.46427,58.33,-259.50
0.46437,53.96,-260.46
0.46447,49.51,-261.06
0.46457,44.99,-261.28
0.46467,40.40,-261.13
0.46477,35.76,-260.60
0.46487,31.07,-259.71
0.46497,26.33,-258.45
0.46507,21.56,-256.82
0.46517,16.75,-254.83
0.46527,11.92,-252.47
0.46537,7.08,-249.76
0.46547,2.22,-246.69
0.46557,-2.63,-243.27
0.46567,-7.49,-239.50
0.46577,-12.33,-235.40
0.46587,-17.16,-230.96
0.46597,-21.96,-226.19
0.46607,-26.73,-221.10
0.46617,-31.47,-215.69
0.46627,-36.15,-209.98
0.46637,-40.79,-203.97
0.46647,-45.37,-197.67
0.46657,-49.88,-191.09
0.46667,-54.33,-184.24
0.46677,-58.69,-177.13
0.46687,-62.98,-169.76
0.46697,-67.17,-162.16
0.46707,-71.27,-154.32
0.46717,-75.26,-146.26
0.46727,-79.15,-138.00
0.46737,-82.93,-129.54
0.46747,-86.59,-120.89
0.46757,-90.13,-112.08
0.46767,-93.53,-103.10
0.46777,-96.81,-93.98
0.46787,-99.95,-84.72
0.46797,-102.94,-75.35
0.46807,-105.79,-65.87
0.46817,-108.49,-56.29
0.46827,-111.03,-46.63
0.46837,-113.42,-36.91
0.46847,-115.65,-27.13
0.46857,-117.71,-17.32
0.46867,-119.60,-7.48
0.46877,-121.33,2.37
0.46887,-122.88,12.21
0.46897,-124.25,22.04
0.46907,-125.45,31.84
0.46917,-126.48,41.59
0.46927,-127.32,51.28
0.46937,-127.98,60.90
0.46947,-128.46,70.44
0.46957,-128.76,79.87
0.46967,-128.87,89.19
0.46977,-128.80,98.38
0.46987,-128.55,107.44
0.46997,-128.12,116.34
0.47007,-127.50,125.07
0.47017,-126.70,133.63
0.47027,-125.72,142.00
0.47037,-124.57,150.17
0.47047,-123.23,158.12
0.47057,-121.72,165.85
0.47067,-120.04,173.34
0.47077,-118.19,180.58
0.47087,-116.17,187.57
0.47097,-113.98,194.30
0.47107,-111.63,200.74
0.47117,-109.13,206.90
0.47127,-106.47,212.77
0.47137,-103.65,218.34
0.47147,-100.69,223.59
0.47157,-97.59,228.53
0.47167,-94.35,233.14
0.47177,-90.97,237.42
0.47187,-87.47,241.37
0.47197,-83.84,244.97
0.47207,-80.09,248.22
0.47217,-76.23,251.12
0.47227,-72.26,253.66
0.47237,-68.18,255.85
0.47247,-64.01,257.66
0.47257,-59.75,259.12
0.47267,-55.41,260.20
0.47277,-50.98,260.92
0.47287,-46.48,261.26
0.47297,-41.92,261.23
0.47307,-37.30,260.84
0.47317,-32.62,260.07
0.47327,-27.90,258.93
0.47337,-23.14,257.42
0.47347,-18.34,255.55
0.47357,-13.52,253.31
0.47367,-8.68,250.72
0.47377,-3.83,247.77
0.47387,1.03,244.46
0.47397,5.89,240.81
0.47407,10.74,236.82
0.47417,15.57,232.49
0.47427,20.38,227.83
0.47437,25.16,222.85
0.47447,29.91,217.55
0.47457,34.61,211.94
0.47467,39.27,206.02
0.47477,43.87,199.82
0.47487,48.40,193.33
0.47497,52.87,186.57
0.47507,57.26,179.54
0.47517,61.57,172.26
0.47527,65.80,164.73
0.47537,69.93,156.97
0.47547,73.96,148.99
0.47557,77.89,140.79
0.47567,81.70,132.40
0.47577,85.40,123.81
0.47587,88.98,115.05
0.47597,92.43,106.13
0.47607,95.75,97.05
0.47617,98.93,87.84
0.47627,101.98,78.50
0.47637,104.87,69.05
0.47647,107.62,59.51
0.47657,110.22,49.88
0.47667,112.66,40.17
0.47677,114.94,30.41
0.47687,117.06,20.61
0.47697,119.01,10.78
0.47707,120.79,0.93
0.47717,122.40,-8.92
0.47727,123.83,-18.75
0.47737,125.09,-28.56
0.47747,126.17,-38.33
0.47757,127.08,-48.04
0.47767,127.80,-57.69
0.47777,128.34,-67.25
0.47787,128.70,-76.72
0.47797,128.87,-86.08
0.47807,128.86,-95.32
0.47817,128.67,-104.42
0.47827,128.30,-113.37
0.47837,127.74,-122.16
0.47847,127.00,-130.78
0.47857,126.09,-139.22
0.47867,124.99,-147.45
0.47877,123.71,-155.47
0.47887,122.26,-163.28
0.47897,120.64,-170.85
0.47907,118.84,-178.18
0.47917,116.88,-185.26
0.47927,114.75,-192.07
0.47937,112.45,-198.61
0.47947,110.00,-204.87
0.47957,107.39,-210.83
0.47967,104.62,-216.50
0.47977,101.71,-221.86
0.47987,98.66,-226.90
0.47997,95.46,-231.62
0.48007,92.13,-236.02
0.48017,88.67,-240.07
0.48027,85.08,-243.79
0.48037,81.37,-247.16
0.48047,77.54,-250.18
0.48057,73.61,-252.84
0.48067,69.57,-255.14
0.48077,65.43,-257.08
0.48087,61.20,-258.66
0.48097,56.88,-259.86
0.48107,52.48,-260.70
0.48117,48.01,-261.17
0.48127,43.46,-261.27
0.48137,38.86,-260.99
0.48147,34.20,-260.35
0.48157,29.49,-259.33
0.48167,24.74,-257.95
0.48177,19.96,-256.20
0.48187,15.15,-254.08
0.48197,10.31,-251.61
0.48207,5.46,-248.77
0.48217,0.60,-245.59
0.48227,-4.25,-242.05
0.48237,-9.11,-238.17
0.48247,-13.94,-233.95
0.48257,-18.76,-229.40
0.48267,-23.56,-224.53
0.48277,-28.32,-219.33
0.48287,-33.03,-213.82
0.48297,-37.71,-208.01
0.48307,-42.32,-201.90
0.48317,-46.88,-195.51
0.48327,-51.37,-188.84
0.48337,-55.79,-181.90
0.48347,-60.13,-174.70
0.48357,-64.38,-167.25
0.48367,-68.55,-159.57
0.48377,-72.61,-151.66
0.48387,-76.57,-143.53
0.48397,-80.42,-135.20
0.48407,-84.16,-126.68
0.48417,-87.78,-117.97
0.48427,-91.28,-109.10
0.48437,-94.64,-100.08
0.48447,-97.87,-90.91
0.48457,-100.96,-81.61
0.48467,-103.91,-72.20
0.48477,-106.71,-62.68
0.48487,-109.36,-53.08
0.48497,-111.85,-43.40
0.48507,-114.18,-33.66
0.48517,-116.35,-23.87
0.48527,-118.36,-14.04
0.48537,-120.20,-4.20
0.48547,-121.86,5.65
0.48557,-123.36,15.49
0.48567,-124.67,25.31
0.48577,-125.82,35.10
0.48587,-126.78,44.83
0.48597,-127.56,54.50
0.48607,-128.16,64.09
0.48617,-128.58,73.59
0.48627,-128.82,82.99
0.48637,-128.87,92.27
0.48647,-128.74,101.42
0.48657,-128.43,110.42
0.48667,-127.93,119.27
0.48677,-127.25,127.95
0.48687,-126.39,136.44
0.48697,-125.36,144.74
0.48707,-124.14,152.84
0.48717,-122.75,160.72
0.48727,-121.18,168.37
0.48737,-119.44,175.78
0.48747,-117.53,182.94
0.48757,-115.46,189.84
0.48767,-113.22,196.48
0.48777,-110.82,202.83
0.48787,-108.26,208.89
0.48797,-105.55,214.66
0.48807,-102.68,220.12
0.48817,-99.68,225.27
0.48827,-96.53,230.10
0.48837,-93.24,234.61
0.48847,-89.82,238.77
0.48857,-86.27,242.60
0.48867,-82.60,246.09
0.48877,-78.82,249.23
0.48887,-74.92,252.01
0.48897,-70.91,254.43
0.48907,-66.80,256.49
0.48917,-62.60,258.19
0.48927,-58.31,259.52
0.48937,-53.94,260.48
0.48947,-49.49,261.07
0.48957,-44.97,261.29
0.48967,-40.38,261.14
0.48977,-35.74,260.62
0.48987,-31.05,259.73
0.48997,-26.31,258.47
0.49007,-21.54,256.84
0.49017,-16.74,254.84
0.49027,-11.91,252.49
0.49037,-7.06,249.77
0.49047,-2.21,246.71
0.49057,2.65,243.29
0.49067,7.51,239.52
0.49077,12.35,235.41
0.49087,17.18,230.97
0.49097,21.98,226.20
0.49107,26.75,221.11
0.49117,31.48,215.71
0.49127,36.17,210.00
0.49137,40.81,203.99
0.49147,45.39,197.69
0.49157,49.90,191.11
0.49167,54.34,184.26
0.49177,58.71,177.14
0.49187,62.99,169.78
0.49197,67.19,162.17
0.49207,71.28,154.34
0.49217,75.28,146.28
0.49227,79.17,138.01
0.49237,82.95,129.55
0.49247,86.61,120.91
0.49257,90.14,112.09
0.49267,93.55,103.12
0.49277,96.82,94.00
0.49287,99.96,84.74
0.49297,102.96,75.37
0.49307,105.81,65.88
0.49317,108.51,56.31
0.49327,111.05,46.65
0.49337,113.44,36.93
0.49347,115.66,27.15
0.49357,117.72,17.34
0.49367,119.62,7.50
0.49377,121.34,-2.35
0.49387,122.89,-12.20
0.49397,124.27,-22.03
0.49407,125.47,-31.82
0.49417,126.49,-41.57
0.49427,127.34,-51.27
0.49437,128.00,-60.89
0.49447,128.48,-70.42
0.49457,128.77,-79.85
0.49467,128.89,-89.17
0.49477,128.82,-98.37
0.49487,128.57,-107.42
0.49497,128.13,-116.32
0.49507,127.52,-125.06
0.49517,126.72,-133.62
0.49527,125.74,-141.98
0.49537,124.58,-150.15
0.49547,123.25,-158.10
0.49557,121.74,-165.83
0.49567,120.06,-173.32
0.49577,118.20,-180.57
0.49587,116.18,-187.56
0.49597,114.00,-194.28
0.49607,111.65,-200.73
0.49617,109.14,-206.89
0.49627,106.48,-212.76
0.49637,103.67,-218.32
0.49647,100.71,-223.58
0.49657,97.61,-228.51
0.49667,94.37,-233.13
0.49677,90.99,-237.41
0.49687,87.48,-241.35
0.49697,83.85,-244.95
0.49707,80.11,-248.20
0.49717,76.24,-251.10
0.49727,72.27,-253.65
0.49737,68.20,-255.83
0.49747,64.03,-257.65
0.49757,59.77,-259.10
0.49767,55.42,-260.19
0.49777,51.00,-260.90
0.49787,46.50,-261.25
0.49797,41.94,-261.22
0.49807,37.31,-260.82
0.49817,32.64,-260.05
0.49827,27.91,-258.91
0.49837,23.15,-257.41
0.49847,18.36,-255.53
0.49857,13.54,-253.30
0.49867,8.70,-250.70
0.49877,3.84,-247.75
0.49887,-1.02,-244.45
0.49897,-5.87,-240.80
0.49907,-10.72,-236.80
0.49917,-15.55,-232.47
0.49927,-20.36,-227.81
0.49937,-25.15,-222.83
0.49947,-29.89,-217.53
0.49957,-34.60,-211.92
0.49967,-39.25,-206.01
0.49977,-43.85,-199.80
0.49987,-48.39,-193.32
0.49997,-52.85,-186.56
0.50007,-57.25,-179.53
0.50017,-61.56,-172.25
0.50027,-65.78,-164.72
0.50037,-69.91,-156.96
0.50047,-73.94,-148.97
0.50057,-77.87,-140.78
0.50067,-81.68,-132.38
0.50077,-85.38,-123.80
0.50087,-88.96,-115.04
0.50097,-92.41,-106.11
0.50107,-95.73,-97.04
0.50117,-98.92,-87.82
0.50127,-101.96,-78.49
0.50137,-104.86,-69.04
0.50147,-107.61,-59.49
0.50157,-110.20,-49.86
0.50167,-112.64,-40.16
0.50177,-114.92,-30.40
0.50187,-117.04,-20.60
0.50197,-118.99,-10.76
0.50207,-120.77,-0.92
0.50217,-122.38,8.93
0.50227,-123.82,18.77
0.50237,-125.08,28.58
0.50247,-126.16,38.35
0.50257,-127.06,48.06
0.50267,-127.78,57.71
0.50277,-128.32,67.27
0.50287,-128.68,76.74
0.50297,-128.85,86.10
0.50307,-128.85,95.33
0.50317,-128.66,104.44
0.50327,-128.28,113.39
0.50337,-127.72,122.18
0.50347,-126.99,130.80
0.50357,-126.07,139.23
0.50367,-124.97,147.47
0.50377,-123.70,155.49
0.50387,-122.25,163.30
0.50397,-120.62,170.87
0.50407,-118.82,178.20
0.50417,-116.86,185.27
0.50427,-114.73,192.09
0.50437,-112.44,198.62
0.50447,-109.98,204.88
0.50457,-107.37,210.85
0.50467,-104.61,216.52
0.50477,-101.70,221.87
0.50487,-98.64,226.92
0.50497,-95.45,231.64
0.50507,-92.11,236.03
0.50517,-88.65,240.09
0.50527,-85.06,243.80
0.50537,-81.35,247.17
0.50547,-77.53,250.19
0.50557,-73.59,252.85
0.50567,-69.55,255.16
0.50577,-65.41,257.10
0.50587,-61.18,258.67
0.50597,-56.86,259.88
0.50607,-52.46,260.72
0.50617,-47.99,261.19
0.50627,-43.45,261.28
0.50637,-38.84,261.01
0.50647,-34.18,260.36
0.50657,-29.48,259.35
0.50667,-24.73,257.96
0.50677,-19.94,256.21
0.50687,-15.13,254.10
0.50697,-10.29,251.62
0.50707,-5.45,248.79
0.50717,-0.59,245.60
0.50727,4.27,242.07
0.50737,9.12,238.19
0.50747,13.96,233.97
0.50757,18.78,229.42
0.50767,23.57,224.54
0.50777,28.33,219.35
0.50787,33.05,213.84
0.50797,37.72,208.03
0.50807,42.34,201.92
0.50817,46.90,195.53
0.50827,51.39,188.85
0.50837,55.81,181.91
0.50847,60.15,174.72
0.50857,64.40,167.27
0.50867,68.56,159.58
0.50877,72.63,151.67
0.50887,76.59,143.55
0.50897,80.44,135.22
0.50907,84.18,126.69
0.50917,87.80,117.99
0.50927,91.29,109.12
0.50937,94.66,100.09
0.50947,97.89,90.93
0.50957,100.98,81.63
0.50967,103.92,72.21
0.50977,106.72,62.70
0.50987,109.37,53.09
0.50997,111.86,43.41
0.51007,114.20,33.67
0.51017,116.37,23.88
0.51027,118.37,14.06
0.51037,120.21,4.21
0.51047,121.88,-5.63
0.51057,123.37,-15.48
0.51067,124.69,-25.30
0.51077,125.83,-35.08
0.51087,126.79,-44.81
0.51097,127.58,-54.48
0.51107,128.18,-64.08
0.51117,128.60,-73.58
0.51127,128.83,-82.98
0.51137,128.89,-92.25
0.51147,128.75,-101.40
0.51157,128.44,-110.41
0.51167,127.95,-119.25
0.51177,127.27,-127.93
0.51187,126.41,-136.43
0.51197,125.37,-144.73
0.51207,124.16,-152.82
0.51217,122.76,-160.70
0.51227,121.20,-168.35
0.51237,119.46,-175.77
0.51247,117.55,-182.93
0.51257,115.47,-189.83
0.51267,113.23,-196.46
0.51277,110.83,-202.81
0.51287,108.27,-208.88
0.51297,105.56,-214.65
0.51307,102.70,-220.11
0.51317,99.69,-225.26
0.51327,96.54,-230.09
0.51337,93.25,-234.59
0.51347,89.83,-238.76
0.51357,86.29,-242.59
0.51367,82.62,-246.07
0.51377,78.83,-249.21
0.51387,74.93,-251.99
0.51397,70.93,-254.41
0.51407,66.82,-256.48
0.51417,62.62,-258.17
0.51427,58.33,-259.50
0.51437,53.95,-260.47
0.51447,49.50,-261.06
0.51457,44.98,-261.28
0.51467,40.40,-261.13
0.51477,35.76,-260.60
0.51487,31.07,-259.71
0.51497,26.33,-258.45
0.51507,21.56,-256.82
0.51517,16.75,-254.83
0.51527,11.92,-252.47
0.51537,7.08,-249.76
0.51547,2.22,-246.69
0.51557,-2.64,-243.27
0.51567,-7.49,-239.50
0.51577,-12.33,-235.40
0.51587,-17.16,-230.96
0.51597,-21.96,-226.19
0.51607,-26.73,-221.10
0.51617,-31.47,-215.69
0.51627,-36.15,-209.98
0.51637,-40.79,-203.97
0.51647,-45.37,-197.67
0.51657,-49.88,-191.09
0.51667,-54.33,-184.24
0.51677,-58.69,-177.13
0.51687,-62.98,-169.76
0.51697,-67.17,-162.16
0.51707,-71.27,-154.32
0.51717,-75.26,-146.26
0.51727,-79.15,-138.00
0.51737,-82.93,-129.54
0.51747,-86.59,-120.89
0.51757,-90.13,-112.08
0.51767,-93.53,-103.10
0.51777,-96.81,-93.98
0.51787,-99.95,-84.73
0.51797,-102.94,-75.35
0.51807,-105.79,-65.87
0.51817,-108.49,-56.29
0.51827,-111.03,-46.63
0.51837,-113.42,-36.91
0.51847,-115.65,-27.13
0.51857,-117.71,-17.32
0.51867,-119.60,-7.48
0.51877,-121.33,2.37
0.51887,-122.88,12.21
0.51897,-124.26,22.04
0.51907,-125.46,31.84
0.51917,-126.48,41.59
0.51927,-127.32,51.28
0.51937,-127.98,60.90
0.51947,-128.46,70.44
0.51957,-128.76,79.87
0.51967,-128.87,89.19
0.51977,-128.80,98.38
0.51987,-128.55,107.44
0.51997,-128.12,116.34
0.52007,-127.50,125.07
0.52017,-126.70,133.63
0.52027,-125.72,142.00
0.52037,-124.57,150.16
0.52047,-123.23,158.12
0.52057,-121.72,165.84
0.52067,-120.04,173.34
0.52077,-118.19,180.58
0.52087,-116.17,187.57
0.52097,-113.98,194.30
0.52107,-111.64,200.74
0.52117,-109.13,206.90
0.52127,-106.47,212.77
0.52137,-103.65,218.34
0.52147,-100.69,223.59
0.52157,-97.59,228.53
0.52167,-94.35,233.14
0.52177,-90.97,237.42
0.52187,-87.47,241.37
0.52197,-83.84,244.97
0.52207,-80.09,248.22
0.52217,-76.23,251.12
0.52227,-72.26,253.66
0.52237,-68.18,255.84
0.52247,-64.01,257.66
0.52257,-59.75,259.12
0.52267,-55.41,260.20
0.52277,-50.98,260.92
0.52287,-46.48,261.26
0.52297,-41.92,261.23
0.52307,-37.30,260.84
0.52317,-32.62,260.07
0.52327,-27.90,258.93
0.52337,-23.14,257.42
0.52347,-18.34,255.55
0.52357,-13.52,253.31
0.52367,-8.68,250.72
0.52377,-3.83,247.77
0.52387,1.03,244.46
0.52397,5.89,240.81
0.52407,10.74,236.82
0.52417,15.57,232.49
0.52427,20.38,227.83
0.52437,25.16,222.84
0.52447,29.91,217.54
0.52457,34.61,211.93
0.52467,39.27,206.02
0.52477,43.87,199.82
0.52487,48.40,193.33
0.52497,52.87,186.57
0.52507,57.26,179.54
0.52517,61.57,172.26
0.52527,65.80,164.73
0.52537,69.93,156.97
0.52547,73.96,148.99
0.52557,77.88,140.79
0.52567,81.70,132.39
0.52577,85.40,123.81
0.52587,88.98,115.05
0.52597,92.43,106.13
0.52607,95.75,97.05
0.52617,98.93,87.84
0.52627,101.97,78.50
0.52637,104.87,69.05
0.52647,107.62,59.51
0.52657,110.22,49.87
0.52667,112.66,40.17
0.52677,114.94,30.41
0.52687,117.05,20.61
0.52697,119.01,10.78
0.52707,120.79,0.93
0.52717,122.40,-8.92
0.52727,123.83,-18.75
0.52737,125.09,-28.56
0.52747,126.17,-38.33
0.52757,127.07,-48.04
0.52767,127.80,-57.69
0.52777,128.34,-67.25
0.52787,128.69,-76.72
0.52797,128.87,-86.08
0.52807,128.86,-95.32
0.52817,128.67,-104.42
0.52827,128.30,-113.37
0.52837,127.74,-122.17
0.52847,127.00,-130.78
0.52857,126.08,-139.22
0.52867,124.99,-147.45
0.52877,123.71,-155.48
0.52887,122.26,-163.28
0.52897,120.64,-170.85
0.52907,118.84,-178.18
0.52917,116.88,-185.26
0.52927,114.74,-192.07
0.52937,112.45,-198.61
0.52947,110.00,-204.87
0.52957,107.39,-210.83
0.52967,104.62,-216.50
0.52977,101.71,-221.86
0.52987,98.66,-226.90
0.52997,95.46,-231.62
0.53007,92.13,-236.02
0.53017,88.67,-240.07
0.53027,85.08,-243.79
0.53037,81.37,-247.16
0.53047,77.54,-250.18
0.53057,73.61,-252.84
0.53067,69.57,-255.14
0.53077,65.43,-257.08
0.53087,61.20,-258.66
0.53097,56.88,-259.87
0.53107,52.48,-260.70
0.53117,48.01,-261.17
0.53127,43.46,-261.27
0.53137,38.86,-260.99
0.53147,34.20,-260.35
0.53157,29.49,-259.33
0.53167,24.74,-257.95
0.53177,19.96,-256.20
0.53187,15.14,-254.08
0.53197,10.31,-251.61
0.53207,5.46,-248.78
0.53217,0.60,-245.59
0.53227,-4.25,-242.05
0.53237,-9.11,-238.17
0.53247,-13.95,-233.95
0.53257,-18.76,-229.40
0.53267,-23.56,-224.53
0.53277,-28.32,-219.33
0.53287,-33.03,-213.82
0.53297,-37.71,-208.01
0.53307,-42.32,-201.91
0.53317,-46.88,-195.51
0.53327,-51.37,-188.84
0.53337,-55.79,-181.90
0.53347,-60.13,-174.70
0.53357,-64.38,-167.25
0.53367,-68.55,-159.57
0.53377,-72.61,-151.66
0.53387,-76.57,-143.53
0.53397,-80.43,-135.20
0.53407,-84.16,-126.68
0.53417,-87.78,-117.97
0.53427,-91.28,-109.10
0.53437,-94.64,-100.08
0.53447,-97.87,-90.91
0.53457,-100.96,-81.61
0.53467,-103.91,-72.20
0.53477,-106.71,-62.68
0.53487,-109.36,-53.08
0.53497,-111.85,-43.40
0.53507,-114.18,-33.66
0.53517,-116.35,-23.87
0.53527,-118.36,-14.04
0.53537,-120.20,-4.20
0.53547,-121.86,5.65
0.53557,-123.36,15.49
0.53567,-124.68,25.31
0.53577,-125.82,35.09
0.53587,-126.78,44.83
0.53597,-127.56,54.50
0.53607,-128.16,64.09
0.53617,-128.58,73.59
0.53627,-128.82,82.99
0.53637,-128.87,92.27
0.53647,-128.74,101.42
0.53657,-128.43,110.42
0.53667,-127.93,119.27
0.53677,-127.25,127.95
0.53687,-126.40,136.44
0.53697,-125.36,144.74
0.53707,-124.14,152.84
0.53717,-122.75,160.72
0.53727,-121.18,168.37
0.53737,-119.44,175.78
0.53747,-117.53,182.94
0.53757,-115.46,189.84
0.53767,-113.22,196.48
0.53777,-110.82,202.83
0.53787,-108.26,208.89
0.53797,-105.55,214.66
0.53807,-102.68,220.12
0.53817,-99.68,225.27
0.53827,-96.53,230.10
0.53837,-93.24,234.60
0.53847,-89.82,238.77
0.53857,-86.27,242.60
0.53867,-82.60,246.09
0.53877,-78.82,249.22
0.53887,-74.92,252.01
0.53897,-70.91,254.43
0.53907,-66.80,256.49
0.53917,-62.60,258.19
0.53927,-58.31,259.52
0.53937,-53.94,260.48
0.53947,-49.49,261.07
0.53957,-44.97,261.29
0.53967,-40.39,261.14
0.53977,-35.74,260.62
0.53987,-31.05,259.73
0.53997,-26.32,258.47
0.54007,-21.54,256.84
0.54017,-16.74,254.84
0.54027,-11.91,252.49
0.54037,-7.06,249.77
0.54047,-2.21,246.70
0.54057,2.65,243.28
0.54067,7.50,239.52
0.54077,12.35,235.41
0.54087,17.18,230.97
0.54097,21.98,226.20
0.54107,26.75,221.11
0.54117,31.48,215.71
0.54127,36.17,210.00
0.54137,40.81,203.99
0.54147,45.38,197.69
0.54157,49.90,191.11
0.54167,54.34,184.26
0.54177,58.71,177.14
0.54187,62.99,169.78
0.54197,67.18,162.17
0.54207,71.28,154.33
0.54217,75.28,146.28
0.54227,79.17,138.01
0.54237,82.95,129.55
0.54247,86.60,120.91
0.54257,90.14,112.09
0.54267,93.55,103.12
0.54277,96.82,94.00
0.54287,99.96,84.74
0.54297,102.96,75.36
0.54307,105.81,65.88
0.54317,108.50,56.30
0.54327,111.05,46.65
0.54337,113.44,36.92
0.54347,115.66,27.15
0.54357,117.72,17.34
0.54367,119.62,7.50
0.54377,121.34,-2.35
0.54387,122.89,-12.20
0.54397,124.27,-22.03
0.54407,125.47,-31.82
0.54417,126.49,-41.58
0.54427,127.33,-51.27
0.54437,128.00,-60.89
0.54447,128.48,-70.42
0.54457,128.77,-79.86
0.54467,128.89,-89.18
0.54477,128.82,-98.37
0.54487,128.57,-107.42
0.54497,128.13,-116.32
0.54507,127.51,-125.06
0.54517,126.72,-133.62
0.54527,125.74,-141.98
0.54537,124.58,-150.15
0.54547,123.25,-158.10
0.54557,121.74,-165.83
0.54567,120.06,-173.32
0.54577,118.20,-180.57
0.54587,116.18,-187.56
0.54597,114.00,-194.28
0.54607,111.65,-200.73
0.54617,109.14,-206.89
0.54627,106.48,-212.76
0.54637,103.67,-218.32
0.54647,100.71,-223.58
0.54657,97.61,-228.51
0.54667,94.36,-233.13
0.54677,90.99,-237.41
0.54687,87.48,-241.35
0.54697,83.85,-244.95
0.54707,80.11,-248.20
0.54717,76.24,-251.10
0.54727,72.27,-253.65
0.54737,68.20,-255.83
0.54747,64.03,-257.65
0.54757,59.77,-259.10
0.54767,55.42,-260.19
0.54777,51.00,-260.90
0.54787,46.50,-261.25
0.54797,41.93,-261.22
0.54807,37.31,-260.82
0.54817,32.64,-260.05
0.54827,27.91,-258.91
0.54837,23.15,-257.41
0.54847,18.36,-255.53
0.54857,13.53,-253.30
0.54867,8.69,-250.70
0.54877,3.84,-247.75
0.54887,-1.02,-244.45
0.54897,-5.87,-240.80
0.54907,-10.72,-236.80
0.54917,-15.55,-232.47
0.54927,-20.37,-227.81
0.54937,-25.15,-222.83
0.54947,-29.89,-217.53
0.54957,-34.60,-211.92
0.54967,-39.25,-206.01
0.54977,-43.85,-199.81
0.54987,-48.39,-193.32
0.54997,-52.86,-186.56
0.55007,-57.25,-179.53
0.55017,-61.56,-172.25
0.55027,-65.78,-164.72
0.55037,-69.91,-156.96
0.55047,-73.94,-148.97
0.55057,-77.87,-140.78
0.55067,-81.69,-132.38
0.55077,-85.38,-123.80
0.55087,-88.96,-115.04
0.55097,-92.41,-106.11
0.55107,-95.73,-97.04
0.55117,-98.92,-87.83
0.55127,-101.96,-78.49
0.55137,-104.86,-69.04
0.55147,-107.61,-59.49
0.55157,-110.20,-49.86
0.55167,-112.64,-40.16
0.55177,-114.92,-30.40
0.55187,-117.04,-20.60
0.55197,-118.99,-10.76
0.55207,-120.77,-0.92
0.55217,-122.38,8.93
0.55227,-123.82,18.77
0.55237,-125.08,28.58
0.55247,-126.16,38.34
0.55257,-127.06,48.06
0.55267,-127.78,57.70
0.55277,-128.32,67.27
0.55287,-128.68,76.74
0.55297,-128.86,86.10
0.55307,-128.85,95.33
0.55317,-128.66,104.43
0.55327,-128.28,113.39
0.55337,-127.73,122.18
0.55347,-126.99,130.80
0.55357,-126.07,139.23
0.55367,-124.97,147.46
0.55377,-123.70,155.49
0.55387,-122.25,163.29
0.55397,-120.62,170.87
0.55407,-118.83,178.20
0.55417,-116.86,185.27
0.55427,-114.73,192.08
0.55437,-112.44,198.62
0.55447,-109.98,204.88
0.55457,-107.37,210.85
0.55467,-104.61,216.51
0.55477,-101.70,221.87
0.55487,-98.64,226.92
0.55497,-95.45,231.64
0.55507,-92.11,236.03
0.55517,-88.65,240.09
0.55527,-85.06,243.80
0.55537,-81.35,247.17
0.55547,-77.53,250.19
0.55557,-73.59,252.85
0.55567,-69.55,255.16
0.55577,-65.42,257.10
0.55587,-61.18,258.67
0.55597,-56.86,259.88
0.55607,-52.47,260.72
0.55617,-47.99,261.19
0.55627,-43.45,261.28
0.55637,-38.85,261.01
0.55647,-34.19,260.36
0.55657,-29.48,259.35
0.55667,-24.73,257.96
0.55677,-19.94,256.21
0.55687,-15.13,254.10
0.55697,-10.30,251.62
0.55707,-5.45,248.79
0.55717,-0.59,245.60
0.55727,4.27,242.07
0.55737,9.12,238.19
0.55747,13.96,233.97
0.55757,18.78,229.42
0.55767,23.57,224.54
0.55777,28.33,219.35
0.55787,33.05,213.84
0.55797,37.72,208.03
0.55807,42.34,201.92
0.55817,46.90,195.53
0.55827,51.39,188.85
0.55837,55.81,181.91
0.55847,60.15,174.72
0.55857,64.40,167.27
0.55867,68.56,159.58
0.55877,72.63,151.67
0.55887,76.59,143.55
0.55897,80.44,135.21
0.55907,84.18,126.69
0.55917,87.80,117.99
0.55927,91.29,109.12
0.55937,94.65,100.09
0.55947,97.88,90.92
0.55957,100.98,81.63
0.55967,103.92,72.21
0.55977,106.72,62.70
0.55987,109.37,53.09
0.55997,111.86,43.41
0.56007,114.20,33.67
0.56017,116.37,23.88
0.56027,118.37,14.06
0.56037,120.21,4.21
0.56047,121.88,-5.64
0.56057,123.37,-15.48
0.56067,124.69,-25.30
0.56077,125.83,-35.08
0.56087,126.79,-44.81
0.56097,127.58,-54.48
0.56107,128.18,-64.08
0.56117,128.60,-73.58
0.56127,128.83,-82.98
0.56137,128.88,-92.26
0.56147,128.75,-101.40
0.56157,128.44,-110.41
0.56167,127.95,-119.25
0.56177,127.27,-127.93
0.56187,126.41,-136.43
0.56197,125.37,-144.73
0.56207,124.16,-152.83
0.56217,122.76,-160.70
0.56227,121.20,-168.35
0.56237,119.46,-175.77
0.56247,117.55,-182.93
0.56257,115.47,-189.83
0.56267,113.23,-196.46
0.56277,110.83,-202.81
0.56287,108.27,-208.88
0.56297,105.56,-214.65
0.56307,102.70,-220.11
0.56317,99.69,-225.26
0.56327,96.54,-230.09
0.56337,93.25,-234.59
0.56347,89.83,-238.76
0.56357,86.29,-242.59
0.56367,82.62,-246.08
0.56377,78.83,-249.21
0.56387,74.93,-251.99
0.56397,70.93,-254.42
0.56407,66.82,-256.48
0.56417,62.62,-258.17
0.56427,58.33,-259.51
0.56437,53.95,-260.47
0.56447,49.50,-261.06
0.56457,44.98,-261.28
0.56467,40.40,-261.13
0.56477,35.76,-260.61
0.56487,31.07,-259.71
0.56497,26.33,-258.45
0.56507,21.56,-256.82
0.56517,16.75,-254.83
0.56527,11.92,-252.47
0.56537,7.08,-249.76
0.56547,2.22,-246.69
0.56557,-2.64,-243.27
0.56567,-7.49,-239.50
0.56577,-12.34,-235.40
0.56587,-17.16,-230.96
0.56597,-21.96,-226.19
0.56607,-26.73,-221.10
0.56617,-31.47,-215.69
0.56627,-36.16,-209.98
0.56637,-40.79,-203.97
0.56647,-45.37,-197.67
0.56657,-49.89,-191.09
0.56667,-54.33,-184.24
0.56677,-58.69,-177.13
0.56687,-62.98,-169.76
0.56697,-67.17,-162.16
0.56707,-71.27,-154.32
0.56717,-75.27,-146.26
0.56727,-79.15,-138.00
0.56737,-82.93,-129.54
0.56747,-86.59,-120.90
0.56757,-90.13,-112.08
0.56767,-93.54,-103.10
0.56777,-96.81,-93.98
0.56787,-99.95,-84.73
0.56797,-102.94,-75.35
0.56807,-105.79,-65.87
0.56817,-108.49,-56.29
0.56827,-111.04,-46.63
0.56837,-113.42,-36.91
0.56847,-115.65,-27.14
0.56857,-117.71,-17.32
0.56867,-119.60,-7.48
0.56877,-121.33,2.37
0.56887,-122.88,12.21
0.56897,-124.26,22.04
0.56907,-125.46,31.84
0.56917,-126.48,41.59
0.56927,-127.32,51.28
0.56937,-127.98,60.90
0.56947,-128.46,70.44
0.56957,-128.76,79.87
0.56967,-128.87,89.19
0.56977,-128.80,98.38
0.56987,-128.55,107.44
0.56997,-128.12,116.34
0.57007,-127.50,125.07
0.57017,-126.70,133.63
0.57027,-125.72,142.00
0.57037,-124.57,150.16
0.57047,-123.23,158.12
0.57057,-121.72,165.84
0.57067,-120.04,173.34
0.57077,-118.19,180.58
0.57087,-116.17,187.57
0.57097,-113.98,194.29
0.57107,-111.64,200.74
0.57117,-109.13,206.90
0.57127,-106.47,212.77
0.57137,-103.66,218.34
0.57147,-100.70,223.59
0.57157,-97.59,228.53
0.57167,-94.35,233.14
0.57177,-90.98,237.42
0.57187,-87.47,241.36
0.57197,-83.84,244.97
0.57207,-80.09,248.22
0.57217,-76.23,251.12
0.57227,-72.26,253.66
0.57237,-68.19,255.84
0.57247,-64.01,257.66
0.57257,-59.75,259.12
0.57267,-55.41,260.20
0.57277,-50.98,260.92
0.57287,-46.48,261.26
0.57297,-41.92,261.23
0.57307,-37.30,260.83
0.57317,-32.62,260.07
0.57327,-27.90,258.93
0.57337,-23.14,257.42
0.57347,-18.34,255.55
0.57357,-13.52,253.31
0.57367,-8.68,250.72
0.57377,-3.83,247.77
0.57387,1.03,244.46
0.57397,5.89,240.81
0.57407,10.74,236.82
0.57417,15.57,232.49
0.57427,20.38,227.83
0.57437,25.16,222.84
0.57447,29.91,217.54
0.57457,34.61,211.93
0.57467,39.27,206.02
0.57477,43.86,199.82
0.57487,48.40,193.33
0.57497,52.87,186.57
0.57507,57.26,179.54
0.57517,61.57,172.26
0.57527,65.80,164.73
0.57537,69.93,156.97
0.57547,73.96,148.99
0.57557,77.88,140.79
0.57567,81.70,132.39
0.57577,85.40,123.81
0.57587,88.98,115.05
0.57597,92.43,106.13
0.57607,95.75,97.05
0.57617,98.93,87.84
0.57627,101.97,78.50
0.57637,104.87,69.05
0.57647,107.62,59.51
0.57657,110.22,49.87
0.57667,112.66,40.17
0.57677,114.94,30.41
0.57687,117.05,20.61
0.57697,119.00,10.78
0.57707,120.79,0.93
0.57717,122.39,-8.92
0.57727,123.83,-18.75
0.57737,125.09,-28.56
0.57747,126.17,-38.33
0.57757,127.07,-48.05
0.57767,127.80,-57.69
0.57777,128.34,-67.26
0.57787,128.69,-76.72
0.57797,128.87,-86.08
0.57807,128.86,-95.32
0.57817,128.67,-104.42
0.57827,128.30,-113.37
0.57837,127.74,-122.17
0.57847,127.00,-130.78
0.57857,126.08,-139.22
0.57867,124.99,-147.45
0.57877,123.71,-155.48
0.57887,122.26,-163.28
0.57897,120.64,-170.85
0.57907,118.84,-178.18
0.57917,116.87,-185.26
0.57927,114.74,-192.07
0.57937,112.45,-198.61
0.57947,110.00,-204.87
0.57957,107.39,-210.83
0.57967,104.62,-216.50
0.57977,101.71,-221.86
0.57987,98.66,-226.90
0.57997,95.46,-231.63
0.58007,92.13,-236.02
0.58017,88.67,-240.07
0.58027,85.08,-243.79
0.58037,81.37,-247.16
0.58047,77.54,-250.18
0.58057,73.61,-252.84
0.58067,69.57,-255.14
0.58077,65.43,-257.08
0.58087,61.20,-258.66
0.58097,56.88,-259.87
0.58107,52.48,-260.71
0.58117,48.00,-261.17
0.58127,43.46,-261.27
0.58137,38.86,-261.00
0.58147,34.20,-260.35
0.58157,29.49,-259.33
0.58167,24.74,-257.95
0.58177,19.96,-256.20
0.58187,15.14,-254.09
0.58197,10.31,-251.61
0.58207,5.46,-248.78
0.58217,0.60,-245.59
0.58227,-4.26,-242.05
0.58237,-9.11,-238.17
0.58247,-13.95,-233.96
0.58257,-18.77,-229.40
0.58267,-23.56,-224.53
0.58277,-28.32,-219.33
0.58287,-33.04,-213.82
0.58297,-37.71,-208.01
0.58307,-42.33,-201.91
0.58317,-46.88,-195.51
0.58327,-51.37,-188.84
0.58337,-55.79,-181.90
0.58347,-60.13,-174.70
0.58357,-64.39,-167.26
0.58367,-68.55,-159.57
0.58377,-72.61,-151.66
0.58387,-76.57,-143.53
0.58397,-80.43,-135.20
0.58407,-84.17,-126.68
0.58417,-87.78,-117.98
0.58427,-91.28,-109.11
0.58437,-94.64,-100.08
0.58447,-97.87,-90.91
0.58457,-100.96,-81.61
0.58467,-103.91,-72.20
0.58477,-106.71,-62.69
0.58487,-109.36,-53.08
0.58497,-111.85,-43.40
0.58507,-114.18,-33.66
0.58517,-116.35,-23.87
0.58527,-118.36,-14.04
0.58537,-120.20,-4.20
0.58547,-121.86,5.65
0.58557,-123.36,15.49
0.58567,-124.68,25.31
0.58577,-125.82,35.09
0.58587,-126.78,44.83
0.58597,-127.56,54.50
0.58607,-128.16,64.09
0.58617,-128.58,73.59
0.58627,-128.82,82.99
0.58637,-128.87,92.27
0.58647,-128.74,101.42
0.58657,-128.43,110.42
0.58667,-127.93,119.27
0.58677,-127.25,127.94
0.58687,-126.40,136.44
0.58697,-125.36,144.74
0.58707,-124.14,152.84
0.58717,-122.75,160.72
0.58727,-121.18,168.37
0.58737,-119.44,175.78
0.58747,-117.54,182.94
0.58757,-115.46,189.84
0.58767,-113.22,196.47
0.58777,-110.82,202.83
0.58787,-108.26,208.89
0.58797,-105.55,214.66
0.58807,-102.69,220.12
0.58817,-99.68,225.27
0.58827,-96.53,230.10
0.58837,-93.24,234.60
0.58847,-89.82,238.77
0.58857,-86.27,242.60
0.58867,-82.60,246.09
0.58877,-78.82,249.22
0.58887,-74.92,252.01
0.58897,-70.91,254.43
0.58907,-66.81,256.49
0.58917,-62.60,258.19
0.58927,-58.31,259.52
0.58937,-53.94,260.48
0.58947,-49.49,261.07
0.58957,-44.97,261.29
0.58967,-40.39,261.14
0.58977,-35.75,260.62
0.58987,-31.05,259.73
0.58997,-26.32,258.47
0.59007,-21.54,256.84
0.59017,-16.74,254.84
0.59027,-11.91,252.49
0.59037,-7.06,249.77
0.59047,-2.21,246.70
0.59057,2.65,243.28
0.59067,7.50,239.52
0.59077,12.35,235.41
0.59087,17.17,230.97
0.59097,21.98,226.20
0.59107,26.75,221.11
0.59117,31.48,215.71
0.59127,36.17,210.00
0.59137,40.80,203.99
0.59147,45.38,197.69
0.59157,49.90,191.11
0.59167,54.34,184.26
0.59177,58.71,177.14
0.59187,62.99,169.78
0.59197,67.18,162.17
0.59207,71.28,154.33
0.59217,75.28,146.28
0.59227,79.17,138.01
0.59237,82.94,129.55
0.59247,86.60,120.91
0.59257,90.14,112.09
0.59267,93.55,103.12
0.59277,96.82,93.99
0.59287,99.96,84.74
0.59297,102.96,75.36
0.59307,105.80,65.88
0.59317,108.50,56.30
0.59327,111.05,46.65
0.59337,113.44,36.92
0.59347,115.66,27.15
0.59357,117.72,17.33
0.59367,119.62,7.50
0.59377,121.34,-2.35
0.59387,122.89,-12.20
0.59397,124.27,-22.03
0.59407,125.47,-31.82
0.59417,126.49,-41.58
0.59427,127.33,-51.27
0.59437,128.00,-60.89
0.59447,128.48,-70.42
0.59457,128.77,-79.86
0.59467,128.89,-89.18
0.59477,128.82,-98.37
0.59487,128.56,-107.42
0.59497,128.13,-116.32
0.59507,127.51,-125.06
0.59517,126.71,-133.62
0.59527,125.74,-141.98
0.59537,124.58,-150.15
0.59547,123.25,-158.10
0.59557,121.74,-165.83
0.59567,120.06,-173.32
0.59577,118.20,-180.57
0.59587,116.18,-187.56
0.59597,114.00,-194.28
0.59607,111.65,-200.73
0.59617,109.14,-206.89
0.59627,106.48,-212.76
0.59637,103.67,-218.32
0.59647,100.71,-223.58
0.59657,97.61,-228.51
0.59667,94.36,-233.13
0.59677,90.99,-237.41
0.59687,87.48,-241.35
0.59697,83.85,-244.95
0.59707,80.10,-248.21
0.59717,76.24,-251.11
0.59727,72.27,-253.65
0.59737,68.20,-255.83
0.59747,64.03,-257.65
0.59757,59.77,-259.10
0.59767,55.42,-260.19
0.59777,50.99,-260.90
0.59787,46.50,-261.25
0.59797,41.93,-261.22
0.59807,37.31,-260.82
0.59817,32.63,-260.05
0.59827,27.91,-258.91
0.59837,23.15,-257.41
0.59847,18.35,-255.54
0.59857,13.53,-253.30
0.59867,8.69,-250.71
0.59877,3.84,-247.75
0.59887,-1.02,-244.45
0.59897,-5.87,-240.80
0.59907,-10.72,-236.81
0.59917,-15.56,-232.48
0.59927,-20.37,-227.82
0.59937,-25.15,-222.83
0.59947,-29.89,-217.53
0.59957,-34.60,-211.92
0.59967,-39.25,-206.01
0.59977,-43.85,-199.81
0.59987,-48.39,-193.32
0.59997,-52.86,-186.56
0.60007,-57.25,-179.53
0.60017,-61.56,-172.25
0.60027,-65.78,-164.72
0.60037,-69.91,-156.96
0.60047,-73.95,-148.97
0.60057,-77.87,-140.78
0.60067,-81.69,-132.38
0.60077,-85.39,-123.80
0.60087,-88.96,-115.04
0.60097,-92.41,-106.11
0.60107,-95.73,-97.04
0.60117,-98.92,-87.83
0.60127,-101.96,-78.49
0.60137,-104.86,-69.04
0.60147,-107.61,-59.49
0.60157,-110.21,-49.86
0.60167,-112.65,-40.16
0.60177,-114.93,-30.40
0.60187,-117.04,-20.60
0.60197,-118.99,-10.77
0.60207,-120.77,-0.92
0.60217,-122.38,8.93
0.60227,-123.82,18.77
0.60237,-125.08,28.58
0.60247,-126.16,38.34
0.60257,-127.06,48.06
0.60267,-127.78,57.70
0.60277,-128.32,67.27
0.60287,-128.68,76.74
0.60297,-128.86,86.10
0.60307,-128.85,95.33
0.60317,-128.66,104.43
0.60327,-128.28,113.39
0.60337,-127.73,122.18
0.60347,-126.99,130.80
0.60357,-126.07,139.23
0.60367,-124.97,147.46
0.60377,-123.70,155.49
0.60387,-122.25,163.29
0.60397,-120.62,170.86
0.60407,-118.83,178.19
0.60417,-116.86,185.27
0.60427,-114.73,192.08
0.60437,-112.44,198.62
0.60447,-109.98,204.88
0.60457,-107.37,210.85
0.60467,-104.61,216.51
0.60477,-101.70,221.87
0.60487,-98.64,226.92
0.60497,-95.45,231.64
0.60507,-92.12,236.03
0.60517,-88.65,240.09
0.60527,-85.06,243.80
0.60537,-81.35,247.17
0.60547,-77.53,250.19
0.60557,-73.59,252.85
0.60567,-69.55,255.16
0.60577,-65.42,257.10
0.60587,-61.18,258.67
0.60597,-56.87,259.88
0.60607,-52.47,260.72
0.60617,-47.99,261.19
0.60627,-43.45,261.28
0.60637,-38.85,261.01
0.60647,-34.19,260.36
0.60657,-29.48,259.35
0.60667,-24.73,257.96
0.60677,-19.94,256.21
0.60687,-15.13,254.10
0.60697,-10.30,251.62
0.60707,-5.45,248.79
0.60717,-0.59,245.60
0.60727,4.27,242.07
0.60737,9.12,238.19
0.60747,13.96,233.97
0.60757,18.78,229.42
0.60767,23.57,224.54
0.60777,28.33,219.34
0.60787,33.05,213.84
0.60797,37.72,208.03
0.60807,42.34,201.92
0.60817,46.90,195.52
0.60827,51.39,188.85
0.60837,55.81,181.91
0.60847,60.14,174.71
0.60857,64.40,167.27
0.60867,68.56,159.58
0.60877,72.62,151.67
0.60887,76.59,143.54
0.60897,80.44,135.21
0.60907,84.18,126.69
0.60917,87.80,117.99
0.60927,91.29,109.12
0.60937,94.65,100.09
0.60947,97.88,90.92
0.60957,100.97,81.63
0.60967,103.92,72.21
0.60977,106.72,62.70
0.60987,109.37,53.09
0.60997,111.86,43.41
0.61007,114.19,33.67
0.61017,116.37,23.88
0.61027,118.37,14.06
0.61037,120.21,4.21
0.61047,121.88,-5.64
0.61057,123.37,-15.48
0.61067,124.69,-25.30
0.61077,125.83,-35.08
0.61087,126.79,-44.82
0.61097,127.57,-54.49
0.61107,128.18,-64.08
0.61117,128.59,-73.58
0.61127,128.83,-82.98
0.61137,128.88,-92.26
0.61147,128.75,-101.40
0.61157,128.44,-110.41
0.61167,127.94,-119.25
0.61177,127.27,-127.93
0.61187,126.41,-136.43
0.61197,125.37,-144.73
0.61207,124.15,-152.83
0.61217,122.76,-160.71
0.61227,121.20,-168.36
0.61237,119.46,-175.77
0.61247,117.55,-182.93
0.61257,115.47,-189.83
0.61267,113.23,-196.46
0.61277,110.83,-202.81
0.61287,108.27,-208.88
0.61297,105.56,-214.65
0.61307,102.70,-220.11
0.61317,99.69,-225.26
0.61327,96.54,-230.09
0.61337,93.25,-234.59
0.61347,89.83,-238.76
0.61357,86.29,-242.59
0.61367,82.62,-246.08
0.61377,78.83,-249.21
0.61387,74.93,-251.99
0.61397,70.92,-254.42
0.61407,66.82,-256.48
0.61417,62.62,-258.18
0.61427,58.33,-259.51
0.61437,53.95,-260.47
0.61447,49.50,-261.06
0.61457,44.98,-261.28
0.61467,40.40,-261.13
0.61477,35.76,-260.61
0.61487,31.06,-259.71
0.61497,26.33,-258.45
0.61507,21.55,-256.82
0.61517,16.75,-254.83
0.61527,11.92,-252.48
0.61537,7.08,-249.76
0.61547,2.22,-246.69
0.61557,-2.64,-243.27
0.61567,-7.49,-239.51
0.61577,-12.34,-235.40
0.61587,-17.16,-230.96
0.61597,-21.96,-226.19
0.61607,-26.74,-221.10
0.61617,-31.47,-215.70
0.61627,-36.16,-209.98
0.61637,-40.79,-203.98
0.61647,-45.37,-197.68
0.61657,-49.89,-191.10
0.61667,-54.33,-184.24
0.61677,-58.70,-177.13
0.61687,-62.98,-169.77
0.61697,-67.17,-162.16
0.61707,-71.27,-154.32
0.61717,-75.27,-146.27
0.61727,-79.16,-138.00
0.61737,-82.93,-129.54
0.61747,-86.59,-120.90
0.61757,-90.13,-112.08
0.61767,-93.54,-103.11
0.61777,-96.81,-93.98
0.61787,-99.95,-84.73
0.61797,-102.94,-75.35
0.61807,-105.79,-65.87
0.61817,-108.49,-56.29
0.61827,-111.04,-46.64
0.61837,-113.42,-36.91
0.61847,-115.65,-27.14
0.61857,-117.71,-17.32
0.61867,-119.60,-7.48
0.61877,-121.33,2.36
0.61887,-122.88,12.21
0.61897,-124.26,22.04
0.61907,-125.46,31.84
0.61917,-126.48,41.59
0.61927,-127.32,51.28
0.61937,-127.98,60.90
0.61947,-128.46,70.43
0.61957,-128.76,79.87
0.61967,-128.87,89.19
0.61977,-128.81,98.38
0.61987,-128.55,107.43
0.61997,-128.12,116.34
0.62007,-127.50,125.07
0.62017,-126.70,133.63
0.62027,-125.73,142.00
0.62037,-124.57,150.16
0.62047,-123.23,158.11
0.62057,-121.73,165.84
0.62067,-120.04,173.34
0.62077,-118.19,180.58
0.62087,-116.17,187.57
0.62097,-113.98,194.29
0.62107,-111.64,200.74
0.62117,-109.13,206.90
0.62127,-106.47,212.77
0.62137,-103.66,218.33
0.62147,-100.70,223.59
0.62157,-97.59,228.53
0.62167,-94.35,233.14
0.62177,-90.98,237.42
0.62187,-87.47,241.36
0.62197,-83.84,244.96
0.62207,-80.09,248.22
0.62217,-76.23,251.12
0.62227,-72.26,253.66
0.62237,-68.19,255.84
0.62247,-64.02,257.66
0.62257,-59.75,259.11
0.62267,-55.41,260.20
0.62277,-50.98,260.91
0.62287,-46.49,261.26
0.62297,-41.92,261.23
0.62307,-37.30,260.83
0.62317,-32.62,260.06
0.62327,-27.90,258.93
0.62337,-23.14,257.42
0.62347,-18.34,255.55
0.62357,-13.52,253.31
0.62367,-8.68,250.72
0.62377,-3.83,247.77
0.62387,1.03,244.46
0.62397,5.89,240.81
0.62407,10.73,236.82
0.62417,15.57,232.49
0.62427,20.38,227.83
0.62437,25.16,222.84
0.62447,29.91,217.54
0.62457,34.61,211.93
0.62467,39.26,206.02
0.62477,43.86,199.82
0.62487,48.40,193.33
0.62497,52.87,186.57
0.62507,57.26,179.54
0.62517,61.57,172.26
0.62527,65.80,164.73
0.62537,69.93,156.97
0.62547,73.96,148.99
0.62557,77.88,140.79
0.62567,81.70,132.39
0.62577,85.40,123.81
0.62587,88.97,115.05
0.62597,92.43,106.12
0.62600,93.52,103.15
0.62605,196.09,73.80
0.62612,328.10,32.32
0.62622,515.98,-35.05
0.62632,688.05,-111.96
0.62642,843.77,-200.75
0.62652,983.93,-303.40
0.62662,1110.81,-420.59
0.62672,1226.09,-551.04
0.62682,1331.95,-691.66
0.62692,1430.49,-838.23
0.62702,1525.08,-986.36
0.62712,1619.71,-1132.18
0.62722,1719.08,-1272.72
0.62732,1827.33,-1405.84
0.62742,1947.50,-1530.00
0.62752,2080.89,-1644.16
0.62762,2227.03,-1747.76
0.62772,2384.09,-1840.99
0.62782,2549.09,-1925.01
0.62792,2718.65,-2002.06
0.62802,2888.69,-2075.25
0.62812,3055.23,-2148.23
0.62822,3213.76,-2224.57
0.62832,3360.37,-2307.43
0.62842,3491.14,-2399.17
0.62852,3603.56,-2501.36
0.62862,3695.72,-2614.69
0.62872,3767.61,-2739.15
0.62882,3819.89,-2873.94
0.62892,3854.93,-3017.64
0.62902,3875.27,-3168.01
0.62912,3884.64,-3322.29
0.62922,3886.29,-3477.24
0.62932,3884.11,-3629.65
0.62942,3880.98,-3776.45
0.62952,3879.92,-3915.23
0.62962,3882.51,-4044.17
0.62972,3890.07,-4162.31
0.62982,3902.34,-4269.32
0.62992,3918.66,-4365.62
0.63002,3937.00,-4452.13
0.63012,3955.18,-4530.33
0.63022,3970.14,-4602.00
0.63032,3979.17,-4669.21
0.63042,3979.29,-4733.93
0.63052,3968.30,-4797.98
0.63062,3944.29,-4862.65
0.63072,3906.37,-4928.70
0.63082,3854.20,-4996.23
0.63092,3788.47,-5064.76
0.63102,3710.47,-5133.22
0.63112,3622.23,-5200.16
0.63122,3526.17,-5263.79
0.63132,3424.99,-5322.14
0.63142,3321.40,-5373.23
0.63152,3217.80,-5415.24
0.63162,3116.23,-5446.69
0.63172,3017.98,-5466.57
0.63182,2923.76,-5474.48
0.63192,2833.37,-5470.57
0.63202,2746.07,-5455.63
0.63212,2660.27,-5430.88
0.63222,2574.15,-5397.99
0.63232,2485.27,-5358.82
0.63242,2391.38,-5315.39
0.63252,2290.00,-5269.63
0.63262,2179.30,-5223.30
0.63272,2057.61,-5177.74
0.63282,1924.23,-5133.89
0.63292,1778.80,-5092.08
0.63302,1622.05,-5052.15
0.63312,1455.02,-5013.36
0.63322,1279.66,-4974.59
0.63332,1098.03,-4934.31
0.63342,912.77,-4890.87
0.63352,726.28,-4842.46
0.63362,541.18,-4787.42
0.63372,359.47,-4724.26
0.63382,182.99,-4651.87
0.63392,12.78,-4569.51
0.63402,-150.52,-4477.01
0.63412,-307.08,-4374.59
0.63422,-457.45,-4263.01
0.63432,-602.80,-4143.33
0.63442,-744.50,-4016.94
0.63452,-884.23,-3885.37
0.63462,-1023.58,-3750.21
0.63472,-1164.11,-3612.96
0.63482,-1306.98,-3474.93
0.63492,-1453.05,-3337.14
0.63502,-1602.62,-3200.26
0.63512,-1755.52,-3064.55
0.63522,-1911.05,-2929.91
0.63532,-2068.11,-2795.91
0.63542,-2225.22,-2661.84
0.63552,-2380.70,-2526.81
0.63562,-2532.79,-2389.87
0.63572,-2679.77,-2250.11
0.63582,-2820.15,-2106.74
0.63592,-2952.70,-1959.20
0.63602,-3076.67,-1807.23
0.63612,-3191.67,-1650.90
0.63622,-3297.87,-1490.64
0.63632,-3395.78,-1327.20
0.63642,-3486.37,-1161.61
0.63652,-3570.76,-995.09
0.63662,-3650.34,-828.98
0.63672,-3726.41,-664.63
0.63682,-3800.26,-503.31
0.63692,-3872.86,-346.10
0.63702,-3944.97,-193.85
0.63712,-4016.84,-47.11
0.63722,-4088.44,93.91
0.63732,-4159.19,229.32
0.63742,-4228.26,359.55
0.63752,-4294.43,485.25
0.63762,-4356.35,607.25
0.63772,-4412.51,726.47
0.63782,-4461.50,843.82
0.63792,-4501.98,960.13
0.63802,-4532.91,1076.04
0.63812,-4553.53,1191.99
0.63822,-4563.47,1308.11
0.63832,-4562.74,1424.27
0.63842,-4551.74,1540.03
0.63852,-4531.20,1654.72
0.63862,-4502.11,1767.44
0.63872,-4465.64,1877.19
0.63882,-4423.01,1982.88
0.63892,-4375.46,2083.48
0.63902,-4324.05,2178.03
0.63912,-4269.69,2265.74
0.63922,-4212.97,2346.03
0.63932,-4154.21,2418.58
0.63942,-4093.39,2483.31
0.63952,-4030.22,2540.38
0.63962,-3964.13,2590.16
0.63972,-3894.42,2633.19
0.63982,-3820.21,2670.10
0.63992,-3740.70,2701.56
0.64002,-3655.07,2728.21
0.64012,-3562.73,2750.57
0.64022,-3463.24,2769.06
0.64032,-3356.48,2783.88
0.64042,-3242.56,2795.05
0.64052,-3121.91,2802.40
0.64062,-2995.16,2805.57
0.64072,-2863.21,2804.04
0.64082,-2727.03,2797.24
0.64092,-2587.71,2784.52
0.64102,-2446.26,2765.26
0.64112,-2303.65,2738.95
0.64122,-2160.66,2705.16
0.64132,-2017.88,2663.67
0.64142,-1875.65,2614.42
0.64152,-1734.08,2557.59
0.64162,-1592.99,2493.52
0.64172,-1452.06,2422.73
0.64182,-1310.76,2345.88
0.64192,-1168.50,2263.71
0.64202,-1024.65,2176.98
0.64212,-878.63,2086.45
0.64222,-729.97,1992.78
0.64232,-578.38,1896.51
0.64242,-423.76,1798.06
0.64252,-266.25,1697.64
0.64262,-106.20,1595.32
0.64272,55.79,1490.98
0.64282,218.97,1384.38
0.64292,382.46,1275.19
0.64302,545.28,1162.98
0.64312,706.49,1047.36
0.64322,865.15,927.96
0.64332,1020.47,804.48
0.64342,1171.81,676.77
0.64352,1318.71,544.79
0.64362,1460.90,408.69
0.64372,1598.34,268.74
0.64382,1731.16,125.39
0.64392,1859.63,-20.81
0.64402,1984.13,-169.24
0.64412,2105.10,-319.21
0.64422,2222.95,-470.04
0.64432,2338.07,-621.09
0.64442,2450.71,-771.79
0.64452,2561.01,-921.68
0.64462,2668.96,-1070.41
0.64472,2774.36,-1217.79
0.64482,2876.87,-1363.70
0.64492,2976.01,-1508.18
0.64502,3071.20,-1651.33
0.64512,3161.81,-1793.31
0.64522,3247.19,-1934.28
0.64532,3326.74,-2074.42
0.64542,3399.92,-2213.82
0.64552,3466.32,-2352.52
0.64562,3525.69,-2490.44
0.64572,3577.91,-2627.39
0.64582,3623.04,-2763.09
0.64592,3661.27,-2897.13
0.64602,3692.92,-3029.04
0.64612,3718.40,-3158.27
0.64622,3738.17,-3284.26
0.64632,3752.68,-3406.44
0.64642,3762.36,-3524.29
0.64652,3767.55,-3637.35
0.64662,3768.50,-3745.26
0.64672,3765.34,-3847.75
0.64682,3758.04,-3944.67
0.64692,3746.48,-4035.99
0.64702,3730.41,-4121.78
0.64712,3709.48,-4202.19
0.64722,3683.31,-4277.41
0.64732,3651.49,-4347.68
0.64742,3613.63,-4413.24
0.64752,3569.41,-4474.30
0.64762,3518.58,-4531.00
0.64772,3461.01,-4583.42
0.64782,3396.71,-4631.57
0.64792,3325.81,-4675.34
0.64802,3248.56,-4714.58
0.64812,3165.33,-4749.01
0.64822,3076.57,-4778.36
0.64832,2982.78,-4802.28
0.64842,2884.48,-4820.43
0.64852,2782.18,-4832.50
0.64862,2676.35,-4838.21
0.64872,2567.38,-4837.35
0.64882,2455.58,-4829.79
0.64892,2341.15,-4815.49
0.64902,2224.20,-4794.50
0.64912,2104.76,-4766.94
0.64922,1982.75,-4733.01
0.64932,1858.08,-4692.96
0.64942,1730.61,-4647.09
0.64952,1600.20,-4595.69
0.64962,1466.76,-4539.05
0.64972,1330.26,-4477.43
0.64982,1190.71,-4411.03
0.64992,1048.26,-4340.01
0.65002,903.12,-4264.47
0.65012,755.60,-4184.42
0.65022,606.10,-4099.87
0.65032,455.07,-4010.73
0.65042,303.01,-3916.93
0.65052,150.42,-3818.37
0.65062,-2.19,-3714.99
0.65072,-154.35,-3606.74
0.65082,-305.68,-3493.63
0.65092,-455.82,-3375.73
0.65102,-604.54,-3253.18
0.65112,-751.67,-3126.19
0.65122,-897.12,-2995.03
0.65132,-1040.86,-2860.03
0.65142,-1182.95,-2721.58
0.65152,-1323.43,-2580.07
0.65162,-1462.38,-2435.91
0.65172,-1599.84,-2289.51
0.65182,-1735.84,-2141.24
0.65192,-1870.33,-1991.46
0.65202,-2003.22,-1840.43
0.65212,-2134.32,-1688.41
0.65222,-2263.39,-1535.56
0.65232,-2390.12,-1382.02
0.65242,-2514.16,-1227.87
0.65252,-2635.10,-1073.16
0.65262,-2752.54,-917.95
0.65272,-2866.08,-762.27
0.65282,-2975.34,-606.17
0.65292,-3080.00,-449.74
0.65302,-3179.78,-293.11
0.65312,-3274.48,-136.45
0.65322,-3363.97,20.02
0.65332,-3448.20,176.02
0.65342,-3527.16,331.26
0.65352,-3600.90,485.38
0.65362,-3669.52,638.01
0.65372,-3733.13,788.78
0.65382,-3791.83,937.32
0.65392,-3845.70,1083.28
0.65402,-3894.82,1226.35
0.65412,-3939.20,1366.24
0.65422,-3978.81,1502.72
0.65432,-4013.56,1635.61
0.65442,-4043.35,1764.77
0.65452,-4068.01,1890.09
0.65462,-4087.36,2011.51
0.65472,-4101.20,2128.98
0.65482,-4109.35,2242.45
0.65492,-4111.64,2351.88
0.65502,-4107.93,2457.21
0.65512,-4098.15,2558.37
0.65522,-4082.27,2655.23
0.65532,-4060.30,2747.68
0.65542,-4032.34,2835.52
0.65552,-3998.53,2918.58
0.65562,-3959.03,2996.62
0.65572,-3914.07,3069.43
0.65582,-3863.87,3136.77
0.65592,-3808.66,3198.42
0.65602,-3748.67,3254.19
0.65612,-3684.10,3303.91
0.65622,-3615.11,3347.44
0.65632,-3541.85,3384.71
0.65642,-3464.39,3415.66
0.65652,-3382.81,3440.29
0.65662,-3297.12,3458.64
0.65672,-3207.31,3470.78
0.65682,-3113.40,3476.80
0.65692,-3015.35,3476.82
0.65702,-2913.17,3470.94
0.65712,-2806.89,3459.26
0.65722,-2696.57,3441.89
0.65732,-2582.30,3418.91
0.65742,-2464.23,3390.36
0.65752,-2342.55,3356.28
0.65762,-2217.49,3316.68
0.65772,-2089.32,3271.56
0.65782,-1958.32,3220.91
0.65792,-1824.81,3164.70
0.65802,-1689.10,3102.93
0.65812,-1551.51,3035.60
0.65822,-1412.32,2962.73
0.65832,-1271.81,2884.37
0.65842,-1130.21,2800.61
0.65852,-987.73,2711.57
0.65862,-844.55,2617.38
0.65872,-700.81,2518.24
0.65882,-556.63,2414.36
0.65892,-412.12,2305.95
0.65902,-267.37,2193.27
0.65912,-122.49,2076.55
0.65922,22.40,1956.04
0.65932,167.19,1831.98
0.65942,311.70,1704.59
0.65952,455.76,1574.08
0.65962,599.16,1440.62
0.65972,741.64,1304.39
0.65982,882.94,1165.55
0.65992,1022.79,1024.25
0.66002,1160.89,880.61
0.66012,1296.95,734.77
0.66022,1430.70,586.90
0.66032,1561.86,437.14
0.66042,1690.19,285.68
0.66052,1815.49,132.71
0.66062,1937.58,-21.55
0.66072,2056.29,-176.84
0.66082,2171.52,-332.91
0.66092,2283.18,-489.47
0.66102,2391.18,-646.23
0.66112,2495.47,-802.88
0.66122,2595.99,-959.12
0.66132,2692.69,-1114.66
0.66142,2785.49,-1269.21
0.66152,2874.33,-1422.50
0.66162,2959.11,-1574.28
0.66172,3039.70,-1724.32
0.66182,3115.99,-1872.41
0.66192,3187.81,-2018.36
0.66202,3255.03,-2162.01
0.66212,3317.47,-2303.18
0.66222,3374.97,-2441.74
0.66232,3427.39,-2577.52
0.66242,3474.59,-2710.38
0.66252,3516.46,-2840.16
0.66262,3552.91,-2966.70
0.66272,3583.87,-3089.82
0.66282,3609.33,-3209.33
0.66292,3629.27,-3325.03
0.66302,3643.71,-3436.73
0.66312,3652.70,-3544.21
0.66322,3656.30,-3647.26
0.66332,3654.58,-3745.68
0.66342,3647.60,-3839.27
0.66352,3635.43,-3927.85
0.66362,3618.14,-4011.25
0.66372,3595.78,-4089.33
0.66382,3568.40,-4161.97
0.66392,3536.02,-4229.06
0.66402,3498.67,-4290.52
0.66412,3456.37,-4346.30
0.66422,3409.12,-4396.35
0.66432,3356.94,-4440.63
0.66442,3299.86,-4479.13
0.66452,3237.90,-4511.82
0.66462,3171.12,-4538.68
0.66472,3099.59,-4559.70
0.66482,3023.40,-4574.85
0.66492,2942.67,-4584.10
0.66502,2857.54,-4587.44
0.66512,2768.15,-4584.82
0.66522,2674.70,-4576.22
0.66532,2577.36,-4561.60
0.66542,2476.33,-4540.95
0.66552,2371.81,-4514.25
0.66562,2264.00,-4481.50
0.66572,2153.08,-4442.73
0.66582,2039.24,-4397.97
0.66592,1922.66,-4347.27
0.66602,1803.49,-4290.72
0.66612,1681.88,-4228.41
0.66622,1557.99,-4160.45
0.66632,1431.93,-4086.98
0.66642,1303.86,-4008.13
0.66652,1173.91,-3924.05
0.66662,1042.21,-3834.91
0.66672,908.93,-3740.86
0.66682,774.22,-3642.06
0.66692,638.26,-3538.67
0.66702,501.24,-3430.84
0.66712,363.36,-3318.72
0.66722,224.85,-3202.47
0.66732,85.93,-3082.22
0.66742,-53.17,-2958.13
0.66752,-192.20,-2830.35
0.66762,-330.94,-2699.02
0.66772,-469.13,-2564.33
0.66782,-606.57,-2426.43
0.66792,-743.04,-2285.52
0.66802,-878.33,-2141.79
0.66812,-1012.25,-1995.46
0.66822,-1144.64,-1846.75
0.66832,-1275.32,-1695.88
0.66842,-1404.14,-1543.12
0.66852,-1530.97,-1388.70
0.66862,-1655.65,-1232.88
0.66872,-1778.04,-1075.92
0.66882,-1898.02,-918.06
0.66892,-2015.43,-759.57
0.66902,-2130.13,-600.69
0.66912,-2241.97,-441.65
0.66922,-2350.78,-282.69
0.66932,-2456.40,-124.03
0.66942,-2558.67,34.11
0.66952,-2657.42,191.52
0.66962,-2752.48,348.00
0.66972,-2843.70,503.33
0.66982,-2930.92,657.31
0.66992,-3014.00,809.72
0.67002,-3092.80,960.37
0.67012,-3167.23,1109.04
0.67022,-3237.17,1255.51
0.67032,-3302.54,1399.55
0.67042,-3363.28,1540.95
0.67052,-3419.32,1679.48
0.67062,-3470.62,1814.91
0.67072,-3517.14,1947.04
0.67082,-3558.84,2075.63
0.67092,-3595.71,2200.50
0.67102,-3627.71,2321.43
0.67112,-3654.82,2438.24
0.67122,-3677.01,2550.76
0.67132,-3694.26,2658.83
0.67142,-3706.52,2762.29
0.67152,-3713.78,2861.01
0.67162,-3716.00,2954.87
0.67172,-3713.16,3043.74
0.67182,-3705.25,3127.53
0.67192,-3692.26,3206.13
0.67202,-3674.18,3279.45
0.67212,-3651.02,3347.39
0.67222,-3622.82,3409.87
0.67232,-3589.61,3466.81
0.67242,-3551.44,3518.13
0.67252,-3508.38,3563.74
0.67262,-3460.50,3603.58
0.67272,-3407.91,3637.58
0.67282,-3350.69,3665.68
0.67292,-3288.94,3687.81
0.67302,-3222.78,3703.95
0.67312,-3152.32,3714.06
0.67322,-3077.68,3718.12
0.67332,-2998.95,3716.12
0.67342,-2916.27,3708.07
0.67352,-2829.73,3693.99
0.67362,-2739.46,3673.91
0.67372,-2645.56,3647.88
0.67382,-2548.15,3615.95
0.67392,-2447.36,3578.20
0.67402,-2343.30,3534.68
0.67412,-2236.11,3485.49
0.67422,-2125.93,3430.72
0.67432,-2012.90,3370.44
0.67442,-1897.18,3304.76
0.67452,-1778.94,3233.78
0.67462,-1658.35,3157.59
0.67472,-1535.60,3076.31
0.67482,-1410.87,2990.05
0.67492,-1284.35,2898.93
0.67502,-1156.25,2803.06
0.67512,-1026.76,2702.58
0.67522,-896.08,2597.64
0.67532,-764.39,2488.37
0.67542,-631.90,2374.95
0.67552,-498.79,2257.54
0.67562,-365.23,2136.31
0.67572,-231.42,2011.45
0.67582,-97.53,1883.17
0.67592,36.28,1751.67
0.67602,169.83,1617.15
0.67612,302.95,1479.82
0.67622,435.46,1339.92
0.67632,567.21,1197.65
0.67642,698.02,1053.23
0.67652,827.70,906.89
0.67662,956.09,758.85
0.67672,1083.00,609.32
0.67682,1208.25,458.53
0.67692,1331.66,306.69
0.67702,1453.05,154.03
0.67712,1572.23,0.75
0.67722,1689.05,-152.92
0.67732,1803.32,-306.76
0.67742,1914.87,-460.54
0.67752,2023.57,-614.05
0.67762,2129.25,-767.05
0.67772,2231.77,-919.31
0.67782,2331.01,-1070.61
0.67792,2426.83,-1220.72
0.67802,2519.12,-1369.40
0.67812,2607.76,-1516.42
0.67822,2692.66,-1661.56
0.67832,2773.70,-1804.60
0.67842,2850.79,-1945.31
0.67852,2923.84,-2083.48
0.67862,2992.75,-2218.91
0.67872,3057.42,-2351.39
0.67882,3117.78,-2480.73
0.67892,3173.74,-2606.75
0.67902,3225.21,-2729.26
0.67912,3272.13,-2848.10
0.67922,3314.41,-2963.10
0.67932,3351.99,-3074.10
0.67942,3384.82,-3180.95
0.67952,3412.84,-3283.49
0.67962,3436.01,-3381.59
0.67972,3454.31,-3475.10
0.67982,3467.71,-3563.88
0.67992,3476.20,-3647.82
0.68002,3479.78,-3726.78
0.68012,3478.45,-3800.65
0.68022,3472.22,-3869.31
0.68032,3461.12,-3932.67
0.68042,3445.18,-3990.61
0.68052,3424.42,-4043.06
0.68062,3398.89,-4089.93
0.68072,3368.63,-4131.16
0.68082,3333.68,-4166.69
0.68092,3294.10,-4196.47
0.68102,3249.94,-4220.47
0.68112,3201.25,-4238.65
0.68122,3148.11,-4251.00
0.68132,3090.59,-4257.51
0.68142,3028.74,-4258.17
0.68152,2962.67,-4253.01
0.68162,2892.45,-4242.03
0.68172,2818.18,-4225.26
0.68182,2739.96,-4202.73
0.68192,2657.91,-4174.47
0.68202,2572.15,-4140.53
0.68212,2482.80,-4100.96
0.68222,2389.99,-4055.81
0.68232,2293.86,-4005.16
0.68242,2194.55,-3949.07
0.68252,2092.22,-3887.62
0.68262,1987.01,-3820.91
0.68272,1879.08,-3749.02
0.68282,1768.58,-3672.07
0.68292,1655.68,-3590.17
0.68302,1540.51,-3503.44
0.68312,1423.26,-3412.02
0.68322,1304.07,-3316.05
0.68332,1183.11,-3215.67
0.68342,1060.54,-3111.05
0.68352,936.52,-3002.34
0.68362,811.23,-2889.70
0.68372,684.82,-2773.33
0.68382,557.47,-2653.39
0.68392,429.36,-2530.06
0.68402,300.65,-2403.53
0.68412,171.53,-2273.99
0.68422,42.18,-2141.63
0.68432,-87.23,-2006.65
0.68442,-216.50,-1869.25
0.68452,-345.46,-1729.61
0.68462,-473.93,-1587.96
0.68472,-601.73,-1444.50
0.68482,-728.67,-1299.43
0.68492,-854.58,-1152.96
0.68502,-979.28,-1005.33
0.68512,-1102.62,-856.73
0.68522,-1224.41,-707.41
0.68532,-1344.51,-557.56
0.68542,-1462.75,-407.43
0.68552,-1578.97,-257.24
0.68562,-1693.02,-107.20
0.68572,-1804.76,42.45
0.68582,-1914.03,191.49
0.68592,-2020.69,339.71
0.68602,-2124.60,486.88
0.68612,-2225.61,632.79
0.68622,-2323.60,777.23
0.68632,-2418.42,919.99
0.68642,-2509.95,1060.86
0.68652,-2598.05,1199.66
0.68662,-2682.61,1336.17
0.68672,-2763.49,1470.21
0.68682,-2840.59,1601.59
0.68692,-2913.80,1730.13
0.68702,-2983.01,1855.64
0.68712,-3048.12,1977.96
0.68722,-3109.05,2096.90
0.68732,-3165.72,2212.30
0.68742,-3218.04,2323.99
0.68752,-3265.95,2431.82
0.68762,-3309.38,2535.64
0.68772,-3348.28,2635.30
0.68782,-3382.59,2730.65
0.68792,-3412.28,2821.57
0.68802,-3437.31,2907.92
0.68812,-3457.63,2989.58
0.68822,-3473.23,3066.45
0.68832,-3484.08,3138.42
0.68842,-3490.17,3205.39
0.68852,-3491.49,3267.28
0.68862,-3488.02,3323.99
0.68872,-3479.78,3375.48
0.68882,-3466.77,3421.65
0.68892,-3449.00,3462.47
0.68902,-3426.51,3497.88
0.68912,-3399.31,3527.83
0.68922,-3367.44,3552.30
0.68932,-3330.95,3571.26
0.68942,-3289.89,3584.68
0.68952,-3244.32,3592.55
0.68962,-3194.30,3594.88
0.68972,-3139.91,3591.65
0.68982,-3081.23,3582.88
0.68992,-3018.34,3568.58
0.69002,-2951.33,3548.79
0.69012,-2880.31,3523.54
0.69022,-2805.36,3492.86
0.69032,-2726.60,3456.82
0.69042,-2644.14,3415.46
0.69052,-2558.08,3368.87
0.69062,-2468.56,3317.10
0.69072,-2375.69,3260.26
0.69082,-2279.59,3198.42
0.69092,-2180.41,3131.70
0.69102,-2078.27,3060.20
0.69112,-1973.31,2984.02
0.69122,-1865.67,2903.30
0.69132,-1755.51,2818.16
0.69142,-1642.96,2728.73
0.69152,-1528.20,2635.14
0.69162,-1411.36,2537.55
0.69172,-1292.62,2436.11
0.69182,-1172.14,2330.95
0.69192,-1050.09,2222.26
0.69202,-926.63,2110.18
0.69212,-801.94,1994.90
0.69222,-676.18,1876.57
0.69232,-549.53,1755.39
0.69242,-422.17,1631.53
0.69252,-294.25,1505.18
0.69262,-165.97,1376.53
0.69272,-37.49,1245.78
0.69282,91.01,1113.12
0.69292,219.37,978.75
0.69302,347.41,842.88
0.69312,474.96,705.71
0.69322,601.84,567.44
0.69332,727.90,428.28
0.69342,852.95,288.44
0.69352,976.82,148.13
0.69362,1099.36,7.55
0.69372,1220.39,-133.10
0.69382,1339.75,-273.60
0.69392,1457.27,-413.76
0.69402,1572.78,-553.36
0.69412,1686.14,-692.22
0.69422,1797.18,-830.12
0.69432,1905.74,-966.88
0.69442,2011.68,-1102.29
0.69452,2114.85,-1236.16
0.69462,2215.11,-1368.31
0.69472,2312.32,-1498.54
0.69482,2406.33,-1626.66
0.69492,2497.04,-1752.50
0.69502,2584.30,-1875.87
0.69512,2668.00,-1996.61
0.69522,2748.03,-2114.53
0.69532,2824.27,-2229.47
0.69542,2896.62,-2341.26
0.69552,2964.98,-2449.76
0.69562,3029.25,-2554.81
0.69572,3089.34,-2656.26
0.69582,3145.18,-2753.98
0.69592,3196.67,-2847.82
0.69602,3243.74,-2937.66
0.69612,3286.34,-3023.38
0.69622,3324.39,-3104.86
0.69632,3357.84,-3181.99
0.69642,3386.64,-3254.66
0.69652,3410.75,-3322.78
0.69662,3430.13,-3386.27
0.69672,3444.76,-3445.02
0.69682,3454.61,-3498.97
0.69692,3459.67,-3548.05
0.69702,3459.94,-3592.18
0.69712,3455.41,-3631.32
0.69722,3446.08,-3665.41
0.69732,3431.98,-3694.41
0.69742,3413.13,-3718.28
0.69752,3389.54,-3737.00
0.69762,3361.25,-3750.54
0.69772,3328.31,-3758.89
0.69782,3290.76,-3762.04
0.69792,3248.64,-3760.01
0.69802,3202.02,-3752.80
0.69812,3150.96,-3740.42
0.69822,3095.52,-3722.92
0.69832,3035.79,-3700.30
0.69842,2971.85,-3672.63
0.69852,2903.77,-3639.95
0.69862,2831.65,-3602.32
0.69872,2755.59,-3559.79
0.69882,2675.69,-3512.44
0.69892,2592.06,-3460.35
0.69902,2504.81,-3403.59
0.69912,2414.06,-3342.27
0.69922,2319.94,-3276.46
0.69932,2222.58,-3206.29
0.69942,2122.10,-3131.85
0.69952,2018.64,-3053.27
0.69962,1912.35,-2970.65
0.69972,1803.37,-2884.14
0.69982,1691.85,-2793.85
0.69992,1577.93,-2699.94
0.70002,1461.78,-2602.54
0.70012,1343.54,-2501.79
0.70022,1223.38,-2397.86
0.70032,1101.47,-2290.90
0.70042,977.96,-2181.07
0.70052,853.02,-2068.53
0.70062,726.82,-1953.45
0.70072,599.54,-1836.01
0.70082,471.33,-1716.38
0.70092,342.39,-1594.73
0.70102,212.88,-1471.25
0.70112,82.98,-1346.11
0.70122,-47.13,-1219.50
0.70132,-177.27,-1091.59
0.70142,-307.26,-962.58
0.70152,-436.92,-832.66
0.70162,-566.08,-702.00
0.70172,-694.55,-570.79
0.70182,-822.15,-439.22
0.70192,-948.71,-307.48
0.70202,-1074.06,-175.76
0.70212,-1198.00,-44.24
0.70222,-1320.38,86.90
0.70232,-1441.02,217.47
0.70242,-1559.76,347.28
0.70252,-1676.42,476.15
0.70262,-1790.84,603.91
0.70272,-1902.87,730.37
0.70282,-2012.34,855.36
0.70292,-2119.10,978.70
0.70302,-2223.00,1100.22
0.70312,-2323.89,1219.76
0.70322,-2421.63,1337.15
0.70332,-2516.08,1452.23
0.70342,-2607.10,1564.84
0.70352,-2694.57,1674.84
0.70362,-2778.36,1782.06
0.70372,-2858.34,1886.36
0.70382,-2934.41,1987.60
0.70392,-3006.45,2085.65
0.70402,-3074.36,2180.38
0.70412,-3138.05,2271.65
0.70422,-3197.41,2359.34
0.70432,-3252.37,2443.33
0.70442,-3302.84,2523.52
0.70452,-3348.75,2599.79
0.70462,-3390.04,2672.05
0.70472,-3426.65,2740.20
0.70482,-3458.53,2804.14
0.70492,-3485.62,2863.80
0.70502,-3507.89,2919.10
0.70512,-3525.30,2969.96
0.70522,-3537.83,3016.33
0.70532,-3545.47,3058.14
0.70542,-3548.18,3095.34
0.70552,-3545.98,3127.89
0.70562,-3538.86,3155.75
0.70572,-3526.83,3178.90
0.70582,-3509.89,3197.30
0.70592,-3488.08,3210.93
0.70602,-3461.41,3219.80
0.70612,-3429.93,3223.90
0.70622,-3393.66,3223.23
0.70632,-3352.67,3217.80
0.70642,-3307.00,3207.63
0.70652,-3256.70,3192.75
0.70662,-3201.86,3173.18
0.70672,-3142.54,3148.97
0.70682,-3078.82,3120.15
0.70692,-3010.78,3086.79
0.70702,-2938.52,3048.93
0.70712,-2862.13,3006.64
0.70722,-2781.71,2959.99
0.70732,-2697.37,2909.07
0.70742,-2609.23,2853.94
0.70752,-2517.39,2794.70
0.70762,-2421.99,2731.45
0.70772,-2323.14,2664.28
0.70782,-2220.99,2593.30
0.70792,-2115.66,2518.63
0.70802,-2007.31,2440.36
0.70812,-1896.07,2358.64
0.70822,-1782.09,2273.57
0.70832,-1665.54,2185.30
0.70842,-1546.56,2093.94
0.70852,-1425.32,1999.65
0.70862,-1301.98,1902.55
0.70872,-1176.72,1802.80
0.70882,-1049.70,1700.54
0.70892,-921.09,1595.92
0.70902,-791.08,1489.09
0.70912,-659.85,1380.22
0.70922,-527.57,1269.44
0.70932,-394.43,1156.93
0.70942,-260.61,1042.85
0.70952,-126.30,927.36
0.70962,8.31,810.63
0.70972,143.04,692.81
0.70982,277.69,574.09
0.70992,412.09,454.61
0.71002,546.03,334.57
0.71012,679.34,214.11
0.71022,811.82,93.42
0.71032,943.30,-27.34
0.71042,1073.57,-148.00
0.71052,1202.46,-268.39
0.71062,1329.79,-388.35
0.71072,1455.38,-507.71
0.71082,1579.04,-626.30
0.71092,1700.59,-743.97
0.71102,1819.88,-860.54
0.71112,1936.72,-975.86
0.71122,2050.95,-1089.78
0.71132,2162.41,-1202.13
0.71142,2270.93,-1312.76
0.71152,2376.36,-1421.51
0.71162,2478.56,-1528.26
0.71172,2577.36,-1632.83
0.71182,2672.64,-1735.10
0.71192,2764.25,-1834.93
0.71202,2852.06,-1932.17
0.71212,2935.95,-2026.70
0.71222,3015.80,-2118.40
0.71232,3091.49,-2207.12
0.71242,3162.91,-2292.76
0.71252,3229.96,-2375.21
0.71262,3292.55,-2454.34
0.71272,3350.57,-2530.06
0.71282,3403.96,-2602.27
0.71292,3452.62,-2670.86
0.71302,3496.48,-2735.76
0.71312,3535.49,-2796.87
0.71322,3569.59,-2854.12
0.71332,3598.71,-2907.43
0.71342,3622.82,-2956.73
0.71352,3641.89,-3001.97
0.71362,3655.86,-3043.09
0.71372,3664.74,-3080.03
0.71382,3668.49,-3112.76
0.71392,3667.10,-3141.24
0.71402,3660.59,-3165.43
0.71412,3648.94,-3185.31
0.71422,3632.17,-3200.85
0.71432,3610.29,-3212.06
0.71442,3583.34,-3218.91
0.71452,3551.35,-3221.42
0.71462,3514.35,-3219.57
0.71472,3472.40,-3213.40
0.71482,3425.53,-3202.90
0.71492,3373.82,-3188.12
0.71502,3317.33,-3169.07
0.71512,3256.13,-3145.80
0.71522,3190.30,-3118.34
0.71532,3119.93,-3086.74
0.71542,3045.11,-3051.06
0.71552,2965.93,-3011.35
0.71562,2882.51,-2967.68
0.71572,2794.95,-2920.12
0.71582,2703.37,-2868.74
0.71592,2607.90,-2813.62
0.71602,2508.66,-2754.84
0.71612,2405.78,-2692.49
0.71622,2299.41,-2626.67
0.71632,2189.69,-2557.48
0.71642,2076.78,-2485.01
0.71652,1960.81,-2409.37
0.71662,1841.97,-2330.67
0.71672,1720.40,-2249.03
0.71682,1596.28,-2164.55
0.71692,1469.78,-2077.37
0.71702,1341.08,-1987.60
0.71712,1210.35,-1895.38
0.71722,1077.78,-1800.83
0.71732,943.55,-1704.08
0.71742,807.85,-1605.28
0.71752,670.88,-1504.56
0.71762,532.82,-1402.05
0.71772,393.87,-1297.90
0.71782,254.23,-1192.26
0.71792,114.09,-1085.27
0.71802,-26.34,-977.08
0.71812,-166.87,-867.84
0.71822,-307.30,-757.69
0.71832,-447.42,-646.79
0.71842,-587.05,-535.29
0.71852,-725.97,-423.34
0.71862,-863.98,-311.10
0.71872,-1000.90,-198.71
0.71882,-1136.53,-86.33
0.71892,-1270.67,25.88
0.71902,-1403.13,137.78
0.71912,-1533.71,249.22
0.71922,-1662.24,360.03
0.71932,-1788.53,470.08
0.71942,-1912.39,579.20
0.71952,-2033.66,687.26
0.71962,-2152.15,794.11
0.71972,-2267.69,899.60
0.71982,-2380.13,1003.59
0.71992,-2489.29,1105.95
0.72002,-2595.02,1206.52
0.72012,-2697.17,1305.18
0.72022,-2795.60,1401.79
0.72032,-2890.15,1496.23
0.72042,-2980.69,1588.37
0.72052,-3067.10,1678.08
0.72062,-3149.24,1765.24
0.72072,-3227.00,1849.75
0.72082,-3300.26,1931.48
0.72092,-3368.91,2010.34
0.72102,-3432.86,2086.21
0.72112,-3492.01,2159.00
0.72122,-3546.27,2228.61
0.72132,-3595.57,2294.95
0.72142,-3639.82,2357.94
0.72152,-3678.95,2417.50
0.72162,-3712.92,2473.54
0.72172,-3741.67,2526.01
0.72182,-3765.14,2574.83
0.72192,-3783.30,2619.95
0.72202,-3796.13,2661.31
0.72212,-3803.58,2698.86
0.72222,-3805.66,2732.56
0.72232,-3802.34,2762.36
0.72242,-3793.63,2788.25
0.72252,-3779.53,2810.18
0.72262,-3760.05,2828.13
0.72272,-3735.22,2842.09
0.72282,-3705.07,2852.06
0.72292,-3669.62,2858.01
0.72302,-3628.92,2859.96
0.72312,-3583.02,2857.91
0.72322,-3531.98,2851.86
0.72332,-3475.86,2841.84
0.72342,-3414.75,2827.86
0.72352,-3348.70,2809.95
0.72362,-3277.83,2788.15
0.72372,-3202.21,2762.49
0.72382,-3121.94,2733.00
0.72392,-3037.15,2699.74
0.72402,-2947.94,2662.76
0.72412,-2854.42,2622.12
0.72422,-2756.74,2577.86
0.72432,-2655.02,2530.07
0.72442,-2549.41,2478.80
0.72452,-2440.05,2424.14
0.72462,-2327.08,2366.16
0.72472,-2210.68,2304.94
0.72482,-2091.00,2240.57
0.72492,-1968.20,2173.14
0.72502,-1842.46,2102.74
0.72512,-1713.97,2029.47
0.72522,-1582.89,1953.44
0.72532,-1449.41,1874.74
0.72542,-1313.73,1793.49
0.72552,-1176.03,1709.80
0.72562,-1036.50,1623.78
0.72572,-895.36,1535.56
0.72582,-752.80,1445.24
0.72592,-609.02,1352.95
0.72602,-464.22,1258.83
0.72612,-318.62,1162.99
0.72622,-172.42,1065.57
0.72632,-25.84,966.70
0.72642,120.93,866.51
0.72652,267.66,765.15
0.72662,414.16,662.74
0.72672,560.20,559.42
0.72682,705.58,455.35
0.72692,850.09,350.65
0.72702,993.53,245.47
0.72712,1135.68,139.96
0.72722,1276.35,34.25
0.72732,1415.33,-71.51
0.72742,1552.42,-177.18
0.72752,1687.42,-282.62
0.72762,1820.15,-387.67
0.72772,1950.41,-492.21
0.72782,2078.01,-596.08
0.72792,2202.77,-699.15
0.72802,2324.51,-801.28
0.72812,2443.05,-902.34
0.72822,2558.22,-1002.17
0.72832,2669.86,-1100.66
0.72842,2777.80,-1197.67
0.72852,2881.88,-1293.06
0.72862,2981.96,-1386.71
0.72872,3077.89,-1478.50
0.72882,3169.53,-1568.31
0.72892,3256.74,-1656.00
0.72902,3339.40,-1741.47
0.72912,3417.38,-1824.61
0.72922,3490.57,-1905.30
0.72932,3558.86,-1983.43
0.72942,3622.14,-2058.91
0.72952,3680.33,-2131.64
0.72962,3733.33,-2201.52
0.72972,3781.05,-2268.45
0.72982,3823.44,-2332.36
0.72992,3860.42,-2393.16
0.73002,3891.93,-2450.77
0.73012,3917.92,-2505.11
0.73022,3938.34,-2556.13
0.73032,3953.17,-2603.75
0.73042,3962.36,-2647.91
0.73052,3965.91,-2688.56
0.73062,3963.80,-2725.65
0.73072,3956.03,-2759.13
0.73082,3942.60,-2788.96
0.73092,3923.51,-2815.10
0.73102,3898.81,-2837.53
0.73112,3868.50,-2856.21
0.73122,3832.63,-2871.12
0.73132,3791.24,-2882.24
0.73142,3744.39,-2889.58
0.73152,3692.14,-2893.10
0.73162,3634.55,-2892.83
0.73172,3571.70,-2888.74
0.73182,3503.68,-2880.87
0.73192,3430.58,-2869.20
0.73202,3352.50,-2853.77
0.73212,3269.54,-2834.60
0.73222,3181.82,-2811.71
0.73232,3089.47,-2785.13
0.73242,2992.60,-2754.90
0.73252,2891.36,-2721.06
0.73262,2785.89,-2683.65
0.73272,2676.34,-2642.74
0.73282,2562.85,-2598.36
0.73292,2445.60,-2550.58
0.73302,2324.74,-2499.46
0.73312,2200.45,-2445.07
0.73322,2072.90,-2387.49
0.73332,1942.29,-2326.79
0.73342,1808.78,-2263.04
0.73352,1672.58,-2196.34
0.73362,1533.88,-2126.77
0.73372,1392.87,-2054.43
0.73382,1249.76,-1979.41
0.73392,1104.75,-1901.82
0.73402,958.06,-1821.74
0.73412,809.88,-1739.30
0.73422,660.44,-1654.60
0.73432,509.94,-1567.75
0.73442,358.61,-1478.88
0.73452,206.66,-1388.10
0.73462,54.30,-1295.52
0.73472,-98.23,-1201.29
0.73482,-250.73,-1105.51
0.73492,-402.98,-1008.33
0.73502,-554.75,-909.86
0.73512,-705.82,-810.25
0.73522,-855.99,-709.63
0.73532,-1005.04,-608.13
0.73542,-1152.74,-505.89
0.73552,-1298.89,-403.05
0.73562,-1443.28,-299.74
0.73572,-1585.70,-196.10
0.73582,-1725.94,-92.28
0.73592,-1863.81,11.58
0.73602,-1999.09,115.36
0.73612,-2131.60,218.90
0.73622,-2261.15,322.07
0.73632,-2387.54,424.73
0.73642,-2510.59,526.74
0.73652,-2630.13,627.97
0.73662,-2745.98,728.28
0.73672,-2857.96,827.54
0.73682,-2965.92,925.61
0.73692,-3069.70,1022.36
0.73702,-3169.15,1117.67
0.73712,-3264.11,1211.40
0.73722,-3354.44,1303.44
0.73732,-3440.03,1393.65
0.73742,-3520.72,1481.93
0.73752,-3596.41,1568.15
0.73762,-3666.98,1652.20
0.73772,-3732.33,1733.96
0.73782,-3792.34,1813.33
0.73792,-3846.94,1890.21
0.73802,-3896.04,1964.49
0.73812,-3939.55,2036.08
0.73822,-3977.42,2104.87
0.73832,-4009.58,2170.78
0.73842,-4035.98,2233.72
0.73852,-4056.58,2293.61
0.73862,-4071.33,2350.37
0.73872,-4080.22,2403.92
0.73882,-4083.21,2454.19
0.73892,-4080.31,2501.12
0.73902,-4071.51,2544.63
0.73912,-4056.82,2584.68
0.73922,-4036.25,2621.21
0.73932,-4009.83,2654.16
0.73942,-3977.59,2683.50
0.73952,-3939.57,2709.19
0.73962,-3895.82,2731.17
0.73972,-3846.41,2749.44
0.73982,-3791.39,2763.96
0.73992,-3730.84,2774.70
0.74002,-3664.84,2781.66
0.74012,-3593.50,2784.81
0.74022,-3516.90,2784.16
0.74032,-3435.15,2779.70
0.74042,-3348.37,2771.44
0.74052,-3256.69,2759.37
0.74062,-3160.22,2743.52
0.74072,-3059.11,2723.91
0.74082,-2953.51,2700.55
0.74092,-2843.55,2673.48
0.74102,-2729.41,2642.72
0.74112,-2611.24,2608.32
0.74122,-2489.21,2570.31
0.74132,-2363.49,2528.75
0.74142,-2234.27,2483.69
0.74152,-2101.73,2435.19
0.74162,-1966.06,2383.30
0.74172,-1827.46,2328.10
0.74182,-1686.13,2269.65
0.74192,-1542.26,2208.04
0.74202,-1396.07,2143.34
0.74212,-1247.76,2075.63
0.74222,-1097.55,2005.01
0.74232,-945.66,1931.57
0.74242,-792.30,1855.41
0.74252,-637.69,1776.62
0.74262,-482.06,1695.31
0.74272,-325.63,1611.59
0.74282,-168.63,1525.57
0.74292,-11.28,1437.36
0.74302,146.20,1347.09
0.74312,303.56,1254.87
0.74322,460.60,1160.83
0.74332,617.08,1065.09
0.74342,772.77,967.78
0.74352,927.46,869.03
0.74362,1080.91,768.97
0.74372,1232.90,667.75
0.74382,1383.22,565.49
0.74392,1531.65,462.33
0.74402,1677.97,358.41
0.74412,1821.97,253.87
0.74422,1963.44,148.85
0.74432,2102.18,43.50
0.74442,2237.98,-62.05
0.74452,2370.64,-167.65
0.74462,2499.97,-273.17
0.74472,2625.78,-378.45
0.74482,2747.90,-483.36
0.74492,2866.12,-587.76
0.74502,2980.29,-691.50
0.74512,3090.24,-794.45
0.74522,3195.80,-896.46
0.74532,3296.81,-997.40
0.74542,3393.13,-1097.13
0.74552,3484.62,-1195.52
0.74562,3571.13,-1292.43
0.74572,3652.53,-1387.74
0.74582,3728.72,-1481.31
0.74592,3799.56,-1573.01
0.74602,3864.95,-1662.73
0.74612,3924.80,-1750.33
0.74622,3979.01,-1835.70
0.74632,4027.49,-1918.72
0.74642,4070.19,-1999.28
0.74652,4107.02,-2077.27
0.74662,4137.93,-2152.58
0.74672,4162.87,-2225.10
0.74682,4181.80,-2294.73
0.74692,4194.68,-2361.37
0.74702,4201.51,-2424.94
0.74712,4202.25,-2485.34
0.74722,4196.92,-2542.49
0.74732,4185.50,-2596.29
0.74742,4168.02,-2646.69
0.74752,4144.49,-2693.60
0.74762,4114.95,-2736.95
0.74772,4079.44,-2776.68
0.74782,4038.00,-2812.74
0.74792,3990.70,-2845.06
0.74802,3937.59,-2873.60
0.74812,3878.76,-2898.30
0.74822,3814.29,-2919.14
0.74832,3744.26,-2936.08
0.74842,3668.78,-2949.08
0.74852,3587.96,-2958.13
0.74862,3501.91,-2963.20
0.74872,3410.75,-2964.28
0.74882,3314.62,-2961.37
0.74892,3213.65,-2954.45
0.74902,3107.99,-2943.53
0.74912,2997.79,-2928.63
0.74922,2883.21,-2909.75
0.74932,2764.42,-2886.92
0.74942,2641.58,-2860.15
0.74952,2514.87,-2829.48
0.74962,2384.47,-2794.95
0.74972,2250.58,-2756.59
0.74982,2113.39,-2714.45
0.74992,1973.09,-2668.59
0.75002,1829.89,-2619.05
0.75012,1683.98,-2565.91
0.75022,1535.60,-2509.24
0.75032,1384.94,-2449.09
0.75042,1232.22,-2385.55
0.75052,1077.67,-2318.71
0.75062,921.50,-2248.64
0.75072,763.96,-2175.45
0.75082,605.25,-2099.22
0.75092,445.61,-2020.05
0.75102,285.27,-1938.06
0.75112,124.47,-1853.35
0.75122,-36.57,-1766.02
0.75132,-197.61,-1676.20
0.75142,-358.42,-1584.01
0.75152,-518.76,-1489.57
0.75162,-678.41,-1393.00
0.75172,-837.13,-1294.44
0.75182,-994.69,-1194.01
0.75192,-1150.86,-1091.86
0.75202,-1305.42,-988.11
0.75212,-1458.14,-882.91
0.75222,-1608.80,-776.40
0.75232,-1757.17,-668.71
0.75242,-1903.05,-560.01
0.75252,-2046.21,-450.43
0.75262,-2186.46,-340.12
0.75272,-2323.58,-229.24
0.75282,-2457.37,-117.92
0.75292,-2587.63,-6.33
0.75300,-2691.90,85.72
0.75305,-2754.21,142.14
0.75312,-2835.65,217.09
0.75322,-2954.23,328.63
0.75332,-3068.55,439.82
0.75342,-3178.44,550.54
0.75352,-3283.75,660.61
0.75362,-3384.32,769.90
0.75372,-3480.00,878.25
0.75382,-3570.65,985.51
0.75392,-3656.12,1091.54
0.75402,-3736.30,1196.19
0.75412,-3811.07,1299.31
0.75422,-3880.30,1400.76
0.75432,-3943.90,1500.39
0.75442,-4001.77,1598.08
0.75452,-4053.83,1693.68
0.75462,-4099.99,1787.06
0.75472,-4140.18,1878.09
0.75482,-4174.35,1966.63
0.75492,-4202.45,2052.56
0.75502,-4224.42,2135.75
0.75512,-4240.24,2216.09
0.75522,-4249.89,2293.46
0.75532,-4253.34,2367.75
0.75542,-4250.59,2438.84
0.75552,-4241.65,2506.63
0.75562,-4226.53,2571.03
0.75572,-4205.24,2631.93
0.75582,-4177.82,2689.24
0.75592,-4144.31,2742.89
0.75602,-4104.75,2792.78
0.75612,-4059.20,2838.83
0.75622,-4007.73,2880.99
0.75632,-3950.40,2919.18
0.75642,-3887.31,2953.34
0.75652,-3818.53,2983.42
0.75662,-3744.18,3009.37
0.75672,-3664.36,3031.13
0.75682,-3579.18,3048.69
0.75692,-3488.78,3061.99
0.75702,-3393.27,3071.02
0.75712,-3292.80,3075.75
0.75722,-3187.52,3076.16
0.75732,-3077.57,3072.26
0.75742,-2963.12,3064.03
0.75752,-2844.34,3051.48
0.75762,-2721.59,3034.64
0.75767,-2671.77,3015.75
0.75774,-2604.21,2989.14
0.75784,-2500.31,2947.05
0.75794,-2391.82,2901.30
0.75804,-2278.60,2852.29
0.75814,-2160.93,2800.15
0.75824,-2039.06,2744.98
0.75834,-1913.47,2686.63
0.75844,-1784.68,2624.79
0.75854,-1653.42,2558.97
0.75864,-1520.62,2488.46
0.75874,-1387.29,2412.51
0.75884,-1254.69,2330.23
0.75894,-1123.92,2240.85
0.75904,-996.26,2143.51
0.75914,-872.64,2037.61
0.75924,-754.08,1922.45
0.75934,-641.20,1797.68
0.75944,-534.67,1662.95
0.75954,-434.69,1518.33
0.75964,-341.43,1363.98
0.75974,-254.60,1200.51
0.75984,-173.80,1028.69
0.75994,-98.24,849.62
0.76004,-27.02,664.56
0.76014,40.98,474.90
0.76018,70.92,387.54
0.76023,74.26,297.88
0.76030,78.13,178.67
0.76034,80.67,103.46
0.76039,82.60,95.28
0.76046,84.97,85.93
0.76056,88.39,70.84
0.76066,91.51,56.61
0.76076,94.38,42.20
0.76086,96.97,28.45
0.76096,99.30,14.74
0.76106,101.38,1.46
0.76116,103.17,-11.54
0.76126,104.75,-24.35
0.76136,106.03,-36.65
0.76146,107.12,-48.95
0.76156,107.90,-60.56
0.76166,108.50,-72.31
0.76176,108.81,-83.26
0.76186,108.94,-94.40
0.76196,108.79,-104.70
0.76206,108.45,-115.18
0.76216,107.88,-124.85
0.76226,107.09,-134.62
0.76236,106.10,-143.67
0.76246,104.87,-152.68
0.76256,103.49,-161.11
0.76266,101.84,-169.33
0.76276,100.08,-177.13
0.76286,98.05,-184.55
0.76296,95.92,-191.68
0.76306,93.52,-198.29
0.76316,91.04,-204.74
0.76326,88.31,-210.53
0.76336,85.50,-216.26
0.76346,82.46,-221.25
0.76356,79.33,-226.21
0.76366,76.01,-230.41
0.76376,72.59,-234.58
0.76386,69.02,-238.01
0.76396,65.32,-241.34
0.76406,61.54,-244.01
0.76416,57.59,-246.50
0.76426,53.61,-248.42
0.76436,49.45,-250.04
0.76446,45.28,-251.22
0.76456,40.95,-251.98
0.76466,36.63,-252.41
0.76476,32.14,-252.33
0.76486,27.69,-252.01
0.76496,23.10,-251.10
0.76506,18.53,-250.03
0.76516,13.86,-248.32
0.76526,9.21,-246.49
0.76536,4.50,-244.02
0.76546,-0.21,-241.43
0.76556,-4.94,-238.24
0.76566,-9.68,-234.90
0.76576,-14.39,-231.01
0.76586,-19.13,-226.93
0.76596,-23.80,-222.39
0.76606,-28.51,-217.59
0.76616,-33.11,-212.43
0.76626,-37.76,-206.94
0.76636,-42.27,-201.19
0.76646,-46.82,-195.06
0.76656,-51.22,-188.75
0.76666,-55.63,-182.02
0.76676,-59.90,-175.17
0.76686,-64.16,-167.89
0.76696,-68.28,-160.54
0.76706,-72.34,-152.78
0.76716,-76.28,-144.95
0.76726,-80.13,-136.76
0.76736,-83.88,-128.49
0.76746,-87.48,-119.92
0.76756,-91.01,-111.27
0.76766,-94.36,-102.38
0.76776,-97.64,-93.38
0.76786,-100.71,-84.23
0.76796,-103.73,-74.93
0.76806,-106.51,-65.57
0.76816,-109.23,-56.04
0.76826,-111.73,-46.51
0.76836,-114.13,-36.81
0.76846,-116.31,-27.16
0.76856,-118.39,-17.35
0.76866,-120.26,-7.63
0.76876,-121.99,2.22
0.76886,-123.52,11.96
0.76896,-124.90,21.79
0.76906,-126.10,31.50
0.76916,-127.11,41.24
0.76926,-127.96,50.87
0.76936,-128.60,60.47
0.76946,-129.11,69.97
0.76956,-129.38,79.37
0.76966,-129.53,88.68
0.76976,-129.43,97.83
0.76986,-129.21,106.89
0.76996,-128.75,115.74
0.77006,-128.17,124.50
0.77016,-127.35,133.01
0.77026,-126.40,141.41
0.77036,-125.23,149.53
0.77046,-123.92,157.52
0.77056,-122.41,165.21
0.77066,-120.74,172.73
0.77076,-118.89,179.95
0.77086,-116.87,186.97
0.77096,-114.71,193.68
0.77106,-112.35,200.15
0.77116,-109.87,206.31
0.77126,-107.20,212.19
0.77136,-104.42,217.78
0.77146,-101.44,223.03
0.77156,-98.37,228.00
0.77166,-95.11,232.61
0.77176,-91.77,236.93
0.77186,-88.25,240.87
0.77196,-84.64,244.52
0.77206,-80.89,247.77
0.77216,-77.04,250.71
0.77226,-73.07,253.26
0.77236,-69.01,255.48
0.77246,-64.84,257.31
0.77256,-60.58,258.80
0.77266,-56.25,259.90
0.77276,-51.82,260.65
0.77286,-47.34,261.02
0.77296,-42.76,261.01
0.77306,-38.16,260.65
0.77316,-33.47,259.90
0.77326,-28.76,258.80
0.77336,-23.99,257.31
0.77346,-19.21,255.48
0.77356,-14.37,253.25
0.77366,-9.54,250.70
0.77376,-4.68,247.76
0.77386,0.17,244.50
0.77396,5.03,240.86
0.77406,9.88,236.91
0.77416,14.72,232.59
0.77426,19.53,227.97
0.77436,24.31,223.00
0.77446,29.07,217.73
0.77456,33.77,212.15
0.77466,38.44,206.26
0.77476,43.04,200.08
0.77486,47.59,193.61
0.77496,52.06,186.88
0.77506,56.47,179.86
0.77516,60.78,172.61
0.77526,65.02,165.09
0.77536,69.15,157.36
0.77546,73.20,149.38
0.77556,77.13,141.21
0.77566,80.96,132.82
0.77576,84.67,124.26
0.77586,88.25,115.51
0.77596,91.72,106.60
0.77606,95.05,97.54
0.77616,98.25,88.33
0.77626,101.30,79.01
0.77636,104.22,69.56
0.77646,106.98,60.03
0.77656,109.59,50.40
0.77666,112.04,40.71
0.77676,114.34,30.94
0.77686,116.47,21.15
0.77696,118.44,11.31
0.77706,120.23,1.47
0.77716,121.86,-8.39
0.77726,123.31,-18.22
0.77736,124.59,-28.04
0.77746,125.68,-37.81
0.77756,126.60,-47.53
0.77766,127.34,-57.18
0.77776,127.90,-66.76
0.77786,128.27,-76.24
0.77796,128.46,-85.60
0.77806,128.48,-94.86
0.77816,128.30,-103.97
0.77826,127.94,-112.94
0.77836,127.40,-121.74
0.77846,126.68,-130.38
0.77856,125.78,-138.83
0.77866,124.70,-147.09
0.77876,123.44,-155.13
0.77886,122.00,-162.96
0.77896,120.39,-170.55
0.77906,118.61,-177.90
0.77916,116.66,-185.00
0.77926,114.55,-191.84
0.77936,112.27,-198.40
0.77946,109.83,-204.69
0.77956,107.24,-210.68
0.77966,104.48,-216.38
0.77976,101.59,-221.77
0.77986,98.54,-226.84
0.77996,95.36,-231.59
0.78006,92.04,-236.01
0.78016,88.59,-240.10
0.78026,85.01,-243.85
0.78036,81.32,-247.25
0.78046,77.50,-250.30
0.78056,73.58,-253.00
0.78066,69.54,-255.33
0.78076,65.41,-257.31
0.78086,61.19,-258.91
0.78096,56.88,-260.16
0.78106,52.49,-261.03
0.78116,48.02,-261.53
0.78126,43.48,-261.66
0.78136,38.88,-261.42
0.78146,34.23,-260.81
0.78156,29.53,-259.83
0.78166,24.78,-258.48
0.78176,20.00,-256.76
0.78186,15.19,-254.68
0.78196,10.35,-252.23
0.78206,5.51,-249.44
0.78216,0.65,-246.28
0.78226,-4.21,-242.78
0.78236,-9.06,-238.93
0.78246,-13.90,-234.74
0.78256,-18.72,-230.22
0.78266,-23.52,-225.37
0.78276,-28.28,-220.21
0.78286,-33.00,-214.73
0.78296,-37.68,-208.94
0.78306,-42.30,-202.86
0.78316,-46.87,-196.50
0.78326,-51.36,-189.85
0.78336,-55.79,-182.93
0.78346,-60.14,-175.76
0.78356,-64.40,-168.33
0.78366,-68.57,-160.67
0.78376,-72.64,-152.78
0.78386,-76.61,-144.67
0.78396,-80.47,-136.36
0.78406,-84.22,-127.85
0.78416,-87.85,-119.17
0.78426,-91.36,-110.31
0.78436,-94.74,-101.30
0.78446,-97.98,-92.14
0.78456,-101.08,-82.86
0.78466,-104.04,-73.45
0.78476,-106.85,-63.95
0.78486,-109.52,-54.35
0.78496,-112.02,-44.67
0.78506,-114.37,-34.94
0.78516,-116.56,-25.15
0.78526,-118.58,-15.33
0.78536,-120.43,-5.49
0.78546,-122.11,4.36
0.78556,-123.62,14.21
0.78566,-124.96,24.03
0.78576,-126.11,33.81
0.78586,-127.09,43.55
0.78596,-127.89,53.23
0.78606,-128.51,62.83
0.78616,-128.94,72.34
0.78626,-129.20,81.75
0.78636,-129.27,91.04
0.78646,-129.15,100.20
0.78656,-128.86,109.22
0.78666,-128.38,118.08
0.78676,-127.72,126.77
0.78686,-126.88,135.28
0.78696,-125.85,143.60
0.78706,-124.65,151.72
0.78716,-123.28,159.62
0.78726,-121.73,167.29
0.78736,-120.00,174.72
0.78746,-118.11,181.91
0.78756,-116.05,188.83
0.78766,-113.82,195.49
0.78776,-111.44,201.87
0.78786,-108.89,207.96
0.78796,-106.19,213.76
0.78806,-103.34,219.25
0.78816,-100.35,224.43
0.78826,-97.21,229.28
0.78836,-93.94,233.82
0.78846,-90.53,238.02
0.78856,-86.99,241.88
0.78866,-83.34,245.40
0.78876,-79.56,248.56
0.78886,-75.67,251.38
0.78896,-71.67,253.83
0.78906,-67.58,255.93
0.78916,-63.38,257.66
0.78926,-59.10,259.02
0.78936,-54.73,260.02
0.78946,-50.29,260.64
0.78956,-45.78,260.90
0.78966,-41.20,260.78
0.78976,-36.56,260.29
0.78986,-31.87,259.43
0.78996,-27.14,258.21
0.79006,-22.37,256.61
0.79016,-17.57,254.65
0.79026,-12.74,252.33
0.79036,-7.90,249.65
0.79046,-3.04,246.61
0.79056,1.82,243.22
0.79066,6.67,239.49
0.79076,11.52,235.41
0.79086,16.35,231.00
0.79096,21.15,226.26
0.79106,25.92,221.20
0.79116,30.66,215.82
0.79126,35.35,210.14
0.79136,40.00,204.16
0.79146,44.58,197.89
0.79156,49.10,191.33
0.79166,53.55,184.50
0.79176,57.92,177.41
0.79186,62.21,170.07
0.79196,66.42,162.49
0.79206,70.52,154.67
0.79216,74.53,146.63
0.79226,78.43,138.39
0.79236,82.22,129.94
0.79246,85.89,121.32
0.79256,89.43,112.51
0.79266,92.85,103.55
0.79276,96.14,94.44
0.79286,99.29,85.20
0.79296,102.30,75.84
0.79306,105.16,66.36
0.79316,107.88,56.79
0.79326,110.44,47.14
0.79336,112.84,37.43
0.79346,115.08,27.65
0.79356,117.15,17.84
0.79366,119.06,8.01
0.79376,120.80,-1.84
0.79386,122.37,-11.69
0.79396,123.76,-21.52
0.79406,124.98,-31.32
0.79416,126.02,-41.08
0.79426,126.88,-50.78
0.79436,127.56,-60.40
0.79446,128.05,-69.94
0.79456,128.37,-79.39
0.79466,128.50,-88.72
0.79476,128.44,-97.92
0.79486,128.21,-106.99
0.79496,127.79,-115.90
0.79506,127.19,-124.66
0.79516,126.41,-133.23
0.79526,125.45,-141.62
0.79536,124.31,-149.80
0.79546,122.99,-157.77
0.79556,121.50,-165.52
0.79566,119.83,-173.04
0.79576,117.99,-180.30
0.79586,115.99,-187.32
0.79596,113.82,-194.07
0.79606,111.48,-200.54
0.79616,108.99,-206.73
0.79626,106.34,-212.62
0.79636,103.55,-218.21
0.79646,100.60,-223.50
0.79656,97.51,-228.46
0.79666,94.28,-233.10
0.79676,90.92,-237.42
0.79686,87.42,-241.39
0.79696,83.80,-245.02
0.79706,80.07,-248.31
0.79716,76.21,-251.24
0.79726,72.25,-253.81
0.79736,68.19,-256.03
0.79746,64.03,-257.88
0.79756,59.77,-259.37
0.79766,55.44,-260.49
0.79776,51.02,-261.24
0.79786,46.53,-261.61
0.79796,41.97,-261.62
0.79806,37.35,-261.26
0.79816,32.68,-260.52
0.79826,27.96,-259.42
0.79836,23.20,-257.94
0.79846,18.41,-256.10
0.79856,13.59,-253.90
0.79866,8.75,-251.34
0.79876,3.90,-248.42
0.79886,-0.96,-245.15
0.79896,-5.81,-241.53
0.79906,-10.66,-237.57
0.79916,-15.50,-233.27
0.79926,-20.31,-228.64
0.79936,-25.10,-223.68
0.79946,-29.85,-218.41
0.79956,-34.55,-212.83
0.79966,-39.21,-206.94
0.79976,-43.82,-200.77
0.79986,-48.36,-194.30
0.79996,-52.83,-187.57
0.80006,-57.23,-180.56
0.80016,-61.55,-173.30
0.80026,-65.78,-165.80
0.80036,-69.92,-158.06
0.80046,-73.96,-150.09
0.80056,-77.90,-141.91
0.80066,-81.72,-133.53
0.80076,-85.43,-124.97
0.80086,-89.02,-116.22
0.80096,-92.49,-107.31
0.80106,-95.82,-98.25
0.80116,-99.01,-89.05
0.80126,-102.07,-79.72
0.80136,-104.98,-70.28
0.80146,-107.74,-60.75
0.80156,-110.35,-51.12
0.80166,-112.81,-41.43
0.80176,-115.10,-31.67
0.80186,-117.23,-21.87
0.80196,-119.20,-12.04
0.80206,-121.00,-2.19
0.80216,-122.62,7.65
0.80226,-124.07,17.49
0.80236,-125.35,27.30
0.80246,-126.45,37.08
0.80256,-127.36,46.80
0.80266,-128.10,56.45
0.80276,-128.66,66.02
0.80286,-129.03,75.50
0.80296,-129.23,84.87
0.80306,-129.23,94.12
0.80316,-129.06,103.23
0.80326,-128.70,112.20
0.80336,-128.16,121.01
0.80346,-127.44,129.64
0.80356,-126.54,138.09
0.80366,-125.46,146.34
0.80376,-124.20,154.39
0.80386,-122.76,162.21
0.80396,-121.16,169.81
0.80406,-119.37,177.16
0.80416,-117.42,184.26
0.80426,-115.31,191.10
0.80436,-113.03,197.66
0.80446,-110.59,203.95
0.80456,-107.99,209.94
0.80466,-105.24,215.63
0.80476,-102.35,221.02
0.80486,-99.30,226.09
0.80496,-96.12,230.85
0.80506,-92.80,235.27
0.80516,-89.35,239.36
0.80526,-85.77,243.10
0.80536,-82.07,246.50
0.80546,-78.26,249.55
0.80556,-74.33,252.25
0.80566,-70.30,254.59
0.80576,-66.17,256.56
0.80586,-61.95,258.17
0.80596,-57.64,259.41
0.80606,-53.25,260.28
0.80616,-48.78,260.78
0.80626,-44.24,260.91
0.80636,-39.64,260.67
0.80646,-34.99,260.06
0.80656,-30.28,259.08
0.80666,-25.54,257.73
0.80676,-20.76,256.01
0.80686,-15.94,253.93
0.80696,-11.11,251.49
0.80706,-6.26,248.69
0.80716,-1.41,245.53
0.80726,3.45,242.03
0.80736,8.30,238.18
0.80746,13.15,233.99
0.80756,17.97,229.47
0.80766,22.76,224.62
0.80776,27.52,219.46
0.80786,32.25,213.98
0.80796,36.92,208.19
0.80806,41.55,202.11
0.80816,46.11,195.75
0.80826,50.61,189.10
0.80836,55.03,182.18
0.80846,59.38,175.01
0.80856,63.64,167.58
0.80866,67.81,159.92
0.80876,71.89,152.03
0.80886,75.86,143.92
0.80896,79.72,135.61
0.80906,83.47,127.10
0.80916,87.10,118.42
0.80926,90.61,109.56
0.80936,93.98,100.55
0.80946,97.22,91.39
0.80956,100.33,82.11
0.80966,103.29,72.70
0.80976,106.10,63.20
0.80986,108.76,53.60
0.80996,111.27,43.93
0.81006,113.62,34.19
0.81016,115.80,24.40
0.81026,117.83,14.58
0.81036,119.68,4.74
0.81046,121.36,-5.11
0.81056,122.87,-14.95
0.81066,124.21,-24.77
0.81076,125.36,-34.56
0.81086,126.34,-44.30
0.81096,127.14,-53.98
0.81106,127.76,-63.58
0.81116,128.19,-73.09
0.81126,128.45,-82.49
0.81136,128.52,-91.79
0.81146,128.40,-100.95
0.81156,128.11,-109.96
0.81166,127.63,-118.82
0.81176,126.97,-127.52
0.81186,126.13,-136.03
0.81196,125.10,-144.35
0.81206,123.90,-152.47
0.81216,122.53,-160.37
0.81226,120.98,-168.04
0.81236,119.25,-175.47
0.81246,117.36,-182.65
0.81256,115.30,-189.58
0.81266,113.07,-196.24
0.81276,110.69,-202.62
0.81286,108.14,-208.71
0.81296,105.45,-214.50
0.81306,102.60,-219.99
0.81316,99.60,-225.17
0.81326,96.47,-230.03
0.81336,93.19,-234.56
0.81346,89.78,-238.76
0.81356,86.25,-242.62
0.81366,82.59,-246.14
0.81376,78.81,-249.31
0.81386,74.92,-252.12
0.81396,70.93,-254.58
0.81406,66.83,-256.67
0.81416,62.64,-258.40
0.81426,58.35,-259.77
0.81436,53.99,-260.76
0.81446,49.55,-261.39
0.81456,45.03,-261.64
0.81466,40.45,-261.52
0.81476,35.82,-261.04
0.81486,31.13,-260.18
0.81496,26.40,-258.95
0.81506,21.63,-257.35
0.81516,16.82,-255.39
0.81526,12.00,-253.07
0.81536,7.15,-250.39
0.81546,2.30,-247.35
0.81556,-2.56,-243.96
0.81566,-7.41,-240.23
0.81576,-12.26,-236.15
0.81586,-17.09,-231.74
0.81596,-21.89,-227.00
0.81606,-26.67,-221.94
0.81616,-31.40,-216.56
0.81626,-36.10,-210.88
0.81636,-40.74,-204.90
0.81646,-45.32,-198.63
0.81656,-49.84,-192.07
0.81666,-54.29,-185.24
0.81676,-58.66,-178.15
0.81686,-62.96,-170.81
0.81696,-67.16,-163.22
0.81706,-71.26,-155.41
0.81716,-75.27,-147.37
0.81726,-79.17,-139.13
0.81736,-82.96,-130.68
0.81746,-86.63,-122.05
0.81756,-90.17,-113.25
0.81766,-93.59,-104.29
0.81776,-96.88,-95.18
0.81786,-100.03,-85.94
0.81796,-103.04,-76.57
0.81806,-105.90,-67.10
0.81816,-108.61,-57.53
0.81826,-111.17,-47.88
0.81836,-113.57,-38.16
0.81846,-115.82,-28.39
0.81856,-117.89,-18.58
0.81866,-119.80,-8.74
0.81876,-121.54,1.11
0.81886,-123.11,10.95
0.81896,-124.50,20.78
0.81906,-125.72,30.58
0.81916,-126.76,40.34
0.81926,-127.61,50.04
0.81936,-128.29,59.67
0.81946,-128.79,69.21
0.81956,-129.10,78.65
0.81966,-129.23,87.98
0.81976,-129.18,97.19
0.81986,-128.94,106.26
0.81996,-128.53,115.17
0.82006,-127.93,123.92
0.82016,-127.14,132.50
0.82026,-126.18,140.88
0.82036,-125.04,149.07
0.82046,-123.72,157.04
0.82056,-122.23,164.79
0.82066,-120.56,172.30
0.82076,-118.73,179.57
0.82086,-116.72,186.59
0.82096,-114.55,193.33
0.82106,-112.22,199.81
0.82116,-109.72,205.99
0.82126,-107.08,211.89
0.82136,-104.28,217.48
0.82146,-101.33,222.76
0.82156,-98.24,227.73
0.82166,-95.01,232.37
0.82176,-91.65,236.69
0.82186,-88.15,240.66
0.82196,-84.54,244.29
0.82206,-80.80,247.58
0.82216,-76.94,250.51
0.82226,-72.98,253.09
0.82236,-68.92,255.30
0.82246,-64.76,257.15
0.82256,-60.50,258.64
0.82266,-56.17,259.76
0.82276,-51.75,260.51
0.82286,-47.26,260.89
0.82296,-42.70,260.89
0.82306,-38.08,260.53
0.82316,-33.41,259.79
0.82326,-28.69,258.69
0.82336,-23.93,257.21
0.82346,-19.14,255.38
0.82356,-14.32,253.17
0.82366,-9.48,250.61
0.82376,-4.63,247.69
0.82386,0.23,244.42
0.82396,5.09,240.80
0.82406,9.94,236.84
0.82416,14.77,232.54
0.82426,19.58,227.91
0.82436,24.37,222.95
0.82446,29.12,217.68
0.82456,33.83,212.10
0.82466,38.49,206.22
0.82476,43.09,200.04
0.82486,47.63,193.58
0.82496,52.11,186.84
0.82506,56.51,179.84
0.82516,60.83,172.58
0.82526,65.06,165.07
0.82536,69.20,157.33
0.82546,73.24,149.37
0.82556,77.17,141.19
0.82566,81.00,132.81
0.82576,84.71,124.24
0.82586,88.30,115.50
0.82596,91.76,106.59
0.82606,95.09,97.53
0.82616,98.29,88.33
0.82626,101.35,79.00
0.82636,104.26,69.56
0.82646,107.02,60.02
0.82656,109.63,50.40
0.82666,112.09,40.70
0.82676,114.38,30.95
0.82686,116.51,21.15
0.82696,118.48,11.32
0.82706,120.28,1.47
0.82716,121.90,-8.37
0.82726,123.35,-18.21
0.82736,124.63,-28.02
0.82746,125.73,-37.80
0.82756,126.65,-47.52
0.82766,127.38,-57.17
0.82776,127.94,-66.74
0.82786,128.32,-76.22
0.82796,128.51,-85.59
0.82806,128.52,-94.84
0.82816,128.34,-103.95
0.82826,127.98,-112.92
0.82836,127.44,-121.72
0.82846,126.72,-130.36
0.82856,125.82,-138.81
0.82866,124.74,-147.06
0.82876,123.48,-155.11
0.82886,122.05,-162.93
0.82896,120.44,-170.52
0.82906,118.66,-177.88
0.82916,116.71,-184.98
0.82926,114.59,-191.81
0.82936,112.31,-198.38
0.82946,109.87,-204.66
0.82956,107.28,-210.65
0.82966,104.53,-216.35
0.82976,101.63,-221.74
0.82986,98.59,-226.81
0.82996,95.41,-231.56
0.83006,92.09,-235.98
0.83016,88.64,-240.07
0.83026,85.06,-243.82
0.83036,81.36,-247.22
0.83046,77.54,-250.27
0.83056,73.62,-252.96
0.83066,69.59,-255.30
0.83076,65.46,-257.27
0.83086,61.24,-258.88
0.83096,56.92,-260.12
0.83106,52.53,-260.99
0.83116,48.06,-261.50
0.83126,43.53,-261.63
0.83136,38.93,-261.39
0.83146,34.28,-260.77
0.83156,29.57,-259.79
0.83166,24.83,-258.44
0.83176,20.04,-256.72
0.83186,15.23,-254.64
0.83196,10.40,-252.20
0.83206,5.55,-249.40
0.83216,0.70,-246.24
0.83226,-4.16,-242.74
0.83236,-9.01,-238.89
0.83246,-13.85,-234.70
0.83256,-18.68,-230.18
0.83266,-23.47,-225.33
0.83276,-28.23,-220.17
0.83286,-32.96,-214.69
0.83296,-37.63,-208.90
0.83306,-42.26,-202.82
0.83316,-46.82,-196.45
0.83326,-51.32,-189.81
0.83336,-55.74,-182.89
0.83346,-60.09,-175.72
0.83356,-64.35,-168.29
0.83366,-68.52,-160.63
0.83376,-72.59,-152.74
0.83386,-76.56,-144.63
0.83396,-80.43,-136.32
0.83406,-84.18,-127.81
0.83416,-87.81,-119.12
0.83426,-91.31,-110.27
0.83436,-94.69,-101.25
0.83446,-97.93,-92.10
0.83456,-101.03,-82.81
0.83466,-103.99,-73.41
0.83476,-106.81,-63.90
0.83486,-109.47,-54.31
0.83496,-111.98,-44.63
0.83506,-114.32,-34.89
0.83516,-116.51,-25.11
0.83526,-118.53,-15.29
0.83536,-120.38,-5.44
0.83546,-122.07,4.41
0.83556,-123.57,14.25
0.83566,-124.91,24.07
0.83576,-126.07,33.86
0.83586,-127.05,43.60
0.83596,-127.84,53.27
0.83606,-128.46,62.87
0.83616,-128.90,72.39
0.83626,-129.15,81.79
0.83636,-129.22,91.08
0.83646,-129.11,100.24
0.83656,-128.81,109.26
0.83666,-128.33,118.12
0.83676,-127.67,126.82
0.83686,-126.83,135.33
0.83696,-125.80,143.65
0.83706,-124.60,151.77
0.83716,-123.23,159.66
0.83726,-121.68,167.34
0.83736,-119.95,174.77
0.83746,-118.06,181.95
0.83756,-116.00,188.88
0.83766,-113.77,195.54
0.83776,-111.39,201.92
0.83786,-108.84,208.01
0.83796,-106.14,213.80
0.83806,-103.30,219.29
0.83816,-100.30,224.47
0.83826,-97.16,229.33
0.83836,-93.89,233.86
0.83846,-90.48,238.06
0.83856,-86.95,241.93
0.83866,-83.29,245.44
0.83876,-79.51,248.61
0.83886,-75.62,251.42
0.83896,-71.62,253.88
0.83906,-67.53,255.98
0.83916,-63.33,257.71
0.83926,-59.05,259.07
0.83936,-54.68,260.07
0.83946,-50.24,260.69
0.83956,-45.73,260.94
0.83966,-41.15,260.83
0.83976,-36.51,260.34
0.83986,-31.82,259.48
0.83996,-27.09,258.25
0.84006,-22.32,256.66
0.84016,-17.52,254.70
0.84026,-12.69,252.38
0.84036,-7.85,249.69
0.84046,-2.99,246.66
0.84056,1.87,243.27
0.84066,6.72,239.53
0.84076,11.57,235.46
0.84086,16.40,231.05
0.84096,21.20,226.31
0.84106,25.97,221.25
0.84116,30.71,215.87
0.84126,35.40,210.19
0.84136,40.04,204.21
0.84146,44.63,197.93
0.84156,49.15,191.38
0.84166,53.60,184.55
0.84176,57.97,177.46
0.84186,62.26,170.12
0.84196,66.47,162.53
0.84206,70.57,154.72
0.84216,74.58,146.68
0.84226,78.48,138.44
0.84236,82.27,129.99
0.84246,85.94,121.36
0.84256,89.48,112.56
0.84266,92.90,103.60
0.84276,96.19,94.49
0.84286,99.34,85.25
0.84296,102.35,75.88
0.84306,105.21,66.41
0.84316,107.93,56.84
0.84326,110.49,47.19
0.84336,112.89,37.47
0.84346,115.13,27.70
0.84356,117.20,17.89
0.84366,119.11,8.06
0.84376,120.85,-1.79
0.84386,122.42,-11.64
0.84396,123.81,-21.47
0.84406,125.03,-31.27
0.84416,126.07,-41.03
0.84426,126.93,-50.73
0.84436,127.61,-60.35
0.84446,128.10,-69.90
0.84456,128.42,-79.34
0.84466,128.55,-88.67
0.84476,128.49,-97.87
0.84486,128.26,-106.94
0.84496,127.84,-115.86
0.84506,127.24,-124.61
0.84516,126.46,-133.18
0.84526,125.50,-141.57
0.84536,124.36,-149.75
0.84546,123.04,-157.72
0.84556,121.55,-165.47
0.84566,119.88,-172.99
0.84576,118.04,-180.26
0.84586,116.04,-187.27
0.84596,113.87,-194.02
0.84606,111.53,-200.49
0.84616,109.04,-206.68
0.84626,106.39,-212.57
0.84636,103.60,-218.16
0.84646,100.65,-223.45
0.84656,97.56,-228.41
0.84666,94.33,-233.06
0.84676,90.97,-237.37
0.84686,87.47,-241.34
0.84696,83.85,-244.97
0.84706,80.12,-248.26
0.84716,76.26,-251.19
0.84726,72.30,-253.77
0.84736,68.24,-255.98
0.84746,64.08,-257.83
0.84756,59.82,-259.32
0.84766,55.49,-260.44
0.84776,51.07,-261.19
0.84786,46.58,-261.56
0.84796,42.02,-261.57
0.84806,37.40,-261.21
0.84816,32.73,-260.47
0.84826,28.01,-259.37
0.84836,23.25,-257.89
0.84846,18.46,-256.05
0.84856,13.64,-253.85
0.84866,8.80,-251.29
0.84876,3.95,-248.37
0.84886,-0.91,-245.10
0.84896,-5.76,-241.48
0.84906,-10.61,-237.52
0.84916,-15.45,-233.22
0.84926,-20.26,-228.59
0.84936,-25.05,-223.63
0.84946,-29.80,-218.36
0.84956,-34.50,-212.78
0.84966,-39.16,-206.89
0.84976,-43.77,-200.72
0.84986,-48.31,-194.25
0.84996,-52.78,-187.52
0.85006,-57.18,-180.51
0.85016,-61.50,-173.25
0.85026,-65.73,-165.75
0.85036,-69.87,-158.01
0.85046,-73.91,-150.04
0.85056,-77.85,-141.86
0.85066,-81.67,-133.49
0.85076,-85.38,-124.92
0.85086,-88.97,-116.17
0.85096,-92.44,-107.26
0.85106,-95.77,-98.20
0.85116,-98.96,-89.00
0.85126,-102.02,-79.68
0.85136,-104.93,-70.24
0.85146,-107.70,-60.70
0.85156,-110.31,-51.07
0.85166,-112.76,-41.38
0.85176,-115.05,-31.62
0.85186,-117.19,-21.82
0.85196,-119.15,-11.99
0.85206,-120.95,-2.15
0.85216,-122.57,7.70
0.85226,-124.02,17.54
0.85236,-125.30,27.35
0.85246,-126.40,37.13
0.85256,-127.32,46.85
0.85266,-128.05,56.50
0.85276,-128.61,66.07
0.85286,-128.99,75.55
0.85296,-129.18,84.92
0.85306,-129.19,94.17
0.85316,-129.01,103.28
0.85326,-128.65,112.25
0.85336,-128.11,121.06
0.85346,-127.39,129.69
0.85356,-126.49,138.14
0.85366,-125.41,146.39
0.85376,-124.15,154.44
0.85386,-122.71,162.26
0.85396,-121.11,169.86
0.85406,-119.33,177.21
0.85416,-117.38,184.31
0.85426,-115.26,191.15
0.85436,-112.98,197.71
0.85446,-110.54,203.99
0.85456,-107.94,209.99
0.85466,-105.20,215.68
0.85476,-102.30,221.07
0.85486,-99.25,226.14
0.85496,-96.07,230.89
0.85506,-92.75,235.32
0.85516,-89.30,239.40
0.85526,-85.72,243.15
0.85536,-82.02,246.55
0.85546,-78.21,249.60
0.85556,-74.28,252.30
0.85566,-70.25,254.63
0.85576,-66.12,256.61
0.85586,-61.90,258.22
0.85596,-57.59,259.46
0.85606,-53.20,260.33
0.85616,-48.73,260.83
0.85626,-44.19,260.96
0.85636,-39.59,260.72
0.85646,-34.94,260.11
0.85656,-30.24,259.13
0.85666,-25.49,257.78
0.85676,-20.71,256.06
0.85686,-15.90,253.98
0.85696,-11.06,251.54
0.85706,-6.21,248.74
0.85716,-1.36,245.58
0.85726,3.50,242.08
0.85736,8.35,238.23
0.85746,13.19,234.04
0.85756,18.02,229.52
0.85766,22.81,224.67
0.85776,27.57,219.51
0.85786,32.30,214.03
0.85796,36.97,208.24
0.85806,41.60,202.16
0.85816,46.16,195.79
0.85826,50.66,189.15
0.85836,55.08,182.23
0.85846,59.43,175.06
0.85856,63.69,167.63
0.85866,67.86,159.97
0.85876,71.94,152.08
0.85886,75.91,143.97
0.85896,79.77,135.66
0.85906,83.52,127.15
0.85916,87.15,118.46
0.85926,90.65,109.61
0.85936,94.03,100.60
0.85946,97.27,91.44
0.85956,100.38,82.16
0.85966,103.34,72.75
0.85976,106.15,63.25
0.85986,108.81,53.65
0.85996,111.32,43.97
0.86006,113.67,34.24
0.86016,115.85,24.45
0.86026,117.87,14.63
0.86036,119.73,4.79
0.86046,121.41,-5.06
0.86056,122.92,-14.90
0.86066,124.25,-24.73
0.86076,125.41,-34.51
0.86086,126.39,-44.25
0.86096,127.19,-53.93
0.86106,127.81,-63.53
0.86116,128.24,-73.04
0.86126,128.50,-82.45
0.86136,128.56,-91.74
0.86146,128.45,-100.90
0.86156,128.16,-109.91
0.86166,127.68,-118.78
0.86176,127.02,-127.47
0.86186,126.17,-135.98
0.86196,125.15,-144.30
0.86206,123.95,-152.42
0.86216,122.58,-160.32
0.86226,121.02,-167.99
0.86236,119.30,-175.42
0.86246,117.41,-182.61
0.86256,115.35,-189.53
0.86266,113.12,-196.19
0.86276,110.74,-202.57
0.86286,108.19,-208.66
0.86296,105.49,-214.45
0.86306,102.64,-219.94
0.86316,99.65,-225.12
0.86326,96.51,-229.98
0.86336,93.24,-234.51
0.86346,89.83,-238.71
0.86356,86.30,-242.58
0.86366,82.64,-246.09
0.86376,78.86,-249.26
0.86386,74.97,-252.07
0.86396,70.97,-254.53
0.86406,66.88,-256.62
0.86416,62.68,-258.35
0.86426,58.40,-259.72
0.86436,54.04,-260.71
0.86446,49.59,-261.34
0.86456,45.08,-261.59
0.86466,40.50,-261.48
0.86476,35.86,-260.99
0.86486,31.18,-260.13
0.86496,26.44,-258.90
0.86506,21.67,-257.31
0.86516,16.87,-255.35
0.86526,12.04,-253.02
0.86536,7.20,-250.34
0.86546,2.35,-247.30
0.86556,-2.51,-243.91
0.86566,-7.37,-240.18
0.86576,-12.21,-236.10
0.86586,-17.04,-231.69
0.86596,-21.85,-226.96
0.86606,-26.62,-221.89
0.86616,-31.36,-216.52
0.86626,-36.05,-210.83
0.86636,-40.69,-204.85
0.86646,-45.27,-198.58
0.86656,-49.79,-192.02
0.86666,-54.24,-185.20
0.86676,-58.62,-178.11
0.86686,-62.91,-170.76
0.86696,-67.11,-163.18
0.86706,-71.22,-155.36
0.86716,-75.22,-147.32
0.86726,-79.12,-139.08
0.86736,-82.91,-130.64
0.86746,-86.58,-122.01
0.86756,-90.13,-113.21
0.86766,-93.55,-104.24
0.86776,-96.83,-95.14
0.86786,-99.98,-85.89
0.86796,-102.99,-76.53
0.86806,-105.85,-67.05
0.86816,-108.57,-57.48
0.86826,-111.13,-47.83
0.86836,-113.53,-38.12
0.86846,-115.77,-28.34
0.86856,-117.84,-18.53
0.86866,-119.75,-8.70
0.86876,-121.49,1.15
0.86886,-123.06,11.00
0.86896,-124.45,20.83
0.86906,-125.67,30.63
0.86916,-126.71,40.39
0.86926,-127.57,50.09
0.86936,-128.24,59.71
0.86946,-128.74,69.26
0.86956,-129.05,78.70
0.86966,-129.19,88.03
0.86976,-129.13,97.24
0.86986,-128.90,106.30
0.86996,-128.48,115.22
0.87006,-127.88,123.97
0.87016,-127.10,132.54
0.87026,-126.13,140.93
0.87036,-124.99,149.11
0.87046,-123.68,157.09
0.87056,-122.18,164.84
0.87066,-120.52,172.35
0.87076,-118.68,179.62
0.87086,-116.67,186.63
0.87096,-114.50,193.38
0.87106,-112.17,199.85
0.87116,-109.68,206.04
0.87126,-107.03,211.93
0.87136,-104.23,217.53
0.87146,-101.28,222.81
0.87156,-98.19,227.78
0.87166,-94.96,232.42
0.87176,-91.60,236.73
0.87186,-88.11,240.71
0.87196,-84.49,244.34
0.87206,-80.75,247.62
0.87216,-76.90,250.56
0.87226,-72.94,253.13
0.87236,-68.87,255.35
0.87246,-64.71,257.20
0.87256,-60.46,258.69
0.87266,-56.12,259.80
0.87276,-51.70,260.55
0.87286,-47.21,260.93
0.87296,-42.65,260.94
0.87306,-38.03,260.57
0.87316,-33.36,259.84
0.87326,-28.64,258.73
0.87336,-23.88,257.26
0.87346,-19.09,255.42
0.87356,-14.27,253.22
0.87366,-9.43,250.66
0.87376,-4.58,247.74
0.87386,0.28,244.47
0.87396,5.13,240.85
0.87406,9.98,236.89
0.87416,14.82,232.59
0.87426,19.63,227.96
0.87436,24.42,223.00
0.87446,29.17,217.73
0.87456,33.87,212.15
0.87466,38.53,206.26
0.87476,43.14,200.09
0.87486,47.68,193.62
0.87496,52.15,186.89
0.87506,56.55,179.88
0.87516,60.87,172.62
0.87526,65.11,165.12
0.87536,69.24,157.38
0.87546,73.29,149.41
0.87556,77.22,141.24
0.87566,81.05,132.86
0.87576,84.76,124.29
0.87586,88.35,115.55
0.87596,91.81,106.64
0.87606,95.14,97.58
0.87616,98.34,88.37
0.87626,101.39,79.05
0.87636,104.31,69.61
0.87646,107.07,60.07
0.87656,109.68,50.45
0.87666,112.13,40.75
0.87676,114.43,31.00
0.87686,116.56,21.20
0.87696,118.53,11.37
0.87706,120.32,1.52
0.87716,121.95,-8.33
0.87726,123.40,-18.17
0.87736,124.67,-27.98
0.87746,125.77,-37.75
0.87756,126.69,-47.47
0.87766,127.43,-57.12
0.87776,127.99,-66.70
0.87786,128.36,-76.17
0.87796,128.55,-85.54
0.87806,128.56,-94.79
0.87816,128.39,-103.90
0.87826,128.03,-112.87
0.87836,127.49,-121.68
0.87846,126.77,-130.31
0.87856,125.87,-138.76
0.87866,124.79,-147.02
0.87876,123.53,-155.06
0.87886,122.09,-162.89
0.87896,120.48,-170.48
0.87906,118.70,-177.83
0.87916,116.75,-184.93
0.87926,114.64,-191.77
0.87936,112.36,-198.33
0.87946,109.92,-204.62
0.87956,107.32,-210.61
0.87966,104.58,-216.30
0.87976,101.68,-221.69
0.87986,98.63,-226.76
0.87996,95.45,-231.51
0.88006,92.13,-235.94
0.88016,88.68,-240.02
0.88026,85.10,-243.77
0.88036,81.41,-247.17
0.88046,77.59,-250.22
0.88056,73.66,-252.92
0.88066,69.63,-255.25
0.88076,65.50,-257.23
0.88086,61.28,-258.84
0.88096,56.97,-260.08
0.88106,52.58,-260.95
0.88116,48.11,-261.45
0.88126,43.57,-261.58
0.88136,38.98,-261.34
0.88146,34.32,-260.73
0.88156,29.62,-259.75
0.88166,24.87,-258.40
0.88176,20.09,-256.68
0.88186,15.28,-254.60
0.88196,10.45,-252.15
0.88206,5.60,-249.35
0.88216,0.74,-246.20
0.88226,-4.12,-242.69
0.88236,-8.97,-238.84
0.88246,-13.81,-234.66
0.88256,-18.63,-230.14
0.88266,-23.43,-225.29
0.88276,-28.19,-220.12
0.88286,-32.91,-214.64
0.88296,-37.59,-208.86
0.88306,-42.21,-202.78
0.88316,-46.77,-196.41
0.88326,-51.27,-189.76
0.88336,-55.70,-182.85
0.88346,-60.04,-175.67
0.88356,-64.30,-168.25
0.88366,-68.47,-160.58
0.88376,-72.55,-152.69
0.88386,-76.52,-144.58
0.88396,-80.38,-136.27
0.88406,-84.13,-127.76
0.88416,-87.76,-119.08
0.88426,-91.27,-110.22
0.88436,-94.64,-101.21
0.88446,-97.88,-92.05
0.88456,-100.99,-82.77
0.88466,-103.95,-73.36
0.88476,-106.76,-63.86
0.88486,-109.42,-54.26
0.88496,-111.93,-44.59
0.88506,-114.28,-34.85
0.88516,-116.46,-25.06
0.88526,-118.49,-15.24
0.88536,-120.34,-5.40
0.88546,-122.02,4.45
0.88556,-123.53,14.29
0.88566,-124.86,24.12
0.88576,-126.02,33.90
0.88586,-127.00,43.64
0.88596,-127.80,53.32
0.88606,-128.42,62.92
0.88616,-128.85,72.43
0.88626,-129.10,81.84
0.88636,-129.17,91.13
0.88646,-129.06,100.29
0.88656,-128.76,109.31
0.88666,-128.28,118.17
0.88676,-127.62,126.86
0.88686,-126.78,135.37
0.88696,-125.76,143.69
0.88706,-124.56,151.81
0.88716,-123.18,159.71
0.88726,-121.63,167.38
0.88736,-119.91,174.81
0.88746,-118.02,182.00
0.88756,-115.95,188.93
0.88766,-113.73,195.58
0.88776,-111.34,201.96
0.88786,-108.80,208.05
0.88796,-106.10,213.85
0.88806,-103.25,219.34
0.88816,-100.26,224.52
0.88826,-97.12,229.38
0.88836,-93.84,233.91
0.88846,-90.44,238.11
0.88856,-86.90,241.97
0.88866,-83.24,245.49
0.88876,-79.46,248.65
0.88886,-75.58,251.47
0.88896,-71.58,253.92
0.88906,-67.48,256.02
0.88916,-63.29,257.75
0.88926,-59.01,259.11
0.88936,-54.64,260.11
0.88946,-50.20,260.74
0.88956,-45.68,260.99
0.88966,-41.10,260.87
0.88976,-36.47,260.38
0.88986,-31.78,259.53
0.88996,-27.05,258.30
0.89006,-22.28,256.70
0.89016,-17.47,254.74
0.89026,-12.65,252.42
0.89036,-7.80,249.74
0.89046,-2.95,246.70
0.89056,1.91,243.31
0.89066,6.77,239.58
0.89076,11.61,235.50
0.89086,16.44,231.09
0.89096,21.24,226.35
0.89106,26.02,221.29
0.89116,30.75,215.92
0.89126,35.45,210.23
0.89136,40.09,204.25
0.89146,44.67,197.98
0.89156,49.19,191.42
0.89166,53.64,184.60
0.89176,58.02,177.51
0.89186,62.31,170.16
0.89196,66.51,162.58
0.89206,70.62,154.76
0.89216,74.62,146.73
0.89226,78.52,138.48
0.89236,82.31,130.04
0.89246,85.98,121.41
0.89256,89.53,112.61
0.89266,92.95,103.65
0.89276,96.24,94.54
0.89286,99.39,85.29
0.89296,102.39,75.93
0.89306,105.26,66.45
0.89316,107.97,56.89
0.89326,110.53,47.24
0.89336,112.93,37.52
0.89346,115.17,27.75
0.89356,117.25,17.94
0.89366,119.16,8.10
0.89376,120.90,-1.75
0.89386,122.46,-11.60
0.89396,123.86,-21.43
0.89406,125.07,-31.23
0.89416,126.11,-40.98
0.89426,126.97,-50.68
0.89436,127.65,-60.31
0.89446,128.15,-69.85
0.89456,128.46,-79.29
0.89466,128.59,-88.63
0.89476,128.54,-97.83
0.89486,128.30,-106.90
0.89496,127.88,-115.81
0.89506,127.28,-124.56
0.89516,126.50,-133.14
0.89526,125.54,-141.52
0.89536,124.40,-149.71
0.89546,123.08,-157.68
0.89556,121.59,-165.43
0.89566,119.92,-172.94
0.89576,118.09,-180.21
0.89586,116.08,-187.22
0.89596,113.91,-193.97
0.89606,111.58,-200.44
0.89616,109.09,-206.63
0.89626,106.44,-212.53
0.89636,103.64,-218.12
0.89646,100.69,-223.40
0.89656,97.60,-228.37
0.89666,94.37,-233.01
0.89676,91.01,-237.32
0.89686,87.52,-241.30
0.89696,83.90,-244.93
0.89706,80.16,-248.21
0.89716,76.31,-251.15
0.89726,72.35,-253.72
0.89736,68.28,-255.94
0.89746,64.12,-257.79
0.89756,59.87,-259.28
0.89766,55.53,-260.39
0.89776,51.11,-261.14
0.89786,46.62,-261.52
0.89796,42.06,-261.53
0.89806,37.44,-261.16
0.89816,32.77,-260.43
0.89826,28.05,-259.32
0.89836,23.30,-257.85
0.89846,18.50,-256.01
0.89856,13.68,-253.81
0.89866,8.85,-251.25
0.89876,3.99,-248.33
0.89886,-0.86,-245.05
0.89896,-5.72,-241.44
0.89906,-10.57,-237.47
0.89916,-15.41,-233.17
0.89926,-20.22,-228.54
0.89936,-25.00,-223.59
0.89946,-29.75,-218.32
0.89956,-34.46,-212.73
0.89966,-39.12,-206.85
0.89976,-43.72,-200.67
0.89986,-48.27,-194.21
0.89996,-52.74,-187.47
0.90006,-57.14,-180.47
0.90016,-61.46,-173.21
0.90026,-65.69,-165.70
0.90036,-69.83,-157.96
0.90046,-73.87,-150.00
0.90056,-77.81,-141.82
0.90066,-81.63,-133.44
0.90076,-85.34,-124.88
0.90086,-88.93,-116.13
0.90096,-92.39,-107.22
0.90106,-95.72,-98.16
0.90116,-98.92,-88.96
0.90126,-101.98,-79.63
0.90136,-104.89,-70.19
0.90146,-107.65,-60.65
0.90156,-110.26,-51.03
0.90166,-112.72,-41.33
0.90176,-115.01,-31.58
0.90186,-117.14,-21.78
0.90196,-119.11,-11.95
0.90206,-120.90,-2.10
0.90216,-122.53,7.75
0.90226,-123.98,17.58
0.90236,-125.26,27.40
0.90246,-126.35,37.17
0.90256,-127.27,46.89
0.90266,-128.01,56.54
0.90276,-128.57,66.11
0.90286,-128.94,75.59
0.90296,-129.13,84.96
0.90306,-129.14,94.21
0.90316,-128.97,103.32
0.90326,-128.61,112.29
0.90336,-128.07,121.10
0.90346,-127.35,129.73
0.90356,-126.45,138.18
0.90366,-125.37,146.44
0.90376,-124.11,154.48
0.90386,-122.67,162.31
0.90396,-121.06,169.90
0.90406,-119.28,177.25
0.90416,-117.33,184.35
0.90426,-115.22,191.19
0.90436,-112.94,197.75
0.90446,-110.50,204.04
0.90456,-107.90,210.03
0.90466,-105.15,215.73
0.90476,-102.26,221.11
0.90486,-99.21,226.19
0.90496,-96.03,230.94
0.90506,-92.71,235.36
0.90516,-89.26,239.45
0.90526,-85.68,243.19
0.90536,-81.98,246.60
0.90546,-78.17,249.65
0.90556,-74.24,252.34
0.90566,-70.21,254.68
0.90576,-66.08,256.65
0.90586,-61.86,258.26
0.90596,-57.55,259.50
0.90606,-53.15,260.37
0.90616,-48.69,260.87
0.90626,-44.15,261.01
0.90636,-39.55,260.76
0.90646,-34.90,260.15
0.90656,-30.19,259.17
0.90666,-25.45,257.82
0.90676,-20.66,256.10
0.90686,-15.85,254.02
0.90696,-11.02,251.58
0.90706,-6.17,248.78
0.90716,-1.32,245.62
0.90726,3.54,242.12
0.90736,8.40,238.27
0.90746,13.24,234.08
0.90756,18.06,229.56
0.90766,22.85,224.72
0.90776,27.61,219.55
0.90786,32.34,214.07
0.90796,37.01,208.29
0.90806,41.64,202.21
0.90816,46.20,195.84
0.90826,50.70,189.19
0.90836,55.12,182.27
0.90846,59.47,175.10
0.90856,63.73,167.67
0.90866,67.90,160.01
0.90876,71.98,152.12
0.90886,75.95,144.01
0.90896,79.81,135.70
0.90906,83.56,127.19
0.90916,87.19,118.51
0.90926,90.70,109.65
0.90936,94.07,100.64
0.90946,97.31,91.48
0.90956,100.42,82.20
0.90966,103.38,72.79
0.90976,106.19,63.29
0.90986,108.85,53.69
0.90996,111.36,44.02
0.91006,113.71,34.28
0.91016,115.89,24.49
0.91026,117.92,14.67
0.91036,119.77,4.83
0.91046,121.45,-5.02
0.91056,122.96,-14.86
0.91066,124.30,-24.68
0.91076,125.45,-34.47
0.91086,126.43,-44.21
0.91096,127.23,-53.89
0.91106,127.85,-63.49
0.91116,128.28,-73.00
0.91126,128.54,-82.40
0.91136,128.61,-91.69
0.91146,128.49,-100.86
0.91156,128.20,-109.87
0.91166,127.72,-118.73
0.91176,127.06,-127.43
0.91186,126.22,-135.94
0.91196,125.19,-144.26
0.91206,123.99,-152.38
0.91216,122.62,-160.28
0.91226,121.07,-167.95
0.91236,119.34,-175.38
0.91246,117.45,-182.57
0.91256,115.39,-189.49
0.91266,113.16,-196.15
0.91276,110.78,-202.53
0.91286,108.23,-208.62
0.91296,105.54,-214.41
0.91306,102.69,-219.90
0.91316,99.69,-225.08
0.91326,96.55,-229.94
0.91336,93.28,-234.47
0.91346,89.87,-238.67
0.91356,86.34,-242.53
0.91366,82.68,-246.05
0.91376,78.90,-249.22
0.91386,75.01,-252.03
0.91396,71.02,-254.49
0.91406,66.92,-256.58
0.91416,62.73,-258.31
0.91426,58.44,-259.68
0.91436,54.08,-260.67
0.91446,49.63,-261.30
0.91456,45.12,-261.55
0.91466,40.54,-261.43
0.91476,35.91,-260.95
0.91486,31.22,-260.09
0.91496,26.49,-258.86
0.91506,21.71,-257.26
0.91516,16.91,-255.30
0.91526,12.09,-252.98
0.91536,7.24,-250.30
0.91546,2.39,-247.26
0.91556,-2.47,-243.87
0.91566,-7.33,-240.14
0.91576,-12.17,-236.06
0.91586,-17.00,-231.65
0.91596,-21.80,-226.91
0.91606,-26.58,-221.85
0.91616,-31.31,-216.48
0.91626,-36.01,-210.79
0.91636,-40.65,-204.81
0.91646,-45.23,-198.54
0.91656,-49.75,-191.98
0.91666,-54.20,-185.15
0.91676,-58.58,-178.06
0.91686,-62.87,-170.72
0.91696,-67.07,-163.14
0.91706,-71.17,-155.32
0.91716,-75.18,-147.28
0.91726,-79.08,-139.04
0.91736,-82.87,-130.59
0.91746,-86.54,-121.97
0.91756,-90.09,-113.17
0.91766,-93.51,-104.20
0.91776,-96.79,-95.09
0.91786,-99.94,-85.85
0.91796,-102.95,-76.48
0.91806,-105.81,-67.01
0.91816,-108.53,-57.44
0.91826,-111.09,-47.79
0.91836,-113.49,-38.07
0.91846,-115.73,-28.30
0.91856,-117.80,-18.49
0.91866,-119.71,-8.66
0.91876,-121.45,1.19
0.91886,-123.02,11.04
0.91896,-124.41,20.87
0.91906,-125.63,30.67
0.91916,-126.67,40.43
0.91926,-127.53,50.13
0.91936,-128.20,59.76
0.91946,-128.70,69.30
0.91956,-129.01,78.74
0.91966,-129.14,88.07
0.91976,-129.09,97.28
0.91986,-128.86,106.34
0.91996,-128.44,115.26
0.92006,-127.84,124.01
0.92016,-127.06,132.58
0.92026,-126.09,140.97
0.92036,-124.95,149.15
0.92046,-123.64,157.13
0.92056,-122.14,164.88
0.92066,-120.48,172.39
0.92076,-118.64,179.66
0.92086,-116.63,186.67
0.92096,-114.46,193.42
0.92106,-112.13,199.89
0.92116,-109.64,206.08
0.92126,-106.99,211.98
0.92136,-104.19,217.57
0.92146,-101.24,222.85
0.92156,-98.15,227.82
0.92166,-94.92,232.46
0.92176,-91.56,236.77
0.92186,-88.07,240.75
0.92196,-84.45,244.38
0.92206,-80.71,247.66
0.92216,-76.86,250.60
0.92226,-72.90,253.17
0.92236,-68.83,255.39
0.92246,-64.67,257.24
0.92256,-60.42,258.73
0.92266,-56.08,259.85
0.92276,-51.66,260.59
0.92286,-47.17,260.97
0.92296,-42.61,260.98
0.92306,-37.99,260.61
0.92316,-33.32,259.88
0.92326,-28.60,258.77
0.92336,-23.84,257.30
0.92346,-19.05,255.46
0.92356,-14.23,253.26
0.92366,-9.39,250.70
0.92376,-4.54,247.78
0.92386,0.32,244.51
0.92396,5.17,240.89
0.92406,10.02,236.93
0.92416,14.86,232.63
0.92426,19.67,228.00
0.92436,24.46,223.04
0.92446,29.21,217.77
0.92456,33.91,212.19
0.92466,38.57,206.30
0.92476,43.18,200.13
0.92486,47.72,193.66
0.92496,52.20,186.93
0.92506,56.59,179.92
0.92516,60.91,172.66
0.92526,65.15,165.16
0.92536,69.29,157.42
0.92546,73.33,149.45
0.92556,77.26,141.28
0.92566,81.09,132.90
0.92576,84.80,124.33
0.92586,88.39,115.59
0.92596,91.85,106.68
0.92606,95.18,97.62
0.92616,98.38,88.42
0.92626,101.43,79.09
0.92636,104.35,69.65
0.92646,107.11,60.11
0.92656,109.72,50.49
0.92666,112.17,40.79
0.92676,114.47,31.04
0.92686,116.60,21.24
0.92696,118.57,11.41
0.92706,120.36,1.56
0.92716,121.99,-8.29
0.92726,123.44,-18.13
0.92736,124.71,-27.94
0.92746,125.81,-37.71
0.92756,126.73,-47.43
0.92766,127.47,-57.08
0.92776,128.03,-66.66
0.92786,128.40,-76.13
0.92796,128.59,-85.50
0.92806,128.60,-94.75
0.92816,128.43,-103.86
0.92826,128.07,-112.83
0.92836,127.53,-121.64
0.92846,126.81,-130.27
0.92856,125.91,-138.72
0.92866,124.83,-146.98
0.92876,123.57,-155.02
0.92886,122.13,-162.85
0.92896,120.52,-170.44
0.92906,118.74,-177.79
0.92916,116.79,-184.89
0.92926,114.68,-191.73
0.92936,112.40,-198.29
0.92946,109.96,-204.58
0.92956,107.36,-210.57
0.92966,104.61,-216.26
0.92976,101.72,-221.65
0.92986,98.67,-226.72
0.92996,95.49,-231.47
0.93006,92.17,-235.90
0.93016,88.72,-239.98
0.93026,85.14,-243.73
0.93036,81.44,-247.13
0.93046,77.63,-250.18
0.93056,73.70,-252.88
0.93066,69.67,-255.21
0.93076,65.54,-257.19
0.93086,61.32,-258.80
0.93096,57.01,-260.04
0.93106,52.62,-260.91
0.93116,48.15,-261.41
0.93126,43.61,-261.54
0.93136,39.02,-261.30
0.93146,34.36,-260.69
0.93156,29.66,-259.71
0.93166,24.91,-258.36
0.93176,20.13,-256.64
0.93186,15.32,-254.56
0.93196,10.49,-252.11
0.93206,5.64,-249.31
0.93216,0.78,-246.16
0.93226,-4.08,-242.65
0.93236,-8.93,-238.81
0.93246,-13.77,-234.62
0.93256,-18.59,-230.10
0.93266,-23.39,-225.25
0.93276,-28.15,-220.08
0.93286,-32.87,-214.60
0.93296,-37.55,-208.82
0.93306,-42.17,-202.74
0.93316,-46.73,-196.37
0.93326,-51.23,-189.72
0.93336,-55.66,-182.81
0.93346,-60.00,-175.63
0.93356,-64.26,-168.21
0.93366,-68.44,-160.54
0.93376,-72.51,-152.65
0.93386,-76.48,-144.54
0.93396,-80.34,-136.23
0.93406,-84.09,-127.73
0.93416,-87.72,-119.04
0.93426,-91.23,-110.18
0.93436,-94.60,-101.17
0.93446,-97.85,-92.01
0.93456,-100.95,-82.73
0.93466,-103.91,-73.33
0.93476,-106.72,-63.82
0.93486,-109.38,-54.22
0.93496,-111.89,-44.55
0.93506,-114.24,-34.81
0.93516,-116.42,-25.02
0.93526,-118.45,-15.20
0.93536,-120.30,-5.36
0.93546,-121.98,4.49
0.93556,-123.49,14.33
0.93566,-124.83,24.15
0.93576,-125.98,33.94
0.93586,-126.96,43.68
0.93596,-127.76,53.36
0.93606,-128.38,62.96
0.93616,-128.81,72.47
0.93626,-129.07,81.88
0.93636,-129.13,91.17
0.93646,-129.02,100.33
0.93656,-128.72,109.34
0.93666,-128.25,118.21
0.93676,-127.58,126.90
0.93686,-126.74,135.41
0.93696,-125.72,143.73
0.93706,-124.52,151.85
0.93716,-123.14,159.75
0.93726,-121.59,167.42
0.93736,-119.87,174.85
0.93746,-117.98,182.04
0.93756,-115.92,188.96
0.93766,-113.69,195.62
0.93776,-111.30,202.00
0.93786,-108.76,208.09
0.93796,-106.06,213.89
0.93806,-103.21,219.38
0.93816,-100.22,224.56
0.93826,-97.08,229.41
0.93836,-93.81,233.95
0.93846,-90.40,238.15
0.93856,-86.86,242.01
0.93866,-83.20,245.53
0.93876,-79.43,248.69
0.93886,-75.54,251.51
0.93896,-71.54,253.96
0.93906,-67.44,256.06
0.93916,-63.25,257.79
0.93926,-58.97,259.15
0.93936,-54.60,260.15
0.93946,-50.16,260.77
0.93956,-45.64,261.03
0.93966,-41.07,260.91
0.93976,-36.43,260.42
0.93986,-31.74,259.56
0.93996,-27.01,258.34
0.94006,-22.24,256.74
0.94016,-17.44,254.78
0.94026,-12.61,252.46
0.94036,-7.76,249.78
0.94046,-2.91,246.74
0.94056,1.95,243.35
0.94066,6.80,239.62
0.94076,11.65,235.54
0.94086,16.48,231.13
0.94096,21.28,226.39
0.94106,26.06,221.33
0.94116,30.79,215.96
0.94126,35.49,210.27
0.94136,40.13,204.29
0.94146,44.71,198.02
0.94156,49.23,191.46
0.94166,53.68,184.63
0.94176,58.06,177.54
0.94186,62.35,170.20
0.94196,66.55,162.62
0.94206,70.66,154.80
0.94216,74.66,146.76
0.94226,78.56,138.52
0.94236,82.35,130.08
0.94246,86.02,121.45
0.94256,89.57,112.65
0.94266,92.99,103.68
0.94276,96.27,94.58
0.94286,99.42,85.33
0.94296,102.43,75.97
0.94306,105.30,66.49
0.94316,108.01,56.92
0.94326,110.57,47.27
0.94336,112.97,37.56
0.94346,115.21,27.79
0.94356,117.29,17.97
0.94366,119.20,8.14
0.94376,120.93,-1.71
0.94386,122.50,-11.56
0.94396,123.90,-21.39
0.94406,125.11,-31.19
0.94416,126.15,-40.95
0.94426,127.01,-50.64
0.94436,127.69,-60.27
0.94446,128.18,-69.81
0.94456,128.50,-79.26
0.94466,128.63,-88.59
0.94476,128.58,-97.79
0.94486,128.34,-106.86
0.94496,127.92,-115.77
0.94506,127.32,-124.52
0.94516,126.54,-133.10
0.94526,125.58,-141.48
0.94536,124.44,-149.67
0.94546,123.12,-157.64
0.94556,121.63,-165.39
0.94566,119.96,-172.90
0.94576,118.12,-180.17
0.94586,116.12,-187.19
0.94596,113.95,-193.93
0.94606,111.62,-200.41
0.94616,109.12,-206.59
0.94626,106.48,-212.49
0.94636,103.68,-218.08
0.94646,100.73,-223.37
0.94656,97.64,-228.33
0.94666,94.41,-232.97
0.94676,91.05,-237.29
0.94686,87.55,-241.26
0.94696,83.94,-244.89
0.94706,80.20,-248.18
0.94716,76.35,-251.11
0.94726,72.38,-253.68
0.94736,68.32,-255.90
0.94746,64.16,-257.75
0.94756,59.91,-259.24
0.94766,55.57,-260.36
0.94776,51.15,-261.11
0.94786,46.66,-261.48
0.94796,42.10,-261.49
0.94806,37.48,-261.13
0.94816,32.81,-260.39
0.94826,28.09,-259.29
0.94836,23.33,-257.81
0.94846,18.54,-255.97
0.94856,13.72,-253.77
0.94866,8.88,-251.21
0.94876,4.03,-248.29
0.94886,-0.83,-245.02
0.94896,-5.68,-241.40
0.94906,-10.53,-237.44
0.94916,-15.37,-233.14
0.94926,-20.18,-228.51
0.94936,-24.97,-223.55
0.94946,-29.72,-218.28
0.94956,-34.42,-212.70
0.94966,-39.08,-206.81
0.94976,-43.69,-200.64
0.94986,-48.23,-194.17
0.94996,-52.70,-187.44
0.95006,-57.10,-180.43
0.95016,-61.42,-173.17
0.95026,-65.65,-165.67
0.95036,-69.79,-157.93
0.95046,-73.83,-149.96
0.95056,-77.77,-141.78
0.95066,-81.59,-133.41
0.95076,-85.30,-124.84
0.95086,-88.89,-116.09
0.95096,-92.36,-107.18
0.95106,-95.69,-98.12
0.95116,-98.88,-88.92
0.95126,-101.94,-79.60
0.95136,-104.85,-70.16
0.95146,-107.61,-60.62
0.95156,-110.23,-50.99
0.95166,-112.68,-41.30
0.95176,-114.97,-31.54
0.95186,-117.11,-21.74
0.95196,-119.07,-11.91
0.95206,-120.87,-2.07
0.95216,-122.49,7.78
0.95226,-123.94,17.62
0.95236,-125.22,27.43
0.95246,-126.32,37.21
0.95256,-127.24,46.93
0.95266,-127.97,56.58
0.95276,-128.53,66.15
0.95286,-128.91,75.63
0.95296,-129.10,85.00
0.95300,-129.10,88.88
0.95305,-219.95,143.57
0.95312,-336.07,216.18
0.95322,-500.02,324.57
0.95332,-648.90,433.92
0.95342,-783.35,546.23
0.95352,-904.94,663.50
0.95362,-1015.94,786.77
0.95372,-1117.45,915.18
0.95382,-1210.35,1046.33
0.95392,-1295.14,1176.94
0.95402,-1373.32,1303.90
0.95412,-1447.14,1424.86
0.95422,-1519.73,1538.43
0.95432,-1593.99,1643.81
0.95442,-1672.11,1740.37
0.95452,-1754.98,1827.48
0.95462,-1842.17,1904.51
0.95472,-1932.41,1971.24
0.95482,-2023.79,2028.10
0.95492,-2114.42,2076.45
0.95502,-2202.14,2118.25
0.95512,-2284.97,2155.92
0.95522,-2360.45,2191.68
0.95532,-2426.48,2227.47
0.95542,-2480.62,2264.59
0.95552,-2521.35,2304.01
0.95562,-2547.33,2346.15
0.95572,-2558.59,2391.29
0.95582,-2555.40,2439.19
0.95592,-2539.31,2489.40
0.95602,-2511.67,2540.81
0.95612,-2474.71,2592.10
0.95622,-2430.13,2641.47
0.95632,-2380.18,2687.27
0.95642,-2326.38,2727.82
0.95652,-2270.59,2761.95
0.95662,-2213.75,2788.72
0.95672,-2156.86,2807.77
0.95682,-2099.86,2818.94
0.95692,-2042.63,2822.56
0.95702,-1984.09,2819.12
0.95712,-1923.22,2809.52
0.95722,-1858.40,2794.76
0.95732,-1788.35,2776.07
0.95742,-1711.54,2754.59
0.95752,-1627.02,2731.39
0.95762,-1533.88,2707.21
0.95772,-1431.86,2682.52
0.95782,-1320.91,2657.40
0.95792,-1201.63,2631.63
0.95802,-1074.89,2604.66
0.95812,-942.04,2575.73
0.95822,-804.63,2543.89
0.95832,-664.37,2508.12
0.95842,-522.96,2467.37
0.95852,-381.91,2420.70
0.95862,-242.54,2367.39
0.95872,-105.67,2306.97
0.95882,28.12,2239.35
0.95892,158.85,2164.72
0.95902,286.79,2083.68
0.95912,412.73,1997.04
0.95922,537.59,1905.92
0.95932,662.69,1811.49
0.95942,789.18,1715.11
0.95952,918.43,1617.99
0.95962,1051.36,1521.32
0.95972,1188.90,1426.00
0.95982,1331.33,1332.75
0.95992,1478.83,1241.89
0.96002,1630.89,1153.52
0.96012,1786.90,1067.32
0.96022,1945.65,982.85
0.96032,2105.95,899.34
0.96042,2266.18,815.98
0.96052,2424.94,731.82
0.96062,2580.60,646.05
0.96072,2731.98,557.85
0.96082,2877.89,466.69
0.96092,3017.68,372.18
0.96102,3150.82,274.27
0.96112,3277.32,173.11
0.96122,3397.34,69.13
0.96132,3511.46,-37.05
0.96142,3620.31,-144.64
0.96152,3724.75,-252.79
0.96162,3825.56,-360.56
0.96172,3923.54,-467.15
0.96182,4019.27,-571.77
0.96192,4113.15,-673.87
0.96202,4205.29,-773.06
0.96212,4295.55,-869.18
0.96222,4383.51,-962.27
0.96232,4468.50,-1052.57
0.96242,4549.68,-1140.45
0.96252,4626.09,-1226.39
0.96262,4696.76,-1310.91
0.96272,4760.70,-1394.50
0.96282,4817.11,-1477.60
0.96292,4865.32,-1560.48
0.96302,4904.94,-1643.28
0.96312,4935.79,-1725.94
0.96322,4958.02,-1808.19
0.96332,4971.97,-1889.58
0.96342,4978.26,-1969.55
0.96352,4977.57,-2047.36
0.96362,4970.78,-2122.28
0.96372,4958.69,-2193.51
0.96382,4942.13,-2260.36
0.96392,4921.72,-2322.20
0.96402,4898.01,-2378.58
0.96412,4871.21,-2429.18
0.96422,4841.41,-2473.93
0.96432,4808.39,-2512.91
0.96442,4771.78,-2546.39
0.96452,4730.98,-2574.80
0.96462,4685.33,-2598.65
0.96472,4634.09,-2618.52
0.96482,4576.54,-2635.00
0.96492,4512.02,-2648.62
0.96502,4440.05,-2659.86
0.96512,4360.27,-2669.03
0.96522,4272.59,-2676.31
0.96532,4177.10,-2681.72
0.96542,4074.13,-2685.12
0.96552,3964.18,-2686.22
0.96562,3847.93,-2684.65
0.96572,3726.14,-2679.91
0.96582,3599.62,-2671.52
0.96592,3469.19,-2658.98
0.96602,3335.60,-2641.84
0.96612,3199.47,-2619.76
0.96622,3061.29,-2592.50
0.96632,2921.40,-2559.97
0.96642,2779.91,-2522.19
0.96652,2636.85,-2479.36
0.96662,2492.03,-2431.76
0.96672,2345.24,-2379.76
0.96682,2196.13,-2323.81
0.96692,2044.42,-2264.35
0.96702,1889.81,-2201.82
0.96712,1732.14,-2136.61
0.96722,1571.31,-2069.01
0.96732,1407.44,-1999.22
0.96742,1240.72,-1927.33
0.96752,1071.57,-1853.32
0.96762,900.51,-1777.06
0.96772,728.18,-1698.36
0.96782,555.29,-1616.95
0.96792,382.60,-1532.57
0.96802,210.82,-1444.95
0.96812,40.64,-1353.88
0.96822,-127.37,-1259.20
0.96832,-292.72,-1160.88
0.96842,-455.13,-1058.98
0.96852,-614.39,-953.67
0.96862,-770.50,-845.25
0.96872,-923.52,-734.11
0.96882,-1073.66,-620.70
0.96892,-1221.15,-505.53
0.96902,-1366.25,-389.14
0.96912,-1509.20,-272.03
0.96922,-1650.20,-154.69
0.96932,-1789.33,-37.50
0.96942,-1926.59,79.21
0.96952,-2061.84,195.23
0.96962,-2194.82,310.44
0.96972,-2325.14,424.81
0.96982,-2452.32,538.41
0.96992,-2575.84,651.36
0.97002,-2695.08,763.81
0.97012,-2809.49,875.93
0.97022,-2918.49,987.87
0.97032,-3021.62,1099.73
0.97042,-3118.47,1211.58
0.97052,-3208.76,1323.36
0.97062,-3292.32,1434.97
0.97072,-3369.11,1546.22
0.97082,-3439.19,1656.82
0.97092,-3502.71,1766.45
0.97102,-3559.87,1874.70
0.97112,-3610.94,1981.20
0.97122,-3656.16,2085.53
0.97132,-3695.77,2187.31
0.97142,-3729.94,2286.21
0.97152,-3758.78,2381.97
0.97162,-3782.34,2474.36
0.97172,-3800.54,2563.28
0.97182,-3813.26,2648.65
0.97192,-3820.29,2730.50
0.97202,-3821.37,2808.86
0.97212,-3816.23,2883.84
0.97222,-3804.58,2955.54
0.97232,-3786.17,3024.05
0.97242,-3760.79,3089.43
0.97252,-3728.32,3151.72
0.97262,-3688.71,3210.88
0.97272,-3642.02,3266.84
0.97282,-3588.39,3319.43
0.97292,-3528.05,3368.47
0.97302,-3461.31,3413.70
0.97312,-3388.53,3454.84
0.97322,-3310.10,3491.61
0.97332,-3226.42,3523.73
0.97342,-3137.88,3550.93
0.97352,-3044.81,3572.99
0.97362,-2947.50,3589.76
0.97372,-2846.18,3601.13
0.97382,-2740.99,3607.08
0.97392,-2632.01,3607.63
0.97402,-2519.26,3602.89
0.97412,-2402.69,3593.01
0.97422,-2282.26,3578.17
0.97432,-2157.88,3558.57
0.97442,-2029.50,3534.42
0.97452,-1897.07,3505.93
0.97462,-1760.64,3473.26
0.97472,-1620.27,3436.55
0.97482,-1476.12,3395.88
0.97492,-1328.43,3351.31
0.97502,-1177.49,3302.82
0.97512,-1023.65,3250.37
0.97522,-867.33,3193.91
0.97532,-708.97,3133.33
0.97542,-549.01,3068.55
0.97552,-387.89,2999.50
0.97562,-226.03,2926.12
0.97572,-63.80,2848.39
0.97582,98.47,2766.34
0.97592,260.51,2680.06
0.97602,422.12,2589.67
0.97612,583.14,2495.35
0.97622,743.46,2397.30
0.97632,902.99,2295.78
0.97642,1061.68,2191.06
0.97652,1219.45,2083.39
0.97662,1376.24,1973.04
0.97672,1531.93,1860.27
0.97682,1686.39,1745.29
0.97692,1839.42,1628.28
0.97702,1990.79,1509.41
0.97712,2140.20,1388.79
0.97722,2287.33,1266.51
0.97732,2431.82,1142.63
0.97742,2573.31,1017.20
0.97752,2711.40,890.28
0.97762,2845.74,761.91
0.97772,2975.98,632.17
0.97782,3101.83,501.16
0.97792,3223.03,369.01
0.97802,3339.38,235.90
0.97812,3450.73,102.02
0.97822,3556.99,-32.37
0.97832,3658.11,-167.00
0.97842,3754.08,-301.57
0.97852,3844.89,-435.76
0.97862,3930.58,-569.27
0.97872,4011.16,-701.78
0.97882,4086.63,-833.00
0.97892,4156.98,-962.66
0.97902,4222.16,-1090.53
0.97912,4282.08,-1216.40
0.97922,4336.63,-1340.10
0.97932,4385.65,-1461.49
0.97942,4428.99,-1580.47
0.97952,4466.46,-1696.95
0.97962,4497.88,-1810.86
0.97972,4523.07,-1922.12
0.97982,4541.87,-2030.65
0.97992,4554.16,-2136.37
0.98002,4559.86,-2239.18
0.98012,4558.93,-2338.94
0.98022,4551.36,-2435.51
0.98032,4537.21,-2528.71
0.98042,4516.57,-2618.36
0.98052,4489.55,-2704.24
0.98062,4456.32,-2786.14
0.98072,4417.02,-2863.84
0.98082,4371.84,-2937.15
0.98092,4320.93,-3005.86
0.98102,4264.45,-3069.80
0.98112,4202.53,-3128.84
0.98122,4135.27,-3182.86
0.98132,4062.78,-3231.78
0.98142,3985.11,-3275.54
0.98152,3902.31,-3314.12
0.98162,3814.43,-3347.50
0.98172,3721.49,-3375.71
0.98182,3623.55,-3398.76
0.98192,3520.66,-3416.66
0.98202,3412.90,-3429.45
0.98212,3300.38,-3437.12
0.98222,3183.23,-3439.68
0.98232,3061.65,-3437.11
0.98242,2935.83,-3429.37
0.98252,2806.01,-3416.43
0.98262,2672.47,-3398.24
0.98272,2535.48,-3374.74
0.98282,2395.35,-3345.89
0.98292,2252.37,-3311.64
0.98302,2106.84,-3271.97
0.98312,1959.03,-3226.88
0.98322,1809.20,-3176.38
0.98332,1657.61,-3120.52
0.98342,1504.46,-3059.37
0.98352,1349.95,-2993.05
0.98362,1194.26,-2921.66
0.98372,1037.55,-2845.36
0.98382,879.96,-2764.32
0.98392,721.65,-2678.71
0.98402,562.77,-2588.70
0.98412,403.49,-2494.48
0.98422,243.98,-2396.22
0.98432,84.44,-2294.08
0.98442,-74.91,-2188.23
0.98452,-233.83,-2078.80
0.98462,-392.05,-1965.94
0.98472,-549.29,-1849.77
0.98482,-705.28,-1730.40
0.98492,-859.71,-1607.96
0.98502,-1012.29,-1482.57
0.98512,-1162.74,-1354.37
0.98522,-1310.79,-1223.50
0.98532,-1456.18,-1090.11
0.98542,-1598.68,-954.38
0.98552,-1738.09,-816.51
0.98562,-1874.22,-676.71
0.98572,-2006.91,-535.21
0.98582,-2136.01,-392.25
0.98592,-2261.40,-248.08
0.98602,-2382.97,-102.97
0.98612,-2500.59,42.83
0.98622,-2614.15,189.05
0.98632,-2723.54,335.46
0.98642,-2828.63,481.80
0.98652,-2929.28,627.85
0.98662,-3025.35,773.38
0.98672,-3116.68,918.21
0.98682,-3203.12,1062.13
0.98692,-3284.49,1204.96
0.98702,-3360.63,1346.52
0.98712,-3431.40,1486.64
0.98722,-3496.63,1625.14
0.98732,-3556.21,1761.84
0.98742,-3610.02,1896.56
0.98752,-3657.98,2029.10
0.98762,-3700.03,2159.26
0.98772,-3736.11,2286.84
0.98782,-3766.23,2411.61
0.98792,-3790.37,2533.35
0.98802,-3808.58,2651.84
0.98812,-3820.86,2766.84
0.98822,-3827.28,2878.14
0.98832,-3827.88,2985.53
0.98842,-3822.71,3088.80
0.98852,-3811.82,3187.77
0.98862,-3795.24,3282.27
0.98872,-3773.01,3372.15
0.98882,-3745.17,3457.26
0.98892,-3711.74,3537.48
0.98902,-3672.75,3612.72
0.98912,-3628.22,3682.88
0.98922,-3578.20,3747.87
0.98932,-3522.71,3807.63
0.98942,-3461.81,3862.07
0.98952,-3395.57,3911.14
0.98962,-3324.08,3954.77
0.98972,-3247.44,3992.89
0.98982,-3165.78,4025.42
0.98992,-3079.22,4052.32
0.99002,-2987.95,4073.49
0.99012,-2892.12,4088.89
0.99022,-2791.92,4098.45
0.99032,-2687.53,4102.13
0.99042,-2579.16,4099.87
0.99052,-2467.00,4091.65
0.99062,-2351.24,4077.46
0.99072,-2232.06,4057.30
0.99082,-2109.65,4031.19
0.99092,-1984.19,3999.16
0.99102,-1855.85,3961.26
0.99112,-1724.79,3917.56
0.99122,-1591.17,3868.14
0.99132,-1455.18,3813.10
0.99142,-1316.97,3752.52
0.99152,-1176.72,3686.52
0.99162,-1034.62,3615.20
0.99172,-890.86,3538.68
0.99182,-745.64,3457.07
0.99192,-599.18,3370.49
0.99202,-451.70,3279.06
0.99212,-303.44,3182.88
0.99222,-154.64,3082.08
0.99232,-5.55,2976.78
0.99242,143.59,2867.12
0.99252,292.53,2753.22
0.99262,441.02,2635.24
0.99272,588.84,2513.34
0.99282,735.76,2387.67
0.99292,881.55,2258.43
0.99302,1026.02,2125.80
0.99312,1168.97,1989.99
0.99322,1310.20,1851.22
0.99332,1449.56,1709.71
0.99342,1586.85,1565.70
0.99352,1721.92,1419.41
0.99362,1854.59,1271.09
0.99372,1984.71,1120.99
0.99382,2112.10,969.33
0.99392,2236.61,816.35
0.99402,2358.05,662.30
0.99412,2476.25,507.40
0.99422,2591.05,351.88
0.99432,2702.26,195.96
0.99442,2809.72,39.87
0.99452,2913.25,-116.18
0.99462,3012.69,-271.95
0.99472,3107.90,-427.24
0.99482,3198.71,-581.80
0.99492,3285.02,-735.43
0.99502,3366.68,-887.87
0.99512,3443.61,-1038.91
0.99522,3515.71,-1188.29
0.99532,3582.89,-1335.79
0.99542,3645.08,-1481.17
0.99552,3702.24,-1624.17
0.99562,3754.31,-1764.58
0.99572,3801.25,-1902.16
0.99582,3843.01,-2036.68
0.99592,3879.57,-2167.92
0.99602,3910.88,-2295.68
0.99612,3936.93,-2419.76
0.99622,3957.68,-2539.96
0.99632,3973.10,-2656.12
0.99642,3983.18,-2768.05
0.99652,3987.88,-2875.59
0.99662,3987.21,-2978.61
0.99672,3981.15,-3076.94
0.99682,3969.71,-3170.46
0.99692,3952.90,-3259.02
0.99702,3930.73,-3342.51
0.99712,3903.26,-3420.79
0.99722,3870.53,-3493.75
0.99732,3832.59,-3561.27
0.99742,3789.52,-3623.25
0.99752,3741.41,-3679.57
0.99762,3688.33,-3730.15
0.99772,3630.40,-3774.88
0.99782,3567.72,-3813.70
0.99792,3500.41,-3846.53
0.99802,3428.56,-3873.31
0.99812,3352.31,-3893.99
0.99822,3271.76,-3908.55
0.99832,3187.05,-3916.95
0.99842,3098.28,-3919.19
0.99852,3005.59,-3915.28
0.99862,2909.10,-3905.23
0.99872,2808.94,-3889.06
0.99882,2705.23,-3866.82
0.99892,2598.12,-3838.54
0.99902,2487.75,-3804.29
0.99912,2374.27,-3764.11
0.99922,2257.83,-3718.08
0.99932,2138.62,-3666.28
0.99942,2016.79,-3608.77
0.99952,1892.54,-3545.65
0.99962,1766.03,-3477.01
0.99972,1637.48,-3402.94
0.99982,1507.07,-3323.55
0.99992,1374.99,-3238.95
1.00002,1241.46,-3149.26
1.00012,1106.66,-3054.62
1.00022,970.79,-2955.16
1.00032,834.06,-2851.04
1.00042,696.64,-2742.42
1.00052,558.73,-2629.45
1.00062,420.52,-2512.34
1.00072,282.19,-2391.25
1.00082,143.92,-2266.38
1.00092,5.89,-2137.95
1.00102,-131.71,-2006.14
1.00112,-268.71,-1871.18
1.00122,-404.93,-1733.27
1.00132,-540.18,-1592.64
1.00142,-674.29,-1449.50
1.00152,-807.07,-1304.08
1.00162,-938.34,-1156.59
1.00172,-1067.91,-1007.26
1.00182,-1195.60,-856.31
1.00192,-1321.23,-703.98
1.00202,-1444.63,-550.48
1.00212,-1565.61,-396.05
1.00222,-1684.02,-240.92
1.00232,-1799.69,-85.33
1.00242,-1912.46,70.50
1.00252,-2022.19,226.31
1.00262,-2128.73,381.87
1.00272,-2231.96,536.93
1.00282,-2331.74,691.25
1.00292,-2427.96,844.60
1.00302,-2520.49,996.71
1.00312,-2609.24,1147.36
1.00322,-2694.10,1296.32
1.00332,-2774.96,1443.33
1.00342,-2851.73,1588.19
1.00352,-2924.31,1730.66
1.00362,-2992.63,1870.52
1.00372,-3056.58,2007.58
1.00382,-3116.09,2141.61
1.00392,-3171.09,2272.43
1.00402,-3221.49,2399.84
1.00412,-3267.23,2523.66
1.00422,-3308.24,2643.71
1.00432,-3344.49,2759.80
1.00442,-3375.91,2871.78
1.00452,-3402.47,2979.49
1.00462,-3424.14,3082.75
1.00472,-3440.90,3181.42
1.00482,-3452.74,3275.36
1.00492,-3459.66,3364.41
1.00502,-3461.65,3448.46
1.00512,-3458.73,3527.37
1.00522,-3450.91,3601.02
1.00532,-3438.23,3669.30
1.00542,-3420.71,3732.12
1.00552,-3398.38,3789.37
1.00562,-3371.28,3840.99
1.00572,-3339.46,3886.88
1.00582,-3302.97,3927.01
1.00592,-3261.86,3961.30
1.00602,-3216.19,3989.73
1.00612,-3166.02,4012.26
1.00622,-3111.42,4028.86
1.00632,-3052.46,4039.53
1.00642,-2989.23,4044.25
1.00652,-2921.82,4043.04
1.00662,-2850.31,4035.90
1.00672,-2774.82,4022.85
1.00682,-2695.44,4003.93
1.00692,-2612.30,3979.15
1.00702,-2525.52,3948.58
1.00712,-2435.22,3912.25
1.00722,-2341.54,3870.22
1.00732,-2244.62,3822.57
1.00742,-2144.59,3769.36
1.00752,-2041.60,3710.69
1.00762,-1935.81,3646.64
1.00772,-1827.35,3577.32
1.00782,-1716.38,3502.84
1.00792,-1603.06,3423.32
1.00802,-1487.54,3338.88
1.00812,-1369.97,3249.68
1.00822,-1250.52,3155.84
1.00832,-1129.33,3057.53
1.00842,-1006.58,2954.91
1.00852,-882.43,2848.14
1.00862,-757.03,2737.39
1.00872,-630.55,2622.84
1.00882,-503.18,2504.68
1.00892,-375.06,2383.08
1.00902,-246.39,2258.25
1.00912,-117.33,2130.37
1.00922,11.95,1999.64
1.00932,141.26,1866.27
1.00942,270.43,1730.46
1.00952,399.29,1592.41
1.00962,527.67,1452.35
1.00972,655.38,1310.48
1.00982,782.26,1167.02
1.00992,908.15,1022.19
1.01002,1032.87,876.22
1.01012,1156.26,729.33
1.01022,1278.17,581.75
1.01032,1398.43,433.69
1.01042,1516.90,285.40
1.01052,1633.42,137.10
1.01062,1747.84,-11.00
1.01072,1860.01,-158.65
1.01082,1969.79,-305.64
1.01092,2077.04,-451.75
1.01102,2181.61,-596.75
1.01112,2283.36,-740.45
1.01122,2382.17,-882.62
1.01132,2477.89,-1023.05
1.01142,2570.40,-1161.55
1.01152,2659.58,-1297.92
1.01162,2745.29,-1431.96
1.01172,2827.42,-1563.47
1.01182,2905.86,-1692.28
1.01192,2980.51,-1818.20
1.01202,3051.26,-1941.04
1.01212,3118.01,-2060.65
1.01222,3180.68,-2176.84
1.01232,3239.19,-2289.45
1.01242,3293.45,-2398.33
1.01252,3343.39,-2503.32
1.01262,3388.96,-2604.28
1.01272,3430.09,-2701.05
1.01282,3466.72,-2793.52
1.01292,3498.82,-2881.55
1.01302,3526.32,-2965.02
1.01312,3549.21,-3043.83
1.01322,3567.44,-3117.86
1.01332,3581.00,-3187.02
1.01342,3589.85,-3251.23
1.01352,3593.99,-3310.39
1.01362,3593.40,-3364.45
1.01372,3588.08,-3413.33
1.01382,3578.04,-3456.98
1.01392,3563.29,-3495.34
1.01402,3543.85,-3528.38
1.01412,3519.73,-3556.06
1.01422,3490.97,-3578.36
1.01432,3457.62,-3595.26
1.01442,3419.71,-3606.73
1.01452,3377.29,-3612.79
1.01462,3330.43,-3613.43
1.01472,3279.19,-3608.67
1.01482,3223.64,-3598.52
1.01492,3163.85,-3583.02
1.01502,3099.91,-3562.20
1.01512,3031.90,-3536.10
1.01522,2959.91,-3504.78
1.01532,2884.03,-3468.29
1.01542,2804.38,-3426.71
1.01552,2721.04,-3380.12
1.01562,2634.13,-3328.60
1.01572,2543.77,-3272.24
1.01582,2450.05,-3211.14
1.01592,2353.12,-3145.40
1.01602,2253.09,-3075.15
1.01612,2150.09,-3000.50
1.01622,2044.25,-2921.57
1.01632,1935.72,-2838.50
1.01642,1824.63,-2751.43
1.01652,1711.14,-2660.48
1.01662,1595.38,-2565.82
1.01672,1477.52,-2467.59
1.01682,1357.70,-2365.95
1.01692,1236.09,-2261.05
1.01702,1112.84,-2153.07
1.01712,988.12,-2042.17
1.01722,862.10,-1928.52
1.01732,734.94,-1812.30
1.01742,606.80,-1693.69
1.01752,477.85,-1572.88
1.01762,348.27,-1450.04
1.01772,218.22,-1325.36
1.01782,87.88,-1199.04
1.01792,-42.59,-1071.26
1.01802,-173.01,-942.22
1.01812,-303.21,-812.11
1.01822,-433.02,-681.13
1.01832,-562.26,-549.46
1.01842,-690.76,-417.31
1.01852,-818.34,-284.86
1.01862,-944.85,-152.30
1.01872,-1070.09,-19.83
1.01882,-1193.90,112.36
1.01892,-1316.12,244.09
1.01902,-1436.56,375.16
1.01912,-1555.07,505.41
1.01922,-1671.48,634.63
1.01932,-1785.63,762.66
1.01942,-1897.36,889.31
1.01952,-2006.51,1014.41
1.01962,-2112.93,1137.78
1.01972,-2216.48,1259.25
1.01982,-2317.01,1378.66
1.01992,-2414.38,1495.84
1.02002,-2508.45,1610.64
1.02012,-2599.10,1722.89
1.02022,-2686.19,1832.44
1.02032,-2769.60,1939.15
1.02042,-2849.22,2042.88
1.02052,-2924.93,2143.47
1.02062,-2996.63,2240.81
1.02072,-3064.20,2334.76
1.02082,-3127.56,2425.20
1.02092,-3186.61,2512.01
1.02102,-3241.26,2595.09
1.02112,-3291.44,2674.33
1.02122,-3337.06,2749.62
1.02132,-3378.07,2820.87
1.02142,-3414.39,2888.01
1.02152,-3445.97,2950.93
1.02162,-3472.77,3009.57
1.02172,-3494.74,3063.87
1.02182,-3511.84,3113.75
1.02192,-3524.05,3159.15
1.02202,-3531.35,3200.04
1.02212,-3533.72,3236.36
1.02222,-3531.14,3268.07
1.02232,-3523.63,3295.16
1.02242,-3511.18,3317.59
1.02252,-3493.80,3335.34
1.02262,-3471.52,3348.42
1.02272,-3444.35,3356.81
1.02282,-3412.32,3360.52
1.02292,-3375.47,3359.57
1.02302,-3333.85,3353.97
1.02312,-3287.49,3343.75
1.02322,-3236.46,3328.94
1.02332,-3180.81,3309.58
1.02342,-3120.61,3285.71
1.02352,-3055.93,3257.39
1.02362,-2986.86,3224.67
1.02372,-2913.48,3187.61
1.02382,-2835.87,3146.30
1.02392,-2754.14,3100.79
1.02402,-2668.39,3051.17
1.02412,-2578.73,2997.53
1.02422,-2485.28,2939.95
1.02432,-2388.15,2878.53
1.02442,-2287.47,2813.37
1.02452,-2183.38,2744.58
1.02462,-2076.00,2672.26
1.02472,-1965.48,2596.53
1.02482,-1851.97,2517.50
1.02492,-1735.61,2435.30
1.02502,-1616.55,2350.05
1.02512,-1494.97,2261.88
1.02522,-1371.01,2170.92
1.02532,-1244.85,2077.31
1.02542,-1116.66,1981.19
1.02552,-986.60,1882.69
1.02562,-854.85,1781.97
1.02572,-721.60,1679.15
1.02582,-587.03,1574.40
1.02592,-451.32,1467.86
1.02602,-314.66,1359.68
1.02612,-177.24,1250.01
1.02622,-39.25,1139.01
1.02632,99.11,1026.82
1.02642,237.66,913.60
1.02652,376.18,799.51
1.02662,514.50,684.70
1.02672,652.41,569.33
1.02682,789.72,453.55
1.02692,926.23,337.52
1.02702,1061.75,221.40
1.02712,1196.08,105.34
1.02722,1329.04,-10.50
1.02732,1460.43,-125.97
1.02742,1590.07,-240.91
1.02752,1717.76,-355.18
1.02762,1843.33,-468.61
1.02772,1966.60,-581.07
1.02782,2087.38,-692.39
1.02792,2205.50,-802.45
1.02802,2320.80,-911.08
1.02812,2433.10,-1018.16
1.02822,2542.25,-1123.54
1.02832,2648.07,-1227.08
1.02842,2750.42,-1328.65
1.02852,2849.14,-1428.13
1.02862,2944.09,-1525.38
1.02872,3035.14,-1620.28
1.02882,3122.13,-1712.72
1.02892,3204.95,-1802.57
1.02902,3283.48,-1889.72
1.02912,3357.58,-1974.06
1.02922,3427.15,-2055.49
1.02932,3492.08,-2133.91
1.02942,3552.28,-2209.23
1.02952,3607.66,-2281.34
1.02962,3658.11,-2350.17
1.02972,3703.57,-2415.63
1.02982,3743.96,-2477.65
1.02992,3779.21,-2536.15
1.03002,3809.27,-2591.06
1.03012,3834.08,-2642.33
1.03022,3853.59,-2689.90
1.03032,3867.77,-2733.71
1.03042,3876.59,-2773.73
1.03052,3880.01,-2809.91
1.03062,3878.02,-2842.21
1.03072,3870.62,-2870.61
1.03082,3857.80,-2895.09
1.03092,3839.56,-2915.61
1.03102,3815.92,-2932.17
1.03112,3786.89,-2944.77
1.03122,3752.52,-2953.38
1.03132,3712.82,-2958.03
1.03142,3667.85,-2958.71
1.03152,3617.66,-2955.43
1.03162,3562.31,-2948.21
1.03172,3501.86,-2937.07
1.03182,3436.38,-2922.04
1.03192,3365.97,-2903.15
1.03202,3290.70,-2880.42
1.03212,3210.68,-2853.91
1.03222,3126.00,-2823.66
1.03232,3036.78,-2789.71
1.03242,2943.14,-2752.11
1.03252,2845.20,-2710.93
1.03262,2743.09,-2666.23
1.03272,2636.94,-2618.07
1.03282,2526.91,-2566.52
1.03292,2413.13,-2511.65
1.03302,2295.77,-2453.54
1.03312,2174.99,-2392.28
1.03322,2050.96,-2327.94
1.03332,1923.84,-2260.62
1.03342,1793.82,-2190.40
1.03352,1661.07,-2117.38
1.03362,1525.79,-2041.66
1.03372,1388.16,-1963.33
1.03382,1248.38,-1882.51
1.03392,1106.64,-1799.30
1.03402,963.16,-1713.80
1.03412,818.13,-1626.14
1.03422,671.76,-1536.42
1.03432,524.26,-1444.76
1.03442,375.85,-1351.28
1.03452,226.72,-1256.10
1.03462,77.11,-1159.35
1.03472,-72.78,-1061.15
1.03482,-222.73,-961.63
1.03492,-372.53,-860.92
1.03502,-521.95,-759.15
1.03512,-670.78,-656.45
1.03522,-818.81,-552.95
1.03532,-965.82,-448.79
1.03542,-1111.60,-344.10
1.03552,-1255.94,-239.02
1.03562,-1398.62,-133.68
1.03572,-1539.44,-28.21
1.03582,-1678.20,77.24
1.03592,-1814.68,182.54
1.03602,-1948.69,287.56
1.03612,-2080.03,392.16
1.03622,-2208.51,496.22
1.03632,-2333.93,599.59
1.03642,-2456.12,702.14
1.03652,-2574.89,803.75
1.03662,-2690.06,904.29
1.03672,-2801.46,1003.63
1.03682,-2908.93,1101.64
1.03692,-3012.30,1198.19
1.03702,-3111.42,1293.18
1.03712,-3206.14,1386.47
1.03722,-3296.30,1477.95
1.03732,-3381.78,1567.51
1.03742,-3462.44,1655.03
1.03752,-3538.15,1740.41
1.03762,-3608.81,1823.54
1.03772,-3674.28,1904.31
1.03782,-3734.48,1982.62
1.03792,-3789.30,2058.38
1.03802,-3838.65,2131.50
1.03812,-3882.45,2201.88
1.03822,-3920.62,2269.43
1.03832,-3953.11,2334.08
1.03842,-3979.84,2395.74
1.03852,-4000.78,2454.34
1.03862,-4015.87,2509.80
1.03872,-4025.10,2562.06
1.03882,-4028.42,2611.04
1.03892,-4025.83,2656.70
1.03902,-4017.32,2698.96
1.03912,-4002.89,2737.79
1.03922,-3982.56,2773.12
1.03932,-3956.33,2804.91
1.03942,-3924.25,2833.13
1.03952,-3886.34,2857.73
1.03962,-3842.66,2878.68
1.03972,-3793.25,2895.95
1.03982,-3738.19,2909.52
1.03992,-3677.55,2919.37
1.04002,-3611.39,2925.49
1.04012,-3539.83,2927.85
1.04022,-3462.94,2926.46
1.04032,-3380.84,2921.32
1.04042,-3293.65,2912.41
1.04052,-3201.47,2899.76
1.04062,-3104.45,2883.38
1.04072,-3002.72,2863.27
1.04082,-2896.42,2839.46
1.04092,-2785.71,2811.98
1.04102,-2670.74,2780.85
1.04112,-2551.67,2746.10
1.04122,-2428.69,2707.79
1.04132,-2301.96,2665.94
1.04142,-2171.66,2620.61
1.04152,-2038.00,2571.85
1.04162,-1901.15,2519.71
1.04172,-1761.32,2464.26
1.04182,-1618.71,2405.57
1.04192,-1473.53,2343.69
1.04202,-1325.98,2278.72
1.04212,-1176.29,2210.72
1.04222,-1024.67,2139.77
1.04232,-871.34,2065.97
1.04242,-716.53,1989.40
1.04252,-560.46,1910.16
1.04262,-403.36,1828.34
1.04272,-245.46,1744.05
1.04282,-86.99,1657.40
1.04292,71.82,1568.48
1.04302,230.73,1477.41
1.04312,389.52,1384.30
1.04322,547.94,1289.28
1.04332,705.77,1192.46
1.04342,862.76,1093.96
1.04352,1018.70,993.90
1.04362,1173.35,892.42
1.04372,1326.48,789.64
1.04382,1477.86,685.69
1.04392,1627.27,580.71
1.04402,1774.49,474.83
1.04412,1919.29,368.17
1.04422,2061.47,260.89
1.04432,2200.81,153.12
1.04442,2337.09,44.99
1.04452,2470.12,-63.36
1.04462,2599.70,-171.78
1.04472,2725.63,-280.13
1.04482,2847.71,-388.29
1.04492,2965.77,-496.10
1.04502,3079.62,-603.42
1.04512,3189.10,-710.13
1.04522,3294.02,-816.06
1.04532,3394.24,-921.10
1.04542,3489.60,-1025.10
1.04552,3579.95,-1127.92
1.04562,3665.14,-1229.44
1.04572,3745.06,-1329.50
1.04582,3819.56,-1427.98
1.04592,3888.55,-1524.76
1.04602,3951.90,-1619.69
1.04612,4009.51,-1712.65
1.04622,4061.31,-1803.51
1.04632,4107.19,-1892.15
1.04642,4147.09,-1978.45
1.04652,4180.94,-2062.29
1.04662,4208.68,-2143.55
1.04672,4230.28,-2222.11
1.04682,4245.68,-2297.87
1.04692,4254.87,-2370.71
1.04702,4257.82,-2440.54
1.04712,4254.52,-2507.25
1.04722,4244.98,-2570.74
1.04732,4229.20,-2630.92
1.04742,4207.20,-2687.69
1.04752,4179.02,-2740.98
1.04762,4144.68,-2790.69
1.04772,4104.24,-2836.75
1.04782,4057.74,-2879.09
1.04792,4005.27,-2917.64
1.04802,3946.89,-2952.33
1.04812,3882.69,-2983.10
1.04822,3812.75,-3009.91
1.04832,3737.19,-3032.69
1.04842,3656.10,-3051.40
1.04852,3569.61,-3066.01
1.04862,3477.85,-3076.48
1.04872,3380.95,-3082.79
1.04882,3279.05,-3084.90
1.04892,3172.30,-3082.81
1.04902,3060.86,-3076.49
1.04912,2944.89,-3065.96
1.04922,2824.56,-3051.19
1.04932,2700.05,-3032.21
1.04942,2571.54,-3009.01
1.04952,2439.23,-2981.63
1.04962,2303.30,-2950.08
1.04972,2163.96,-2914.38
1.04982,2021.41,-2874.59
1.04992,1875.87,-2830.73
1.05002,1727.55,-2782.85
1.05012,1576.66,-2731.00
1.05022,1423.43,-2675.25
1.05032,1268.10,-2615.65
1.05042,1110.87,-2552.28
1.05052,952.00,-2485.20
1.05062,791.71,-2414.50
1.05072,630.25,-2340.26
1.05082,467.84,-2262.57
1.05092,304.74,-2181.53
1.05102,141.18,-2097.23
1.05112,-22.60,-2009.79
1.05122,-186.34,-1919.31
1.05132,-349.81,-1825.90
1.05142,-512.76,-1729.68
1.05152,-674.96,-1630.78
1.05162,-836.15,-1529.32
1.05172,-996.10,-1425.43
1.05182,-1154.58,-1319.24
1.05192,-1311.34,-1210.91
1.05202,-1466.15,-1100.56
1.05212,-1618.78,-988.34
1.05222,-1768.99,-874.40
1.05232,-1916.58,-758.89
1.05242,-2061.31,-641.97
1.05252,-2202.97,-523.79
1.05262,-2341.35,-404.51
1.05272,-2476.23,-284.29
1.05282,-2607.42,-163.29
1.05292,-2734.72,-41.69
1.05302,-2857.94,80.36
1.05312,-2976.90,202.69
1.05322,-3091.41,325.12
1.05332,-3201.30,447.49
1.05342,-3306.41,569.63
1.05352,-3406.58,691.37
1.05362,-3501.66,812.52
1.05372,-3591.51,932.93
1.05382,-3676.00,1052.42
1.05392,-3754.99,1170.82
1.05402,-3828.38,1287.95
1.05412,-3896.04,1403.66
1.05422,-3957.89,1517.76
1.05432,-4013.82,1630.10
1.05442,-4063.77,1740.51
1.05452,-4107.64,1848.82
1.05462,-4145.38,1954.87
1.05472,-4176.94,2058.51
1.05482,-4202.26,2159.58
1.05492,-4221.32,2257.92
1.05502,-4234.08,2353.38
1.05512,-4240.53,2445.82
1.05522,-4240.67,2535.10
1.05532,-4234.48,2621.07
1.05542,-4222.00,2703.60
1.05552,-4203.23,2782.55
1.05562,-4178.21,2857.81
1.05572,-4146.98,2929.25
1.05582,-4109.59,2996.74
1.05592,-4066.09,3060.19
1.05602,-4016.56,3119.49
1.05612,-3961.07,3174.53
1.05622,-3899.71,3225.22
1.05632,-3832.58,3271.46
1.05642,-3759.77,3313.19
1.05652,-3681.39,3350.32
1.05662,-3597.58,3382.78
1.05672,-3508.45,3410.51
1.05682,-3414.15,3433.44
1.05692,-3314.81,3451.54
1.05702,-3210.58,3464.76
1.05712,-3101.63,3473.06
1.05722,-2988.11,3476.41
1.05732,-2870.21,3474.79
1.05742,-2748.10,3468.19
1.05752,-2621.95,3456.59
1.05762,-2491.97,3440.00
1.05772,-2358.35,3418.43
1.05782,-2221.29,3391.89
1.05792,-2080.99,3360.40
1.05802,-1937.66,3323.99
1.05812,-1791.52,3282.70
1.05822,-1642.80,3236.57
1.05832,-1491.70,3185.65
1.05842,-1338.46,3130.00
1.05852,-1183.31,3069.68
1.05862,-1026.48,3004.78
1.05872,-868.20,2935.35
1.05882,-708.71,2861.51
1.05892,-548.25,2783.32
1.05902,-387.05,2700.90
1.05912,-225.36,2614.36
1.05922,-63.42,2523.79
1.05932,98.53,2429.33
1.05942,260.25,2331.10
1.05952,421.50,2229.23
1.05962,582.04,2123.85
1.05972,741.64,2015.11
1.05982,900.04,1903.15
1.05992,1057.03,1788.13
1.06002,1212.36,1670.21
1.06012,1365.80,1549.55
1.06022,1517.14,1426.32
1.06032,1666.14,1300.69
1.06042,1812.58,1172.84
1.06052,1956.26,1042.94
1.06062,2096.95,911.18
1.06072,2234.45,777.75
1.06082,2368.56,642.84
1.06092,2499.09,506.65
1.06102,2625.83,369.36
1.06112,2748.61,231.19
1.06122,2867.25,92.32
1.06132,2981.57,-47.03
1.06142,3091.41,-186.67
1.06152,3196.61,-326.38
1.06162,3297.02,-465.97
1.06172,3392.50,-605.21
1.06182,3482.90,-743.91
1.06192,3568.11,-881.86
1.06202,3648.00,-1018.85
1.06212,3722.46,-1154.67
1.06222,3791.38,-1289.11
1.06232,3854.67,-1421.98
1.06242,3912.25,-1553.08
1.06252,3964.03,-1682.18
1.06262,4009.94,-1809.11
1.06272,4049.94,-1933.66
1.06282,4083.96,-2055.65
1.06292,4111.96,-2174.87
1.06302,4133.92,-2291.15
1.06312,4149.80,-2404.29
1.06322,4159.60,-2514.13
1.06332,4163.30,-2620.49
1.06342,4160.91,-2723.19
1.06352,4152.45,-2822.08
1.06362,4137.94,-2916.99
1.06372,4117.40,-3007.77
1.06382,4090.88,-3094.28
1.06392,4058.42,-3176.37
1.06402,4020.09,-3253.90
1.06412,3975.94,-3326.76
1.06422,3926.05,-3394.80
1.06432,3870.51,-3457.93
1.06442,3809.40,-3516.03
1.06452,3742.83,-3569.01
1.06462,3670.90,-3616.76
1.06472,3593.72,-3659.21
1.06482,3511.42,-3696.28
1.06492,3424.12,-3727.90
1.06502,3331.97,-3754.01
1.06512,3235.10,-3774.55
1.06522,3133.66,-3789.49
1.06532,3027.81,-3798.78
1.06542,2917.72,-3802.40
1.06552,2803.55,-3800.34
1.06562,2685.47,-3792.58
1.06572,2563.66,-3779.12
1.06582,2438.31,-3759.96
1.06592,2309.61,-3735.14
1.06602,2177.75,-3704.66
1.06612,2042.93,-3668.57
1.06622,1905.35,-3626.90
1.06632,1765.22,-3579.71
1.06642,1622.75,-3527.06
1.06652,1478.14,-3469.02
1.06662,1331.62,-3405.65
1.06672,1183.40,-3337.05
1.06682,1033.70,-3263.32
1.06692,882.75,-3184.54
1.06702,730.76,-3100.83
1.06712,577.96,-3012.30
1.06722,424.58,-2919.09
1.06732,270.83,-2821.31
1.06742,116.96,-2719.12
1.06752,-36.83,-2612.65
1.06762,-190.30,-2502.06
1.06772,-343.23,-2387.51
1.06782,-495.39,-2269.16
1.06792,-646.58,-2147.19
1.06802,-796.56,-2021.78
1.06812,-945.12,-1893.10
1.06822,-1092.04,-1761.34
1.06832,-1237.12,-1626.71
1.06842,-1380.14,-1489.40
1.06852,-1520.91,-1349.62
1.06862,-1659.22,-1207.57
1.06872,-1794.86,-1063.46
1.06882,-1927.66,-917.51
1.06892,-2057.43,-769.95
1.06902,-2183.97,-620.99
1.06912,-2307.11,-470.85
1.06922,-2426.69,-319.77
1.06932,-2542.53,-167.98
1.06942,-2654.48,-15.71
1.06952,-2762.38,136.82
1.06962,-2866.07,289.37
1.06972,-2965.44,441.70
1.06982,-3060.33,593.58
1.06992,-3150.61,744.77
1.07002,-3236.19,895.05
1.07012,-3316.92,1044.17
1.07022,-3392.72,1191.92
1.07032,-3463.49,1338.05
1.07042,-3529.13,1482.34
1.07052,-3589.56,1624.58
1.07062,-3644.71,1764.52
1.07072,-3694.51,1901.96
1.07082,-3738.91,2036.69
1.07092,-3777.84,2168.48
1.07102,-3811.28,2297.13
1.07112,-3839.17,2422.45
1.07122,-3861.51,2544.22
1.07132,-3878.27,2662.27
1.07142,-3889.43,2776.40
1.07152,-3895.00,2886.44
1.07162,-3894.98,2992.20
1.07172,-3889.39,3093.52
1.07182,-3878.25,3190.25
1.07192,-3861.58,3282.22
1.07202,-3839.42,3369.29
1.07212,-3811.82,3451.33
1.07222,-3778.83,3528.19
1.07232,-3740.51,3599.77
1.07242,-3696.92,3665.93
1.07252,-3648.14,3726.59
1.07262,-3594.25,3781.63
1.07272,-3535.35,3830.97
1.07282,-3471.51,3874.53
1.07292,-3402.86,3912.24
1.07302,-3329.48,3944.04
1.07312,-3251.51,3969.87
1.07322,-3169.05,3989.69
1.07332,-3082.24,4003.47
1.07342,-2991.21,4011.18
1.07352,-2896.10,4012.80
1.07362,-2797.05,4008.33
1.07372,-2694.21,3997.78
1.07382,-2587.73,3981.14
1.07392,-2477.77,3958.46
1.07402,-2364.51,3929.75
1.07412,-2248.09,3895.07
1.07422,-2128.71,3854.45
1.07432,-2006.52,3807.96
1.07442,-1881.72,3755.67
1.07452,-1754.48,3697.65
1.07462,-1624.99,3633.99
1.07472,-1493.44,3564.79
1.07482,-1360.02,3490.14
1.07492,-1224.92,3410.17
1.07502,-1088.33,3324.99
1.07512,-950.46,3234.72
1.07522,-811.51,3139.51
1.07532,-671.66,3039.51
1.07542,-531.13,2934.85
1.07552,-390.10,2825.70
1.07562,-248.79,2712.23
1.07572,-107.39,2594.62
1.07582,33.90,2473.03
1.07592,174.88,2347.65
1.07602,315.35,2218.69
1.07612,455.12,2086.33
1.07622,593.99,1950.78
1.07632,731.77,1812.25
1.07642,868.27,1670.95
1.07652,1003.29,1527.10
1.07662,1136.67,1380.92
1.07672,1268.20,1232.64
1.07682,1397.72,1082.48
1.07692,1525.05,930.69
1.07702,1650.01,777.49
1.07712,1772.45,623.12
1.07722,1892.19,467.82
1.07732,2009.07,311.84
1.07742,2122.95,155.41
1.07752,2233.68,-1.23
1.07762,2341.09,-157.82
1.07772,2445.07,-314.13
1.07782,2545.47,-469.91
1.07792,2642.17,-624.92
1.07802,2735.03,-778.92
1.07812,2823.95,-931.68
1.07822,2908.81,-1082.95
1.07832,2989.51,-1232.50
1.07842,3065.94,-1380.11
1.07852,3138.01,-1525.53
1.07862,3205.63,-1668.56
1.07872,3268.72,-1808.96
1.07882,3327.21,-1946.52
1.07892,3381.03,-2081.03
1.07902,3430.10,-2212.29
1.07912,3474.39,-2340.09
1.07922,3513.83,-2464.24
1.07932,3548.38,-2584.56
1.07942,3578.01,-2700.85
1.07952,3602.69,-2812.94
1.07962,3622.39,-2920.66
1.07972,3637.10,-3023.86
1.07982,3646.81,-3122.37
1.07992,3651.51,-3216.05
1.08002,3651.20,-3304.76
1.08012,3645.90,-3388.37
1.08022,3635.62,-3466.76
1.08032,3620.39,-3539.80
1.08042,3600.24,-3607.40
1.08052,3575.19,-3669.46
1.08062,3545.30,-3725.88
1.08072,3510.61,-3776.60
1.08082,3471.17,-3821.52
1.08092,3427.06,-3860.60
1.08102,3378.33,-3893.78
1.08112,3325.07,-3921.02
1.08122,3267.35,-3942.27
1.08132,3205.25,-3957.52
1.08142,3138.88,-3966.75
1.08152,3068.32,-3969.95
1.08162,2993.68,-3967.13
1.08172,2915.07,-3958.29
1.08182,2832.60,-3943.45
1.08192,2746.40,-3922.64
1.08202,2656.57,-3895.91
1.08212,2563.27,-3863.30
1.08222,2466.60,-3824.86
1.08232,2366.72,-3780.67
1.08242,2263.77,-3730.80
1.08252,2157.88,-3675.32
1.08262,2049.21,-3614.34
1.08272,1937.91,-3547.95
1.08282,1824.14,-3476.25
1.08292,1708.05,-3399.38
1.08302,1589.81,-3317.44
1.08312,1469.57,-3230.58
1.08322,1347.51,-3138.94
1.08332,1223.79,-3042.65
1.08342,1098.58,-2941.88
1.08352,972.05,-2836.78
1.08362,844.38,-2727.53
1.08372,715.73,-2614.29
1.08382,586.28,-2497.26
1.08392,456.20,-2376.61
1.08402,325.68,-2252.53
1.08412,194.87,-2125.23
1.08422,63.97,-1994.89
1.08432,-66.87,-1861.74
1.08442,-197.46,-1725.98
1.08452,-327.63,-1587.82
1.08462,-457.21,-1447.48
1.08472,-586.04,-1305.18
1.08482,-713.93,-1161.14
1.08492,-840.73,-1015.59
1.08502,-966.28,-868.75
1.08512,-1090.39,-720.85
1.08522,-1212.93,-572.13
1.08532,-1333.71,-422.81
1.08542,-1452.60,-273.12
1.08552,-1569.43,-123.29
1.08562,-1684.06,26.45
1.08572,-1796.33,175.87
1.08582,-1906.11,324.74
1.08592,-2013.24,472.84
1.08602,-2117.59,619.94
1.08612,-2219.03,765.82
1.08622,-2317.42,910.26
1.08632,-2412.64,1053.05
1.08642,-2504.57,1193.97
1.08652,-2593.08,1332.82
1.08662,-2678.06,1469.39
1.08672,-2759.40,1603.48
1.08682,-2836.99,1734.89
1.08692,-2910.74,1863.43
1.08702,-2980.55,1988.92
1.08712,-3046.32,2111.17
1.08722,-3107.97,2230.01
1.08732,-3165.42,2345.27
1.08742,-3218.59,2456.79
1.08752,-3267.42,2564.41
1.08762,-3311.84,2667.97
1.08772,-3351.79,2767.34
1.08782,-3387.22,2862.38
1.08792,-3418.08,2952.95
1.08802,-3444.34,3038.93
1.08812,-3465.95,3120.20
1.08822,-3482.90,3196.66
1.08832,-3495.15,3268.21
1.08842,-3502.69,3334.74
1.08852,-3505.51,3396.18
1.08862,-3503.62,3452.45
1.08872,-3497.00,3503.47
1.08882,-3485.68,3549.18
1.08892,-3469.66,3589.54
1.08902,-3448.97,3624.48
1.08912,-3423.65,3653.98
1.08922,-3393.71,3678.00
1.08932,-3359.21,3696.53
1.08942,-3320.18,3709.54
1.08952,-3276.69,3717.04
1.08962,-3228.79,3719.03
1.08972,-3176.55,3715.52
1.08982,-3120.03,3706.53
1.08992,-3059.31,3692.09
1.09002,-2994.48,3672.23
1.09012,-2925.61,3647.00
1.09022,-2852.81,3616.45
1.09032,-2776.16,3580.65
1.09042,-2695.77,3539.66
1.09052,-2611.74,3493.55
1.09062,-2524.19,3442.42
1.09072,-2433.24,3386.36
1.09082,-2338.99,3325.45
1.09092,-2241.57,3259.82
1.09102,-2141.12,3189.56
1.09112,-2037.76,3114.81
1.09122,-1931.62,3035.69
1.09132,-1822.86,2952.32
1.09142,-1711.59,2864.86
1.09152,-1597.98,2773.43
1.09162,-1482.17,2678.20
1.09172,-1364.31,2579.32
1.09182,-1244.55,2476.94
1.09192,-1123.05,2371.24
1.09202,-999.97,2262.38
1.09212,-875.46,2150.53
1.09222,-749.69,2035.87
1.09232,-622.82,1918.59
1.09242,-495.02,1798.85
1.09252,-366.45,1676.86
1.09262,-237.28,1552.80
1.09272,-107.69,1426.86
1.09282,22.17,1299.23
1.09292,152.11,1170.10
1.09302,281.98,1039.67
1.09312,411.58,908.15
1.09322,540.76,775.71
1.09332,669.34,642.56
1.09342,797.15,508.90
1.09352,924.02,374.92
1.09362,1049.78,240.82
1.09372,1174.26,106.79
1.09382,1297.29,-26.98
1.09392,1418.70,-160.28
1.09402,1538.33,-292.94
1.09412,1656.01,-424.76
1.09422,1771.59,-555.56
1.09432,1884.90,-685.15
1.09442,1995.80,-813.35
1.09452,2104.11,-939.99
1.09462,2209.70,-1064.88
1.09472,2312.42,-1187.86
1.09482,2412.12,-1308.76
1.09492,2508.67,-1427.41
1.09502,2601.92,-1543.65
1.09512,2691.75,-1657.33
1.09522,2778.03,-1768.29
1.09532,2860.63,-1876.38
1.09542,2939.45,-1981.46
1.09552,3014.36,-2083.39
1.09562,3085.25,-2182.04
1.09572,3152.04,-2277.28
1.09582,3214.61,-2368.99
1.09592,3272.88,-2457.04
1.09602,3326.77,-2541.32
1.09612,3376.19,-2621.74
1.09622,3421.07,-2698.18
1.09632,3461.34,-2770.56
1.09642,3496.95,-2838.78
1.09652,3527.83,-2902.76
1.09662,3553.94,-2962.43
1.09672,3575.24,-3017.71
1.09682,3591.69,-3068.55
1.09692,3603.26,-3114.89
1.09702,3609.94,-3156.67
1.09712,3611.69,-3193.86
1.09722,3608.52,-3226.42
1.09732,3600.42,-3254.32
1.09742,3587.39,-3277.54
1.09752,3569.44,-3296.07
1.09762,3546.60,-3309.89
1.09772,3518.88,-3319.00
1.09782,3486.30,-3323.42
1.09792,3448.92,-3323.15
1.09802,3406.76,-3318.21
1.09812,3359.88,-3308.62
1.09822,3308.34,-3294.43
1.09832,3252.18,-3275.67
1.09842,3191.48,-3252.38
1.09852,3126.32,-3224.62
1.09862,3056.76,-3192.45
1.09872,2982.90,-3155.93
1.09882,2904.82,-3115.12
1.09892,2822.63,-3070.11
1.09902,2736.42,-3020.98
1.09912,2646.30,-2967.81
1.09922,2552.39,-2910.69
1.09932,2454.81,-2849.73
1.09942,2353.67,-2785.01
1.09952,2249.11,-2716.66
1.09962,2141.26,-2644.77
1.09972,2030.27,-2569.47
1.09982,1916.27,-2490.87
1.09992,1799.41,-2409.10
1.10002,1679.86,-2324.27
1.10012,1557.76,-2236.52
1.10022,1433.29,-2145.99
1.10032,1306.59,-2052.80
1.10042,1177.86,-1957.09
1.10052,1047.25,-1859.01
1.10062,914.95,-1758.69
1.10072,781.13,-1656.29
1.10082,645.98,-1551.94
1.10092,509.68,-1445.80
1.10102,372.42,-1338.01
1.10112,234.40,-1228.73
1.10122,95.79,-1118.11
1.10132,-43.20,-1006.30
1.10142,-182.38,-893.46
1.10152,-321.56,-779.74
1.10162,-460.53,-665.29
1.10172,-599.11,-550.28
1.10182,-737.10,-434.85
1.10192,-874.31,-319.16
1.10202,-1010.53,-203.37
1.10212,-1145.57,-87.63
1.10222,-1279.25,27.91
1.10232,-1411.36,143.09
1.10242,-1541.73,257.76
1.10252,-1670.15,371.76
1.10262,-1796.46,484.96
1.10272,-1920.46,597.20
1.10282,-2041.97,708.34
1.10292,-2160.83,818.22
1.10302,-2276.85,926.71
1.10312,-2389.87,1033.68
1.10322,-2499.72,1138.97
1.10332,-2606.24,1242.46
1.10342,-2709.28,1344.02
1.10352,-2808.69,1443.51
1.10362,-2904.31,1540.81
1.10372,-2996.00,1635.80
1.10382,-3083.64,1728.36
1.10392,-3167.08,1818.37
1.10402,-3246.20,1905.72
1.10412,-3320.89,1990.31
1.10422,-3391.02,2072.02
1.10432,-3456.49,2150.77
1.10442,-3517.20,2226.46
1.10452,-3573.05,2299.00
1.10462,-3623.96,2368.29
1.10472,-3669.84,2434.27
1.10482,-3710.61,2496.86
1.10492,-3746.21,2555.98
1.10502,-3776.57,2611.56
1.10512,-3801.64,2663.56
1.10522,-3821.38,2711.91
1.10532,-3835.73,2756.55
1.10542,-3844.68,2797.45
1.10552,-3848.18,2834.57
1.10562,-3846.23,2867.86
1.10572,-3838.81,2897.30
1.10582,-3825.93,2922.87
1.10592,-3807.57,2944.53
1.10602,-3783.76,2962.29
1.10612,-3754.52,2976.12
1.10622,-3719.87,2986.02
1.10632,-3679.85,2991.99
1.10642,-3634.51,2994.04
1.10652,-3583.88,2992.17
1.10662,-3528.04,2986.41
1.10672,-3467.04,2976.76
1.10682,-3400.97,2963.25
1.10692,-3329.90,2945.91
1.10702,-3253.93,2924.77
1.10712,-3173.15,2899.87
1.10722,-3087.66,2871.25
1.10732,-2997.57,2838.96
1.10742,-2903.02,2803.04
1.10752,-2804.11,2763.54
1.10762,-2700.99,2720.53
1.10772,-2593.79,2674.07
1.10782,-2482.66,2624.22
1.10792,-2367.74,2571.05
1.10802,-2249.21,2514.63
1.10812,-2127.22,2455.04
1.10822,-2001.95,2392.37
1.10832,-1873.56,2326.68
1.10842,-1742.24,2258.08
1.10852,-1608.17,2186.65
1.10862,-1471.55,2112.48
1.10872,-1332.56,2035.67
1.10882,-1191.40,1956.32
1.10892,-1048.28,1874.54
1.10902,-903.40,1790.42
1.10912,-756.96,1704.08
1.10922,-609.19,1615.62
1.10932,-460.28,1525.16
1.10942,-310.46,1432.82
1.10952,-159.93,1338.71
1.10962,-8.93,1242.95
1.10972,142.34,1145.67
1.10982,293.65,1046.99
1.10992,444.78,947.03
1.11002,595.52,845.93
1.11012,745.64,743.80
1.11022,894.93,640.78
1.11032,1043.17,537.00
1.11042,1190.13,432.59
1.11052,1335.61,327.69
1.11062,1479.39,222.42
1.11072,1621.27,116.93
1.11082,1761.02,11.33
1.11092,1898.45,-94.22
1.11102,2033.34,-199.61
1.11112,2165.51,-304.70
1.11122,2294.76,-409.35
1.11132,2420.88,-513.43
1.11142,2543.70,-616.81
1.11152,2663.03,-719.37
1.11162,2778.69,-820.98
1.11172,2890.50,-921.50
1.11182,2998.29,-1020.81
1.11192,3101.91,-1118.79
1.11202,3201.19,-1215.32
1.11212,3295.97,-1310.27
1.11222,3386.12,-1403.53
1.11232,3471.49,-1494.98
1.11242,3551.94,-1584.51
1.11252,3627.36,-1672.00
1.11262,3697.61,-1757.36
1.11272,3762.59,-1840.46
1.11282,3822.19,-1921.22
1.11292,3876.32,-1999.53
1.11302,3924.87,-2075.29
1.11312,3967.78,-2148.40
1.11322,4004.96,-2218.78
1.11332,4036.35,-2286.35
1.11342,4061.89,-2351.00
1.11352,4081.53,-2412.67
1.11362,4095.24,-2471.28
1.11372,4102.98,-2526.74
1.11382,4104.72,-2579.00
1.11392,4100.46,-2627.97
1.11402,4090.19,-2673.61
1.11412,4073.91,-2715.85
1.11422,4051.64,-2754.63
1.11432,4023.40,-2789.90
1.11442,3989.22,-2821.61
1.11452,3949.14,-2849.73
1.11462,3903.21,-2874.20
1.11472,3851.50,-2895.00
1.11482,3794.06,-2912.08
1.11492,3730.97,-2925.44
1.11502,3662.32,-2935.03
1.11512,3588.21,-2940.85
1.11522,3508.73,-2942.87
1.11532,3424.00,-2941.10
1.11542,3334.13,-2935.51
1.11552,3239.26,-2926.12
1.11562,3139.51,-2912.92
1.11572,3035.03,-2895.93
1.11582,2925.96,-2875.16
1.11592,2812.48,-2850.62
1.11602,2694.72,-2822.34
1.11612,2572.88,-2790.35
1.11622,2447.12,-2754.67
1.11632,2317.62,-2715.35
1.11642,2184.58,-2672.43
1.11652,2048.19,-2625.94
1.11662,1908.64,-2575.95
1.11672,1766.15,-2522.51
1.11682,1620.91,-2465.68
1.11692,1473.14,-2405.52
1.11702,1323.06,-2342.11
1.11712,1170.89,-2275.51
1.11722,1016.84,-2205.81
1.11732,861.16,-2133.08
1.11742,704.05,-2057.42
1.11752,545.77,-1978.91
1.11762,386.53,-1897.65
1.11772,226.58,-1813.73
1.11782,66.15,-1727.27
1.11792,-94.53,-1638.35
1.11802,-255.21,-1547.10
1.11812,-415.66,-1453.63
1.11822,-575.64,-1358.04
1.11832,-734.91,-1260.47
1.11842,-893.23,-1161.02
1.11852,-1050.38,-1059.83
1.11862,-1206.11,-957.02
1.11872,-1360.20,-852.72
1.11882,-1512.40,-747.07
1.11892,-1662.51,-640.19
1.11902,-1810.28,-532.21
1.11912,-1955.50,-423.29
1.11922,-2097.95,-313.56
1.11932,-2237.42,-203.15
1.11942,-2373.68,-92.21
1.11952,-2506.55,19.12
1.11962,-2635.81,130.69
1.11972,-2761.27,242.36
1.11982,-2882.73,353.99
1.11992,-3000.02,465.43
1.12002,-3112.95,576.53
1.12012,-3221.35,687.15
1.12022,-3325.05,797.14
1.12032,-3423.90,906.35
1.12042,-3517.73,1014.65
1.12052,-3606.41,1121.87
1.12062,-3689.79,1227.89
1.12072,-3767.75,1332.56
1.12082,-3840.17,1435.73
1.12092,-3906.93,1537.27
1.12102,-3967.92,1637.02
1.12112,-4023.06,1734.86
1.12122,-4072.25,1830.65
1.12132,-4115.41,1924.26
1.12142,-4152.48,2015.54
1.12152,-4183.40,2104.37
1.12162,-4208.11,2190.63
1.12172,-4226.58,2274.18
1.12182,-4238.77,2354.91
1.12192,-4244.66,2432.69
1.12202,-4244.24,2507.41
1.12212,-4237.50,2578.96
1.12222,-4224.47,2647.22
1.12232,-4205.14,2712.10
1.12242,-4179.55,2773.48
1.12252,-4147.74,2831.28
1.12262,-4109.74,2885.40
1.12272,-4065.63,2935.74
1.12282,-4015.45,2982.23
1.12292,-3959.28,3024.79
1.12302,-3897.22,3063.35
1.12312,-3829.34,3097.82
1.12322,-3755.75,3128.16
1.12332,-3676.56,3154.29
1.12342,-3591.88,3176.17
1.12352,-3501.85,3193.76
1.12362,-3406.60,3207.00
1.12372,-3306.26,3215.86
1.12382,-3201.00,3220.32
1.12392,-3090.96,3220.34
1.12402,-2976.31,3215.91
1.12412,-2857.22,3207.03
1.12422,-2733.88,3193.67
1.12432,-2606.46,3175.85
1.12442,-2475.15,3153.57
1.12452,-2340.15,3126.85
1.12462,-2201.67,3095.69
1.12472,-2059.90,3060.14
1.12482,-1915.07,3020.22
1.12492,-1767.38,2975.97
1.12502,-1617.06,2927.43
1.12512,-1464.34,2874.66
1.12522,-1309.43,2817.71
1.12532,-1152.58,2756.65
1.12542,-994.02,2691.54
1.12552,-833.98,2622.47
1.12562,-672.70,2549.50
1.12572,-510.43,2472.74
1.12582,-347.40,2392.26
1.12592,-183.87,2308.18
1.12602,-20.07,2220.59
1.12612,143.74,2129.60
1.12622,307.33,2035.33
1.12632,470.45,1937.89
1.12642,632.85,1837.42
1.12652,794.29,1734.04
1.12662,954.53,1627.88
1.12672,1113.32,1519.08
1.12682,1270.44,1407.79
1.12692,1425.64,1294.15
1.12702,1578.69,1178.31
1.12712,1729.37,1060.44
1.12722,1877.43,940.67
1.12732,2022.68,819.19
1.12742,2164.87,696.15
1.12752,2303.81,571.73
1.12762,2439.29,446.08
1.12772,2571.09,319.40
1.12782,2699.03,191.84
1.12792,2822.91,63.60
1.12802,2942.55,-65.16
1.12812,3057.77,-194.24
1.12822,3168.40,-323.47
1.12832,3274.27,-452.65
1.12842,3375.22,-581.61
1.12852,3471.12,-710.16
1.12862,3561.80,-838.12
1.12872,3647.15,-965.29
1.12882,3727.03,-1091.48
1.12892,3801.33,-1216.53
1.12902,3869.94,-1340.23
1.12912,3932.76,-1462.40
1.12922,3989.70,-1582.87
1.12932,4040.67,-1701.44
1.12942,4085.62,-1817.94
1.12952,4124.47,-1932.20
1.12962,4157.16,-2044.03
1.12972,4183.67,-2153.27
1.12982,4203.94,-2259.74
1.12992,4217.96,-2363.27
1.13002,4225.71,-2463.72
1.13012,4227.19,-2560.91
1.13022,4222.40,-2654.69
1.13032,4211.34,-2744.91
1.13042,4194.05,-2831.42
1.13052,4170.56,-2914.08
1.13062,4140.90,-2992.77
1.13072,4105.14,-3067.33
1.13082,4063.32,-3137.66
1.13092,4015.52,-3203.63
1.13102,3961.81,-3265.13
1.13112,3902.29,-3322.04
1.13122,3837.04,-3374.28
1.13132,3766.17,-3421.74
1.13142,3689.80,-3464.34
1.13152,3608.04,-3502.00
1.13162,3521.02,-3534.64
1.13172,3428.87,-3562.20
1.13182,3331.75,-3584.62
1.13192,3229.79,-3601.85
1.13202,3123.16,-3613.85
1.13212,3012.03,-3620.58
1.13222,2896.55,-3622.00
1.13232,2776.92,-3618.11
1.13242,2653.30,-3608.89
1.13252,2525.90,-3594.34
1.13262,2394.90,-3574.46
1.13272,2260.51,-3549.26
1.13282,2122.92,-3518.76
1.13292,1982.35,-3482.99
1.13302,1839.01,-3442.00
1.13312,1693.11,-3395.81
1.13322,1544.88,-3344.48
1.13332,1394.54,-3288.08
1.13342,1242.31,-3226.67
1.13352,1088.42,-3160.33
1.13362,933.11,-3089.14
1.13372,776.60,-3013.19
1.13382,619.14,-2932.58
1.13392,460.95,-2847.41
1.13402,302.27,-2757.81
1.13412,143.34,-2663.89
1.13422,-15.60,-2565.77
1.13432,-174.32,-2463.59
1.13442,-332.59,-2357.49
1.13452,-490.16,-2247.63
1.13462,-646.81,-2134.14
1.13472,-802.30,-2017.19
1.13482,-956.41,-1896.95
1.13492,-1108.90,-1773.58
1.13502,-1259.55,-1647.27
1.13512,-1408.15,-1518.19
1.13522,-1554.47,-1386.52
1.13532,-1698.31,-1252.47
1.13542,-1839.44,-1116.22
1.13552,-1977.67,-977.97
1.13562,-2112.79,-837.93
1.13572,-2244.62,-696.30
1.13582,-2372.95,-553.30
1.13592,-2497.61,-409.12
1.13602,-2618.42,-264.00
1.13612,-2735.20,-118.14
1.13622,-2847.79,28.23
1.13632,-2956.03,174.90
1.13642,-3059.77,321.64
1.13652,-3158.87,468.23
1.13662,-3253.18,614.45
1.13672,-3342.57,760.06
1.13682,-3426.93,904.86
1.13692,-3506.14,1048.61
1.13702,-3580.09,1191.09
1.13712,-3648.69,1332.09
1.13722,-3711.84,1471.38
1.13732,-3769.46,1608.75
1.13742,-3821.48,1743.97
1.13752,-3867.84,1876.85
1.13762,-3908.48,2007.16
1.13772,-3943.36,2134.71
1.13782,-3972.42,2259.28
1.13792,-3995.66,2380.69
1.13802,-4013.03,2498.74
1.13812,-4024.54,2613.23
1.13822,-4030.18,2723.99
1.13832,-4029.94,2830.84
1.13842,-4023.86,2933.60
1.13852,-4011.95,3032.10
1.13862,-3994.23,3126.19
1.13872,-3970.75,3215.72
1.13882,-3941.56,3300.53
1.13892,-3906.72,3380.48
1.13902,-3866.28,3455.44
1.13912,-3820.31,3525.30
1.13922,-3768.90,3589.92
1.13932,-3712.14,3649.20
1.13942,-3650.12,3703.04
1.13952,-3582.94,3751.34
1.13962,-3510.70,3794.03
1.13972,-3433.54,3831.03
1.13982,-3351.56,3862.26
1.13992,-3264.90,3887.68
1.14002,-3173.70,3907.23
1.14012,-3078.09,3920.87
1.14022,-2978.23,3928.57
1.14032,-2874.27,3930.32
1.14042,-2766.37,3926.10
1.14052,-2654.69,3915.90
1.14062,-2539.40,3899.74
1.14072,-2420.69,3877.63
1.14082,-2298.72,3849.59
1.14092,-2173.68,3815.66
1.14102,-2045.76,3775.88
1.14112,-1915.15,3730.31
1.14122,-1782.04,3679.01
1.14132,-1646.63,3622.04
1.14142,-1509.13,3559.50
1.14152,-1369.73,3491.46
1.14162,-1228.64,3418.02
1.14172,-1086.07,3339.29
1.14182,-942.23,3255.39
1.14192,-797.33,3166.44
1.14202,-651.57,3072.56
1.14212,-505.17,2973.90
1.14222,-358.35,2870.60
1.14232,-211.31,2762.81
1.14242,-64.27,2650.70
1.14252,82.56,2534.44
1.14262,228.97,2414.19
1.14272,374.75,2290.14
1.14282,519.70,2162.48
1.14292,663.60,2031.39
1.14302,806.26,1897.09
1.14312,947.47,1759.77
1.14322,1087.03,1619.64
1.14332,1224.76,1476.92
1.14342,1360.44,1331.82
1.14352,1493.91,1184.57
1.14362,1624.97,1035.40
1.14372,1753.44,884.53
1.14382,1879.16,732.21
1.14392,2001.93,578.65
1.14402,2121.61,424.11
1.14412,2238.03,268.82
1.14422,2351.03,113.02
1.14432,2460.46,-43.04
1.14442,2566.18,-199.12
1.14452,2668.05,-354.98
1.14462,2765.94,-510.37
1.14472,2859.72,-665.05
1.14482,2949.27,-818.77
1.14492,3034.48,-971.31
1.14502,3115.24,-1122.41
1.14512,3191.44,-1271.84
1.14522,3263.01,-1419.37
1.14532,3329.84,-1564.77
1.14542,3391.87,-1707.80
1.14552,3449.01,-1848.25
1.14562,3501.20,-1985.88
1.14572,3548.38,-2120.50
1.14582,3590.51,-2251.88
1.14592,3627.53,-2379.82
1.14602,3659.42,-2504.12
1.14612,3686.13,-2624.58
1.14622,3707.65,-2741.02
1.14632,3723.96,-2853.26
1.14642,3735.05,-2961.13
1.14652,3740.92,-3064.44
1.14662,3741.58,-3163.05
1.14672,3737.03,-3256.80
1.14682,3727.31,-3345.55
1.14692,3712.43,-3429.15
1.14702,3692.42,-3507.49
1.14712,3667.33,-3580.44
1.14722,3637.21,-3647.89
1.14732,3602.11,-3709.73
1.14742,3562.08,-3765.88
1.14752,3517.20,-3816.25
1.14762,3467.53,-3860.76
1.14772,3413.17,-3899.34
1.14782,3354.19,-3931.95
1.14792,3290.68,-3958.53
1.14802,3222.74,-3979.04
1.14812,3150.48,-3993.45
1.14822,3074.01,-4001.76
1.14832,2993.43,-4003.93
1.14842,2908.88,-3999.99
1.14852,2820.47,-3989.93
1.14862,2728.34,-3973.77
1.14872,2632.61,-3951.55
1.14882,2533.44,-3923.30
1.14892,2430.96,-3889.07
1.14902,2325.33,-3848.91
1.14912,2216.69,-3802.89
1.14922,2105.20,-3751.08
1.14932,1991.02,-3693.58
1.14942,1874.31,-3630.47
1.14952,1755.25,-3561.84
1.14962,1633.99,-3487.83
1.14972,1510.71,-3408.53
1.14982,1385.59,-3324.08
1.14992,1258.79,-3234.61
1.15002,1130.50,-3140.26
1.15012,1000.89,-3041.19
1.15022,870.15,-2937.56
1.15032,738.45,-2829.51
1.15042,605.98,-2717.24
1.15052,472.91,-2600.91
1.15062,339.43,-2480.72
1.15072,205.72,-2356.84
1.15082,71.97,-2229.49
1.15092,-61.66,-2098.85
1.15102,-194.97,-1965.14
1.15112,-327.79,-1828.57
1.15122,-459.95,-1689.35
1.15132,-591.26,-1547.70
1.15142,-721.56,-1403.85
1.15152,-850.66,-1258.03
1.15162,-978.41,-1110.46
1.15172,-1104.64,-961.38
1.15182,-1229.17,-811.02
1.15192,-1351.85,-659.62
1.15202,-1472.53,-507.41
1.15212,-1591.03,-354.64
1.15222,-1707.22,-201.53
1.15232,-1820.95,-48.34
1.15242,-1932.06,104.71
1.15252,-2040.42,257.36
1.15262,-2145.89,409.40
1.15272,-2248.33,560.58
1.15282,-2347.62,710.67
1.15292,-2443.63,859.43
1.15302,-2536.24,1006.65
1.15312,-2625.33,1152.10
1.15322,-2710.79,1295.56
1.15332,-2792.52,1436.80
1.15342,-2870.41,1575.62
1.15352,-2944.37,1711.81
1.15362,-3014.30,1845.16
1.15372,-3080.11,1975.48
1.15382,-3141.73,2102.57
1.15392,-3199.08,2226.24
1.15402,-3252.08,2346.32
1.15412,-3300.67,2462.63
1.15422,-3344.80,2574.99
1.15432,-3384.40,2683.25
1.15442,-3419.43,2787.26
1.15452,-3449.85,2886.85
1.15462,-3475.62,2981.90
1.15472,-3496.71,3072.26
1.15482,-3513.10,3157.82
1.15492,-3524.76,3238.45
1.15502,-3531.69,3314.04
1.15512,-3533.88,3384.49
1.15522,-3531.33,3449.71
1.15532,-3524.05,3509.61
1.15542,-3512.05,3564.11
1.15552,-3495.34,3613.14
1.15562,-3473.97,3656.64
1.15572,-3447.95,3694.55
1.15582,-3417.32,3726.85
1.15592,-3382.13,3753.48
1.15602,-3342.44,3774.42
1.15612,-3298.28,3789.66
1.15622,-3249.73,3799.18
1.15632,-3196.86,3802.99
1.15642,-3139.73,3801.09
1.15652,-3078.43,3793.50
1.15662,-3013.03,3780.24
1.15672,-2943.64,3761.36
1.15682,-2870.34,3736.88
1.15692,-2793.23,3706.88
1.15702,-2712.41,3671.39
1.15712,-2628.01,3630.50
1.15722,-2540.12,3584.28
1.15732,-2448.87,3532.81
1.15742,-2354.38,3476.19
1.15752,-2256.77,3414.51
1.15762,-2156.18,3347.89
1.15772,-2052.73,3276.43
1.15782,-1946.57,3200.27
1.15792,-1837.83,3119.53
1.15802,-1726.66,3034.34
1.15812,-1613.19,2944.86
1.15822,-1497.59,2851.22
1.15832,-1380.00,2753.59
1.15842,-1260.57,2652.12
1.15852,-1139.45,2546.99
1.15862,-1016.82,2438.35
1.15872,-892.81,2326.40
1.15882,-767.60,2211.30
1.15892,-641.35,2093.25
1.15902,-514.22,1972.43
1.15912,-386.37,1849.04
1.15922,-257.97,1723.26
1.15932,-129.18,1595.31
1.15942,-0.18,1465.37
1.15952,128.88,1333.65
1.15962,257.82,1200.36
1.15972,386.48,1065.70
1.15982,514.68,929.87
1.15992,642.27,793.09
1.16002,769.08,655.56
1.16012,894.94,517.49
1.16022,1019.68,379.08
1.16032,1143.14,240.55
1.16042,1265.16,102.09
1.16052,1385.58,-36.08
1.16062,1504.23,-173.77
1.16072,1620.96,-310.77
1.16082,1735.61,-446.89
1.16092,1848.04,-581.93
1.16102,1958.07,-715.70
1.16112,2065.58,-848.00
1.16122,2170.41,-978.65
1.16132,2272.41,-1107.46
1.16142,2371.46,-1234.26
1.16152,2467.41,-1358.86
1.16162,2560.13,-1481.10
1.16172,2649.49,-1600.80
1.16182,2735.37,-1717.81
1.16192,2817.66,-1831.96
1.16202,2896.22,-1943.09
1.16212,2970.96,-2051.07
1.16222,3041.77,-2155.74
1.16232,3108.55,-2256.97
1.16242,3171.20,-2354.62
1.16252,3229.64,-2448.56
1.16262,3283.77,-2538.68
1.16272,3333.53,-2624.86
1.16282,3378.83,-2706.99
1.16292,3419.62,-2784.96
1.16302,3455.82,-2858.68
1.16312,3487.40,-2928.05
1.16322,3514.29,-2993.00
1.16332,3536.46,-3053.45
1.16342,3553.88,-3109.33
1.16352,3566.50,-3160.56
1.16362,3574.31,-3207.11
1.16372,3577.29,-3248.91
1.16382,3575.44,-3285.93
1.16392,3568.74,-3318.13
1.16402,3557.20,-3345.49
1.16412,3540.83,-3367.97
1.16422,3519.65,-3385.58
1.16432,3493.66,-3398.30
1.16442,3462.91,-3406.14
1.16452,3427.43,-3409.11
1.16462,3387.25,-3407.21
1.16472,3342.42,-3400.48
1.16482,3293.00,-3388.94
1.16492,3239.04,-3372.64
1.16502,3180.60,-3351.61
1.16512,3117.76,-3325.90
1.16522,3050.59,-3295.58
1.16532,2979.17,-3260.71
1.16542,2903.59,-3221.35
1.16552,2823.94,-3177.59
1.16562,2740.32,-3129.51
1.16572,2652.83,-3077.19
1.16582,2561.58,-3020.73
1.16592,2466.68,-2960.23
1.16602,2368.26,-2895.80
1.16612,2266.43,-2827.53
1.16622,2161.33,-2755.55
1.16632,2053.09,-2679.98
1.16642,1941.84,-2600.93
1.16652,1827.74,-2518.55
1.16662,1710.92,-2432.94
1.16672,1591.53,-2344.26
1.16682,1469.75,-2252.64
1.16692,1345.71,-2158.22
1.16702,1219.59,-2061.14
1.16712,1091.55,-1961.55
1.16722,961.76,-1859.60
1.16732,830.40,-1755.44
1.16742,697.64,-1649.22
1.16752,563.65,-1541.10
1.16762,428.63,-1431.24
1.16772,292.76,-1319.78
1.16782,156.22,-1206.89
1.16792,19.19,-1092.74
1.16802,-118.13,-977.47
1.16812,-255.56,-861.25
1.16822,-392.89,-744.25
1.16832,-529.95,-626.62
1.16842,-666.54,-508.51
1.16852,-802.46,-390.11
1.16862,-937.54,-271.56
1.16872,-1071.57,-153.02
1.16882,-1204.36,-34.66
1.16892,-1335.73,83.38
1.16902,-1465.49,200.92
1.16912,-1593.46,317.82
1.16922,-1719.45,433.92
1.16932,-1843.27,549.07
1.16942,-1964.76,663.13
1.16952,-2083.74,775.93
1.16962,-2200.03,887.34
1.16972,-2313.46,997.20
1.16982,-2423.88,1105.39
1.16992,-2531.11,1211.76
1.17002,-2635.01,1316.17
1.17012,-2735.42,1418.50
1.17022,-2832.18,1518.61
1.17032,-2925.17,1616.38
1.17042,-3014.23,1711.69
1.17052,-3099.24,1804.42
1.17062,-3180.08,1894.45
1.17072,-3256.60,1981.67
1.17082,-3328.71,2065.98
1.17092,-3396.29,2147.28
1.17102,-3459.23,2225.47
1.17112,-3517.44,2300.45
1.17122,-3570.82,2372.15
1.17132,-3619.30,2440.47
1.17142,-3662.78,2505.34
1.17152,-3701.19,2566.69
1.17162,-3734.48,2624.45
1.17172,-3762.58,2678.55
1.17182,-3785.43,2728.94
1.17192,-3803.00,2775.57
1.17202,-3815.25,2818.40
1.17212,-3822.13,2857.37
1.17222,-3823.64,2892.45
1.17232,-3819.75,2923.62
1.17242,-3810.45,2950.85
1.17252,-3795.75,2974.11
1.17262,-3775.64,2993.40
1.17272,-3750.15,3008.70
1.17282,-3719.28,3020.01
1.17292,-3683.08,3027.32
1.17302,-3641.57,3030.66
1.17312,-3594.81,3030.01
1.17322,-3542.83,3025.41
1.17332,-3485.71,3016.87
1.17342,-3423.50,3004.41
1.17352,-3356.29,2988.07
1.17362,-3284.15,2967.88
1.17372,-3207.17,2943.87
1.17382,-3125.45,2916.09
1.17392,-3039.10,2884.59
1.17402,-2948.21,2849.42
1.17412,-2852.93,2810.63
1.17422,-2753.35,2768.28
1.17432,-2649.63,2722.44
1.17442,-2541.90,2673.17
1.17452,-2430.30,2620.54
1.17462,-2314.99,2564.63
1.17472,-2196.11,2505.51
1.17482,-2073.85,2443.27
1.17492,-1948.36,2377.98
1.17502,-1819.82,2309.75
1.17512,-1688.40,2238.65
1.17522,-1554.30,2164.79
1.17532,-1417.70,2088.25
1.17542,-1278.79,2009.14
1.17552,-1137.78,1927.57
1.17562,-994.86,1843.63
1.17572,-850.23,1757.44
1.17582,-704.11,1669.10
1.17592,-556.70,1578.73
1.17602,-408.21,1486.45
1.17612,-258.86,1392.37
1.17622,-108.86,1296.60
1.17632,41.56,1199.28
1.17642,192.20,1100.53
1.17652,342.83,1000.47
1.17662,493.23,899.22
1.17672,643.19,796.92
1.17682,792.48,693.69
1.17692,940.89,589.66
1.17702,1088.20,484.96
1.17712,1234.19,379.74
1.17722,1378.65,274.10
1.17732,1521.37,168.20
1.17742,1662.14,62.16
1.17752,1800.74,-43.88
1.17762,1936.97,-149.80
1.17772,2070.64,-255.46
1.17782,2201.53,-360.73
1.17792,2329.46,-465.47
1.17802,2454.23,-569.57
1.17812,2575.66,-672.88
1.17822,2693.56,-775.29
1.17832,2807.75,-876.66
1.17842,2918.07,-976.87
1.17852,3024.33,-1075.79
1.17862,3126.38,-1173.31
1.17872,3224.06,-1269.31
1.17882,3317.22,-1363.66
1.17892,3405.71,-1456.25
1.17902,3489.40,-1546.97
1.17912,3568.14,-1635.71
1.17922,3641.82,-1722.36
1.17932,3710.32,-1806.81
1.17942,3773.51,-1888.95
1.17952,3831.31,-1968.70
1.17962,3883.61,-2045.95
1.17972,3930.32,-2120.61
1.17982,3971.36,-2192.59
1.17992,4006.66,-2261.79
1.18002,4036.15,-2328.14
1.18012,4059.78,-2391.55
1.18022,4077.51,-2451.94
1.18032,4089.28,-2509.23
1.18042,4095.08,-2563.37
1.18052,4094.88,-2614.27
1.18062,4088.66,-2661.88
1.18072,4076.43,-2706.12
1.18082,4058.19,-2746.96
1.18092,4033.96,-2784.32
1.18102,4003.76,-2818.16
1.18112,3967.63,-2848.45
1.18122,3925.60,-2875.12
1.18132,3877.73,-2898.15
1.18142,3824.08,-2917.50
1.18152,3764.73,-2933.14
1.18162,3699.74,-2945.05
1.18172,3629.21,-2953.21
1.18182,3553.23,-2957.59
1.18192,3471.91,-2958.18
1.18202,3385.36,-2954.98
1.18212,3293.71,-2947.98
1.18222,3197.07,-2937.18
1.18232,3095.60,-2922.59
1.18242,2989.43,-2904.22
1.18252,2878.71,-2882.07
1.18262,2763.61,-2856.18
1.18272,2644.29,-2826.55
1.18282,2520.93,-2793.22
1.18292,2393.69,-2756.23
1.18302,2262.78,-2715.61
1.18312,2128.37,-2671.39
1.18322,1990.67,-2623.64
1.18332,1849.88,-2572.39
1.18342,1706.20,-2517.71
1.18352,1559.84,-2459.65
1.18362,1411.02,-2398.28
1.18372,1259.95,-2333.67
1.18382,1106.87,-2265.89
1.18392,951.99,-2195.03
1.18402,795.55,-2121.15
1.18412,637.77,-2044.35
1.18422,478.88,-1964.73
1.18432,319.13,-1882.36
1.18442,158.75,-1797.36
1.18452,-2.02,-1709.81
1.18462,-162.95,-1619.84
1.18472,-323.79,-1527.54
1.18482,-484.31,-1433.04
1.18492,-644.26,-1336.43
1.18502,-803.41,-1237.85
1.18512,-961.52,-1137.41
1.18522,-1118.35,-1035.24
1.18532,-1273.67,-931.46
1.18542,-1427.24,-826.21
1.18552,-1578.84,-719.61
1.18562,-1728.22,-611.80
1.18572,-1875.18,-502.91
1.18582,-2019.48,-393.08
1.18592,-2160.91,-282.45
1.18602,-2299.26,-171.16
1.18612,-2434.30,-59.36
1.18622,-2565.84,52.83
1.18632,-2693.68,165.24
1.18642,-2817.61,277.74
1.18652,-2937.45,390.18
1.18662,-3053.02,502.42
1.18672,-3164.13,614.30
1.18682,-3270.61,725.68
1.18692,-3372.31,836.42
1.18702,-3469.05,946.36
1.18712,-3560.70,1055.36
1.18722,-3647.10,1163.28
1.18732,-3728.13,1269.96
1.18742,-3803.65,1375.27
1.18752,-3873.55,1479.06
1.18762,-3937.71,1581.18
1.18772,-3996.04,1681.49
1.18782,-4048.45,1779.86
1.18792,-4094.84,1876.15
1.18802,-4135.14,1970.21
1.18812,-4169.30,2061.92
1.18822,-4197.25,2151.14
1.18832,-4218.95,2237.75
1.18842,-4234.36,2321.61
1.18852,-4243.45,2402.59
1.18862,-4246.22,2480.59
1.18872,-4242.64,2555.48
1.18882,-4232.74,2627.14
1.18892,-4216.51,2695.46
1.18902,-4193.98,2760.34
1.18912,-4165.18,2821.68
1.18922,-4130.15,2879.36
1.18932,-4088.95,2933.30
1.18942,-4041.64,2983.41
1.18952,-3988.29,3029.61
1.18962,-3928.97,3071.80
1.18972,-3863.77,3109.91
1.18982,-3792.80,3143.88
1.18992,-3716.16,3173.63
1.19002,-3633.96,3199.11
1.19012,-3546.33,3220.26
1.19022,-3453.40,3237.04
1.19032,-3355.32,3249.40
1.19042,-3252.22,3257.30
1.19052,-3144.26,3260.72
1.19062,-3031.61,3259.62
1.19072,-2914.43,3254.00
1.19082,-2792.91,3243.83
1.19092,-2667.23,3229.11
1.19102,-2537.56,3209.85
1.19112,-2404.12,3186.04
1.19122,-2267.10,3157.71
1.19132,-2126.70,3124.88
1.19142,-1983.15,3087.56
1.19152,-1836.65,3045.79
1.19162,-1687.42,2999.62
1.19172,-1535.69,2949.09
1.19182,-1381.69,2894.24
1.19192,-1225.66,2835.15
1.19202,-1067.81,2771.87
1.19212,-908.40,2704.47
1.19222,-747.66,2633.04
1.19232,-585.84,2557.65
1.19242,-423.17,2478.40
1.19252,-259.91,2395.38
1.19262,-96.29,2308.69
1.19272,67.43,2218.44
1.19282,231.01,2124.75
1.19292,394.20,2027.72
1.19302,556.76,1927.48
1.19312,718.44,1824.17
1.19322,879.00,1717.91
1.19332,1038.19,1608.85
1.19342,1195.78,1497.12
1.19352,1351.53,1382.87
1.19362,1505.20,1266.26
1.19372,1656.57,1147.45
1.19382,1805.40,1026.58
1.19392,1951.48,903.83
1.19402,2094.57,779.36
1.19412,2234.48,653.35
1.19422,2370.98,525.97
1.19432,2503.87,397.39
1.19442,2632.96,267.79
1.19452,2758.05,137.37
1.19462,2878.95,6.29
1.19472,2995.49,-125.24
1.19482,3107.49,-257.05
1.19492,3214.78,-388.95
1.19502,3317.21,-520.74
1.19512,3414.62,-652.23
1.19522,3506.87,-783.22
1.19532,3593.83,-913.54
1.19542,3675.37,-1042.97
1.19552,3751.37,-1171.34
1.19562,3821.72,-1298.44
1.19572,3886.32,-1424.10
1.19582,3945.07,-1548.10
1.19592,3997.91,-1670.28
1.19602,4044.74,-1790.43
1.19612,4085.51,-1908.38
1.19622,4120.17,-2023.93
1.19632,4148.66,-2136.92
1.19642,4170.95,-2247.17
1.19652,4187.02,-2354.49
1.19662,4196.85,-2458.71
1.19672,4200.43,-2559.68
1.19682,4197.77,-2657.23
1.19692,4188.87,-2751.19
1.19702,4173.76,-2841.42
1.19712,4152.47,-2927.76
1.19722,4125.03,-3010.08
1.19732,4091.51,-3088.23
1.19742,4051.96,-3162.08
1.19752,4006.44,-3231.51
1.19762,3955.03,-3296.38
1.19772,3897.82,-3356.60
1.19782,3834.89,-3412.05
1.19792,3766.37,-3462.63
1.19802,3692.35,-3508.24
1.19812,3612.95,-3548.81
1.19822,3528.30,-3584.25
1.19832,3438.53,-3614.49
1.19842,3343.79,-3639.46
1.19852,3244.23,-3659.12
1.19862,3139.99,-3673.40
1.19872,3031.25,-3682.28
1.19882,2918.17,-3685.73
1.19892,2800.92,-3683.70
1.19902,2679.70,-3676.20
1.19912,2554.68,-3663.21
1.19922,2426.05,-3644.74
1.19932,2294.02,-3620.80
1.19942,2158.79,-3591.40
1.19952,2020.55,-3556.57
1.19962,1879.53,-3516.34
1.19972,1735.94,-3470.77
1.19982,1589.99,-3419.89
1.19992,1441.91,-3363.77
1.20002,1291.91,-3302.49
1.20012,1140.23,-3236.11
1.20022,987.09,-3164.72
1.20032,832.73,-3088.41
1.20042,677.37,-3007.29
1.20052,521.25,-2921.46
1.20062,364.60,-2831.03
1.20072,207.65,-2736.13
1.20082,50.64,-2636.90
1.20092,-106.20,-2533.46
1.20102,-262.63,-2425.96
1.20112,-418.43,-2314.56
1.20122,-573.37,-2199.41
1.20132,-727.21,-2080.67
1.20142,-879.73,-1958.52
1.20152,-1030.70,-1833.13
1.20162,-1179.91,-1704.68
1.20172,-1327.14,-1573.37
1.20182,-1472.17,-1439.37
1.20192,-1614.79,-1302.90
1.20202,-1754.80,-1164.15
1.20212,-1891.99,-1023.32
1.20222,-2026.17,-880.63
1.20232,-2157.15,-736.29
1.20242,-2284.73,-590.52
1.20252,-2408.74,-443.53
1.20262,-2529.00,-295.55
1.20272,-2645.34,-146.81
1.20282,-2757.60,2.47
1.20292,-2865.62,152.06
1.20302,-2969.26,301.73
1.20312,-3068.38,451.26
1.20322,-3162.83,600.40
1.20332,-3252.48,748.93
1.20342,-3337.23,896.61
1.20352,-3416.96,1043.22
1.20362,-3491.56,1188.53
1.20372,-3560.94,1332.30
1.20382,-3625.01,1474.32
1.20392,-3683.69,1614.35
1.20402,-3736.91,1752.17
1.20412,-3784.60,1887.57
1.20422,-3826.71,2020.34
1.20432,-3863.20,2150.25
1.20442,-3894.02,2277.10
1.20452,-3919.15,2400.68
1.20462,-3938.56,2520.80
1.20472,-3952.25,2637.27
1.20482,-3960.20,2749.89
1.20492,-3962.43,2858.48
1.20502,-3958.95,2962.87
1.20512,-3949.77,3062.88
1.20522,-3934.92,3158.36
1.20532,-3914.45,3249.14
1.20542,-3888.40,3335.07
1.20552,-3856.81,3416.02
1.20562,-3819.76,3491.85
1.20572,-3777.31,3562.43
1.20582,-3729.53,3627.65
1.20592,-3676.51,3687.39
1.20602,-3618.34,3741.56
1.20612,-3555.11,3790.07
1.20622,-3486.93,3832.82
1.20632,-3413.92,3869.75
1.20642,-3336.18,3900.79
1.20652,-3253.85,3925.88
1.20662,-3167.05,3944.99
1.20672,-3075.91,3958.06
1.20682,-2980.59,3965.08
1.20692,-2881.23,3966.03
1.20702,-2777.97,3960.90
1.20712,-2670.98,3949.68
1.20722,-2560.43,3932.40
1.20732,-2446.47,3909.07
1.20742,-2329.28,3879.72
1.20752,-2209.03,3844.39
1.20762,-2085.92,3803.13
1.20772,-1960.10,3756.01
1.20782,-1831.79,3703.07
1.20792,-1701.15,3644.42
1.20802,-1568.39,3580.12
1.20812,-1433.71,3510.27
1.20822,-1297.29,3434.99
1.20832,-1159.34,3354.37
1.20842,-1020.05,3268.55
1.20852,-879.64,3177.65
1.20862,-738.29,3081.80
1.20872,-596.23,2981.17
1.20882,-453.64,2875.88
1.20892,-310.73,2766.12
1.20902,-167.71,2652.04
1.20912,-24.78,2533.83
1.20922,117.86,2411.65
1.20932,260.01,2285.71
1.20942,401.46,2156.20
1.20952,542.03,2023.31
1.20962,681.51,1887.26
1.20972,819.71,1748.24
1.20982,956.44,1606.49
1.20992,1091.52,1462.23
1.21002,1224.76,1315.66
1.21012,1355.97,1167.04
1.21022,1484.98,1016.58
1.21032,1611.62,864.53
1.21042,1735.72,711.12
1.21052,1857.11,556.60
1.21062,1975.64,401.21
1.21072,2091.14,245.19
1.21082,2203.47,88.78
1.21092,2312.48,-67.75
1.21102,2418.03,-224.18
1.21112,2519.98,-380.25
1.21122,2618.21,-535.71
1.21132,2712.60,-690.33
1.21142,2803.02,-843.85
1.21152,2889.36,-996.04
1.21162,2971.52,-1146.65
1.21172,3049.40,-1295.45
1.21182,3122.90,-1442.20
1.21192,3191.95,-1586.68
1.21202,3256.44,-1728.66
1.21212,3316.32,-1867.91
1.21222,3371.52,-2004.22
1.21232,3421.96,-2137.38
1.21242,3467.61,-2267.17
1.21252,3508.40,-2393.40
1.21262,3544.30,-2515.88
1.21272,3575.27,-2634.40
1.21282,3601.28,-2748.79
1.21292,3622.31,-2858.88
1.21302,3638.34,-2964.50
1.21312,3649.37,-3065.48
1.21322,3655.39,-3161.67
1.21332,3656.41,-3252.92
1.21342,3652.43,-3339.11
1.21352,3643.48,-3420.09
1.21362,3629.57,-3495.75
1.21372,3610.74,-3565.99
1.21382,3587.02,-3630.68
1.21392,3558.46,-3689.75
1.21402,3525.10,-3743.10
1.21412,3487.00,-3790.66
1.21422,3444.23,-3832.37
1.21432,3396.84,-3868.15
1.21442,3344.91,-3897.98
1.21452,3288.53,-3921.80
1.21462,3227.78,-3939.59
1.21472,3162.74,-3951.33
1.21482,3093.51,-3957.01
1.21492,3020.21,-3956.63
1.21502,2942.92,-3950.19
1.21512,2861.77,-3937.72
1.21522,2776.88,-3919.24
1.21532,2688.36,-3894.79
1.21542,2596.34,-3864.41
1.21552,2500.95,-3828.16
1.21562,2402.33,-3786.11
1.21572,2300.62,-3738.32
1.21582,2195.96,-3684.89
1.21592,2088.49,-3625.89
1.21602,1978.37,-3561.44
1.21612,1865.74,-3491.63
1.21622,1750.77,-3416.59
1.21632,1633.62,-3336.44
1.21642,1514.43,-3251.32
1.21652,1393.38,-3161.36
1.21662,1270.63,-3066.71
1.21672,1146.35,-2967.52
1.21682,1020.70,-2863.97
1.21692,893.86,-2756.21
1.21702,765.98,-2644.43
1.21712,637.25,-2528.80
1.21722,507.84,-2409.52
1.21732,377.91,-2286.77
1.21742,247.63,-2160.76
1.21752,117.19,-2031.68
1.21762,-13.26,-1899.75
1.21772,-143.54,-1765.17
1.21782,-273.48,-1628.17
1.21792,-402.92,-1488.96
1.21802,-531.68,-1347.76
1.21812,-659.61,-1204.79
1.21822,-786.53,-1060.29
1.21832,-912.28,-914.49
1.21842,-1036.71,-767.60
1.21852,-1159.65,-619.87
1.21862,-1280.95,-471.52
1.21872,-1400.45,-322.79
1.21882,-1518.00,-173.91
1.21892,-1633.45,-25.10
1.21902,-1746.65,123.41
1.21912,-1857.47,271.37
1.21922,-1965.75,418.58
1.21932,-2071.36,564.80
1.21942,-2174.18,709.82
1.21952,-2274.05,853.41
1.21962,-2370.87,995.36
1.21972,-2464.49,1135.46
1.21982,-2554.82,1273.49
1.21992,-2641.72,1409.27
1.22002,-2725.08,1542.57
1.22012,-2804.81,1673.22
1.22022,-2880.79,1801.02
1.22032,-2952.92,1925.79
1.22042,-3021.13,2047.35
1.22052,-3085.30,2165.52
1.22062,-3145.37,2280.14
1.22072,-3201.25,2391.04
1.22082,-3252.86,2498.07
1.22092,-3300.15,2601.09
1.22102,-3343.05,2699.95
1.22112,-3381.50,2794.51
1.22122,-3415.44,2884.65
1.22132,-3444.85,2970.25
1.22142,-3469.67,3051.19
1.22152,-3489.87,3127.37
1.22162,-3505.42,3198.69
1.22172,-3516.31,3265.05
1.22182,-3522.51,3326.39
1.22192,-3524.03,3382.61
1.22202,-3520.85,3433.65
1.22212,-3512.97,3479.46
1.22222,-3500.42,3519.98
1.22232,-3483.20,3555.17
1.22242,-3461.34,3584.99
1.22252,-3434.86,3609.42
1.22262,-3403.80,3628.44
1.22272,-3368.20,3642.04
1.22282,-3328.10,3650.22
1.22292,-3283.55,3652.98
1.22302,-3234.62,3650.34
1.22312,-3181.36,3642.32
1.22322,-3123.84,3628.95
1.22332,-3062.14,3610.27
1.22342,-2996.33,3586.34
1.22352,-2926.51,3557.19
1.22362,-2852.75,3522.90
1.22372,-2775.15,3483.54
1.22382,-2693.82,3439.19
1.22392,-2608.85,3389.92
1.22402,-2520.35,3335.84
1.22412,-2428.44,3277.05
1.22422,-2333.23,3213.64
1.22432,-2234.85,3145.74
1.22442,-2133.41,3073.46
1.22452,-2029.04,2996.93
1.22462,-1921.88,2916.28
1.22472,-1812.07,2831.65
1.22482,-1699.74,2743.19
1.22492,-1585.03,2651.03
1.22502,-1468.09,2555.34
1.22512,-1349.07,2456.26
1.22522,-1228.12,2353.97
1.22532,-1105.40,2248.63
1.22542,-981.06,2140.40
1.22552,-855.26,2029.46
1.22562,-728.16,1915.98
1.22572,-599.92,1800.15
1.22582,-470.72,1682.14
1.22592,-340.71,1562.13
1.22602,-210.07,1440.32
1.22612,-78.98,1316.87
1.22622,52.41,1191.99
1.22632,183.92,1065.85
1.22642,315.37,938.65
1.22652,446.59,810.57
1.22662,577.40,681.81
1.22672,707.64,552.54
1.22682,837.12,422.96
1.22692,965.66,293.25
1.22702,1093.11,163.60
1.22712,1219.27,34.19
1.22722,1343.99,-94.79
1.22732,1467.08,-223.17
1.22742,1588.38,-350.77
1.22752,1707.72,-477.40
1.22762,1824.94,-602.91
1.22772,1939.87,-727.10
1.22782,2052.35,-849.83
1.22792,2162.22,-970.91
1.22802,2269.33,-1090.19
1.22812,2373.53,-1207.51
1.22822,2474.66,-1322.72
1.22832,2572.59,-1435.65
1.22842,2667.17,-1546.17
1.22852,2758.26,-1654.12
1.22862,2845.74,-1759.38
1.22872,2929.48,-1861.80
1.22882,3009.36,-1961.25
1.22892,3085.26,-2057.61
1.22902,3157.06,-2150.75
1.22912,3224.66,-2240.57
1.22922,3287.97,-2326.95
1.22932,3346.88,-2409.77
1.22942,3401.31,-2488.96
1.22952,3451.17,-2564.40
1.22962,3496.39,-2636.01
1.22972,3536.89,-2703.71
1.22982,3572.61,-2767.41
1.22992,3603.49,-2827.06
1.23002,3629.48,-2882.58
1.23012,3650.53,-2933.92
1.23022,3666.60,-2981.02
1.23032,3677.66,-3023.83
1.23042,3683.68,-3062.33
1.23052,3684.64,-3096.47
1.23062,3680.54,-3126.22
1.23072,3671.36,-3151.57
1.23082,3657.09,-3172.50
1.23092,3637.76,-3189.01
1.23102,3613.37,-3201.09
1.23112,3583.94,-3208.75
1.23122,3549.50,-3211.99
1.23132,3510.08,-3210.84
1.23142,3465.73,-3205.32
1.23152,3416.48,-3195.46
1.23162,3362.40,-3181.29
1.23172,3303.54,-3162.85
1.23182,3239.96,-3140.19
1.23192,3171.75,-3113.37
1.23202,3098.98,-3082.43
1.23212,3021.75,-3047.43
1.23222,2940.13,-3008.46
1.23232,2854.23,-2965.57
1.23242,2764.16,-2918.84
1.23252,2670.03,-2868.36
1.23262,2571.96,-2814.21
1.23272,2470.06,-2756.48
1.23282,2364.48,-2695.26
1.23292,2255.35,-2630.65
1.23302,2142.80,-2562.74
1.23312,2026.99,-2491.65
1.23322,1908.07,-2417.48
1.23332,1786.20,-2340.33
1.23342,1661.54,-2260.33
1.23352,1534.25,-2177.59
1.23362,1404.52,-2092.22
1.23372,1272.51,-2004.36
1.23382,1138.40,-1914.11
1.23392,1002.39,-1821.61
1.23402,864.66,-1726.98
1.23412,725.39,-1630.36
1.23422,584.80,-1531.87
1.23432,443.06,-1431.64
1.23442,300.38,-1329.82
1.23452,156.97,-1226.53
1.23462,13.02,-1121.92
1.23472,-131.25,-1016.12
1.23482,-275.65,-909.27
1.23492,-419.97,-801.50
1.23502,-564.00,-692.97
1.23512,-707.54,-583.80
1.23522,-850.37,-474.14
1.23532,-992.29,-364.14
1.23542,-1133.09,-253.92
1.23552,-1272.58,-143.64
1.23562,-1410.54,-33.43
1.23572,-1546.78,76.57
1.23582,-1681.10,186.22
1.23592,-1813.29,295.38
1.23602,-1943.17,403.91
1.23612,-2070.55,511.69
1.23622,-2195.23,618.56
1.23632,-2317.04,724.40
1.23642,-2435.78,829.09
1.23652,-2551.29,932.48
1.23662,-2663.38,1034.45
1.23672,-2771.90,1134.89
1.23682,-2876.68,1233.65
1.23692,-2977.56,1330.63
1.23702,-3074.38,1425.71
1.23712,-3166.99,1518.77
1.23722,-3255.26,1609.70
1.23732,-3339.05,1698.39
1.23742,-3418.22,1784.74
1.23752,-3492.65,1868.64
1.23762,-3562.22,1950.00
1.23772,-3626.81,2028.72
1.23782,-3686.33,2104.71
1.23792,-3740.66,2177.88
1.23802,-3789.73,2248.16
1.23812,-3833.44,2315.45
1.23822,-3871.72,2379.68
1.23832,-3904.50,2440.79
1.23842,-3931.71,2498.70
1.23852,-3953.30,2553.35
1.23862,-3969.22,2604.68
1.23872,-3979.43,2652.63
1.23882,-3983.91,2697.15
1.23892,-3982.63,2738.20
1.23902,-3975.57,2775.74
1.23912,-3962.74,2809.71
1.23922,-3944.12,2840.09
1.23932,-3919.75,2866.85
1.23942,-3889.62,2889.95
1.23952,-3853.79,2909.38
1.23962,-3812.27,2925.12
1.23972,-3765.12,2937.15
1.23982,-3712.39,2945.46
1.23992,-3654.15,2950.05
1.24002,-3590.46,2950.91
1.24012,-3521.41,2948.04
1.24022,-3447.09,2941.45
1.24032,-3367.59,2931.15
1.24042,-3283.02,2917.15
1.24052,-3193.50,2899.47
1.24062,-3099.13,2878.13
1.24072,-3000.06,2853.16
1.24082,-2896.42,2824.58
1.24092,-2788.35,2792.43
1.24102,-2676.00,2756.75
1.24112,-2559.54,2717.58
1.24122,-2439.13,2674.97
1.24132,-2314.93,2628.95
1.24142,-2187.12,2579.60
1.24152,-2055.90,2526.95
1.24162,-1921.44,2471.08
1.24172,-1783.94,2412.06
1.24182,-1643.60,2349.94
1.24192,-1500.63,2284.80
1.24202,-1355.22,2216.73
1.24212,-1207.59,2145.79
1.24222,-1057.96,2072.07
1.24232,-906.55,1995.66
1.24242,-753.57,1916.65
1.24252,-599.25,1835.13
1.24262,-443.82,1751.20
1.24272,-287.51,1664.97
1.24282,-130.54,1576.52
1.24292,26.84,1485.98
1.24302,184.42,1393.44
1.24312,341.95,1299.03
1.24322,499.21,1202.85
1.24332,655.96,1105.02
1.24342,811.96,1005.66
1.24352,966.99,904.89
1.24362,1120.81,802.83
1.24372,1273.19,699.61
1.24382,1423.91,595.35
1.24392,1572.73,490.19
1.24402,1719.44,384.24
1.24412,1863.82,277.65
1.24422,2005.63,170.54
1.24432,2144.68,63.04
1.24442,2280.75,-44.72
1.24452,2413.62,-152.59
1.24462,2543.10,-260.45
1.24472,2668.99,-368.16
1.24482,2791.10,-475.59
1.24492,2909.23,-582.61
1.24502,3023.21,-689.07
1.24512,3132.85,-794.86
1.24522,3237.98,-899.82
1.24532,3338.45,-1003.84
1.24542,3434.08,-1106.77
1.24552,3524.74,-1208.50
1.24562,3610.26,-1308.88
1.24572,3690.53,-1407.79
1.24582,3765.41,-1505.10
1.24592,3834.77,-1600.69
1.24602,3898.51,-1694.42
1.24612,3956.52,-1786.18
1.24622,4008.71,-1875.85
1.24632,4054.98,-1963.30
1.24642,4095.26,-2048.42
1.24652,4129.48,-2131.09
1.24662,4157.58,-2211.20
1.24672,4179.51,-2288.63
1.24682,4195.23,-2363.29
1.24692,4204.71,-2435.06
1.24702,4207.92,-2503.84
1.24712,4204.85,-2569.53
1.24722,4195.50,-2632.03
1.24732,4179.88,-2691.26
1.24742,4158.01,-2747.12
1.24752,4129.91,-2799.52
1.24762,4095.62,-2848.39
1.24772,4055.18,-2893.65
1.24782,4008.66,-2935.21
1.24792,3956.11,-2973.01
1.24802,3897.62,-3006.99
1.24812,3833.26,-3037.09
1.24822,3763.13,-3063.23
1.24832,3687.33,-3085.39
1.24842,3605.98,-3103.50
1.24852,3519.18,-3117.52
1.24862,3427.08,-3127.43
1.24872,3329.81,-3133.18
1.24882,3227.50,-3134.75
1.24892,3120.32,-3132.12
1.24902,3008.42,-3125.27
1.24912,2891.97,-3114.20
1.24922,2771.15,-3098.90
1.24932,2646.12,-3079.37
1.24942,2517.09,-3055.61
1.24952,2384.25,-3027.65
1.24962,2247.78,-2995.49
1.24972,2107.90,-2959.17
1.24982,1964.82,-2918.71
1.24992,1818.75,-2874.15
1.25002,1669.91,-2825.54
1.25012,1518.53,-2772.91
1.25022,1364.83,-2716.32
1.25032,1209.03,-2655.84
1.25042,1051.39,-2591.52
1.25052,892.13,-2523.44
1.25062,731.49,-2451.68
1.25072,569.72,-2376.30
1.25082,407.06,-2297.41
1.25092,243.75,-2215.08
1.25102,80.04,-2129.43
1.25112,-83.82,-2040.55
1.25122,-247.59,-1948.54
1.25132,-411.01,-1853.52
1.25142,-573.85,-1755.61
1.25152,-735.85,-1654.93
1.25162,-896.76,-1551.60
1.25172,-1056.35,-1445.75
1.25182,-1214.38,-1337.52
1.25192,-1370.59,-1227.04
1.25202,-1524.77,-1114.46
1.25212,-1676.66,-999.93
1.25222,-1826.05,-883.58
1.25232,-1972.70,-765.57
1.25242,-2116.39,-646.07
1.25252,-2256.90,-525.22
1.25262,-2394.02,-403.20
1.25272,-2527.55,-280.16
1.25282,-2657.27,-156.26
1.25292,-2782.99,-31.69
1.25300,-2883.13,71.37
1.25300,-2883.73,72.01
1.25305,-2899.75,77.34
1.25310,-2918.75,88.35
1.25317,-2922.13,77.35
1.25327,-2886.35,14.90
1.25337,-2795.77,-105.18
1.25347,-2662.26,-263.57
1.25357,-2501.93,-437.72
1.25364,-2382.91,-555.51
1.25369,-2303.81,-627.98
1.25376,-2208.69,-708.71
1.25386,-2092.88,-792.47
1.25396,-2026.01,-812.48
1.25406,-2019.20,-759.14
1.25416,-2076.88,-629.59
1.25426,-2196.47,-427.85
1.25436,-2368.91,-164.23
1.25446,-2579.66,145.71
1.25456,-2810.34,482.75
1.25466,-3040.59,825.81
1.25476,-3250.19,1153.90
1.25486,-3420.95,1448.04
1.25496,-3538.52,1692.86
1.25506,-3593.66,1877.91
1.25516,-3583.01,1998.41
1.25526,-3509.27,2055.45
1.25536,-3380.78,2055.76
1.25546,-3210.58,2010.78
1.25556,-3015.01,1935.52
1.25566,-2812.05,1846.97
1.25576,-2619.52,1762.50
1.25586,-2453.43,1698.16
1.25596,-2326.41,1667.26
1.25606,-2246.66,1679.20
1.25616,-2217.24,1738.70
1.25626,-2235.94,1845.48
1.25636,-2295.70,1994.44
1.25646,-2385.34,2176.29
1.25656,-2490.86,2378.53
1.25666,-2596.79,2586.67
1.25676,-2687.78,2785.69
1.25686,-2750.07,2961.42
1.25696,-2772.72,3101.85
1.25706,-2748.62,3198.18
1.25716,-2675.04,3245.56
1.25726,-2553.74,3243.45
1.25736,-2390.65,3195.53
1.25746,-2195.18,3109.26
1.25756,-1979.18,2995.11
1.25766,-1755.72,2865.50
1.25776,-1537.78,2733.59
1.25786,-1337.01,2612.08
1.25796,-1162.64,2512.06
1.25806,-1020.68,2441.98
1.25816,-913.46,2407.03
1.25826,-839.54,2408.69
1.25836,-793.97,2444.70
1.25846,-768.96,2509.41
1.25856,-754.73,2594.33
1.25866,-740.58,2689.04
1.25876,-715.95,2782.12
1.25886,-671.56,2862.28
1.25896,-600.26,2919.33
1.25906,-497.72,2945.06
1.25916,-362.79,2933.98
1.25926,-197.59,2883.65
1.25936,-7.17,2794.85
1.25946,200.96,2671.41
1.25956,417.69,2519.72
1.25966,633.15,2348.12
1.25976,837.72,2166.07
1.25986,1022.91,1983.24
1.25996,1182.17,1808.68
1.26006,1311.44,1649.99
1.26016,1409.44,1512.74
1.26026,1477.75,1400.02
1.26036,1520.52,1312.29
1.26046,1544.00,1247.45
1.26056,1555.88,1201.13
1.26066,1564.46,1167.24
1.26076,1577.86,1138.55
1.26086,1603.20,1107.48
1.26096,1645.97,1066.81
1.26106,1709.49,1010.32
1.26116,1794.70,933.42
1.26126,1900.11,833.47
1.26136,2022.02,710.03
1.26146,2154.93,564.81
1.26156,2292.15,401.49
1.26166,2426.42,225.30
1.26176,2550.70,42.55
1.26186,2658.77,-140.02
1.26196,2745.83,-315.80
1.26206,2808.91,-478.94
1.26216,2847.07,-624.83
1.26226,2861.43,-750.48
1.26236,2854.99,-854.70
1.26246,2832.21,-938.19
1.26256,2798.59,-1003.35
1.26266,2760.05,-1054.05
1.26276,2722.30,-1095.17
1.26286,2690.34,-1132.16
1.26296,2667.91,-1170.52
1.26306,2657.22,-1215.24
1.26316,2658.74,-1270.43
1.26326,2671.20,-1338.91
1.26336,2691.79,-1422.03
1.26346,2716.47,-1519.56
1.26356,2740.38,-1629.77
1.26366,2758.42,-1749.61
1.26376,2765.66,-1875.04
1.26386,2757.95,-2001.38
1.26396,2732.19,-2123.77
1.26406,2686.74,-2237.56
1.26416,2621.46,-2338.74
1.26426,2537.74,-2424.22
1.26436,2438.34,-2492.10
1.26446,2327.09,-2541.73
1.26456,2208.50,-2573.75
1.26466,2087.34,-2589.95
1.26476,1968.17,-2593.06
1.26486,1854.91,-2586.45
1.26496,1750.53,-2573.79
1.26506,1656.78,-2558.75
1.26516,1574.07,-2544.60
1.26526,1501.51,-2533.99
1.26536,1437.04,-2528.69
1.26546,1377.65,-2529.50
1.26556,1319.78,-2536.21
1.26566,1259.64,-2547.65
1.26576,1193.63,-2561.87
1.26586,1118.69,-2576.32
1.26596,1032.58,-2588.13
1.26606,934.13,-2594.38
1.26616,823.28,-2592.39
1.26626,701.10,-2579.92
1.26636,569.65,-2555.41
1.26646,431.77,-2518.10
1.26656,290.77,-2468.05
1.26666,150.16,-2406.12
1.26676,13.24,-2333.90
1.26686,-117.14,-2253.54
1.26696,-238.87,-2167.53
1.26706,-350.72,-2078.51
1.26716,-452.42,-1989.02
1.26726,-544.67,-1901.27
1.26736,-628.98,-1817.03
1.26746,-707.52,-1737.43
1.26756,-782.83,-1662.95
1.26766,-857.57,-1593.35
1.26776,-934.22,-1527.81
1.26786,-1014.83,-1464.97
1.26796,-1100.80,-1403.08
1.26806,-1192.75,-1340.23
1.26816,-1290.47,-1274.47
1.26826,-1392.91,-1204.03
1.26836,-1498.35,-1127.46
1.26846,-1604.49,-1043.78
1.26856,-1708.75,-952.52
1.26866,-1808.49,-853.76
1.26876,-1901.22,-748.15
1.26886,-1984.88,-636.81
1.26896,-2058.00,-521.22
1.26906,-2119.81,-403.15
1.26916,-2170.29,-284.43
1.26926,-2210.16,-166.86
1.26936,-2240.76,-52.08
1.26946,-2263.91,58.59
1.26956,-2281.73,164.20
1.26966,-2296.40,264.22
1.26976,-2309.95,358.57
1.26986,-2324.08,447.57
1.26996,-2340.01,531.90
1.27006,-2358.33,612.49
1.27016,-2379.02,690.42
1.27026,-2401.44,766.81
1.27036,-2424.43,842.72
1.27046,-2446.43,919.02
1.27056,-2465.63,996.34
1.27066,-2480.21,1075.00
1.27076,-2488.48,1154.98
1.27086,-2489.04,1235.93
1.27096,-2480.96,1317.22
1.27106,-2463.79,1397.97
1.27116,-2437.66,1477.14
1.27126,-2403.23,1553.63
1.27136,-2361.60,1626.34
1.27146,-2314.21,1694.30
1.27156,-2262.72,1756.68
1.27166,-2208.77,1812.93
1.27176,-2153.93,1862.75
1.27186,-2099.45,1906.14
1.27196,-2046.25,1943.36
1.27206,-1994.78,1974.93
1.27216,-1945.02,2001.54
1.27226,-1896.50,2024.01
1.27236,-1848.38,2043.22
1.27246,-1799.56,2060.01
1.27256,-1748.75,2075.13
1.27266,-1694.70,2089.17
1.27276,-1636.27,2102.52
1.27286,-1572.56,2115.36
1.27296,-1503.05,2127.62
1.27306,-1427.58,2139.00
1.27316,-1346.46,2149.03
1.27326,-1260.36,2157.08
1.27336,-1170.30,2162.45
1.27346,-1077.56,2164.40
1.27356,-983.52,2162.22
1.27366,-889.60,2155.31
1.27376,-797.08,2143.21
1.27386,-707.02,2125.65
1.27396,-620.21,2102.54
1.27406,-537.04,2074.03
1.27416,-457.57,2040.44
1.27426,-381.48,2002.28
1.27436,-308.19,1960.17
1.27446,-236.85,1914.83
1.27456,-166.56,1867.00
1.27466,-96.35,1817.40
1.27476,-25.37,1766.68
1.27486,47.03,1715.36
1.27496,121.28,1663.82
1.27506,197.48,1612.27
1.27516,275.44,1560.74
1.27526,354.68,1509.13
1.27536,434.46,1457.17
1.27546,513.88,1404.51
1.27556,591.93,1350.73
1.27566,667.63,1295.42
1.27576,740.09,1238.17
1.27586,808.56,1178.67
1.27596,872.57,1116.72
1.27606,931.86,1052.26
1.27616,986.50,985.36
1.27626,1036.78,916.28
1.27636,1083.22,845.39
1.27646,1126.49,773.17
1.27656,1167.35,700.19
1.27666,1206.53,627.07
1.27676,1244.70,554.41
1.27686,1282.39,482.76
1.27696,1319.92,412.61
1.27706,1357.37,344.29
1.27716,1394.62,278.02
1.27726,1431.29,213.88
1.27736,1466.86,151.77
1.27746,1500.66,91.49
1.27756,1531.97,32.73
1.27766,1560.09,-24.90
1.27776,1584.39,-81.81
1.27786,1604.39,-138.40
1.27796,1619.78,-195.02
1.27806,1630.47,-251.93
1.27816,1636.59,-309.28
1.27826,1638.47,-367.07
1.27836,1636.58,-425.19
1.27846,1631.54,-483.36
1.27856,1624.02,-541.23
1.27866,1614.68,-598.32
1.27876,1604.13,-654.13
1.27886,1592.86,-708.14
1.27896,1581.22,-759.85
1.27906,1569.36,-808.85
1.27916,1557.28,-854.80
1.27926,1544.80,-897.50
1.27936,1531.61,-936.89
1.27946,1517.28,-973.02
1.27956,1501.36,-1006.10
1.27966,1483.39,-1036.43
1.27976,1462.98,-1064.39
1.27986,1439.83,-1090.39
1.27996,1413.76,-1114.86
1.28006,1384.78,-1138.19
1.28016,1353.02,-1160.69
1.28026,1318.77,-1182.60
1.28036,1282.43,-1204.02
1.28046,1244.50,-1224.95
1.28056,1205.49,-1245.26
1.28066,1165.92,-1264.73
1.28076,1126.25,-1283.04
1.28086,1086.87,-1299.84
1.28096,1048.03,-1314.76
1.28106,1009.85,-1327.44
1.28116,972.33,-1337.60
1.28126,935.30,-1345.02
1.28136,898.55,-1349.59
1.28146,861.74,-1351.32
1.28156,824.52,-1350.33
1.28166,786.56,-1346.86
1.28176,747.56,-1341.23
1.28186,707.29,-1333.81
1.28196,665.65,-1325.02
1.28206,622.62,-1315.27
1.28216,578.33,-1304.92
1.28226,533.00,-1294.28
1.28236,486.96,-1283.56
1.28246,440.57,-1272.87
1.28256,394.25,-1262.21
1.28266,348.40,-1251.46
1.28276,303.37,-1240.41
1.28286,259.45,-1228.81
1.28296,216.83,-1216.32
1.28306,175.60,-1202.62
1.28316,135.75,-1187.40
1.28326,97.16,-1170.42
1.28336,59.62,-1151.48
1.28346,22.90,-1130.51
1.28356,-13.31,-1107.53
1.28366,-49.28,-1082.66
1.28376,-85.25,-1056.12
1.28386,-121.44,-1028.20
1.28396,-157.94,-999.25
1.28406,-194.81,-969.64
1.28416,-231.99,-939.73
1.28426,-269.34,-909.84
1.28436,-306.66,-880.25
1.28446,-343.71,-851.14
1.28456,-380.22,-822.59
1.28466,-415.94,-794.59
1.28476,-450.62,-767.03
1.28486,-484.10,-739.75
1.28496,-516.27,-712.48
1.28506,-547.08,-684.96
1.28516,-576.58,-656.89
1.28526,-604.88,-628.02
1.28536,-632.15,-598.13
1.28546,-658.61,-567.06
1.28556,-684.48,-534.74
1.28566,-709.99,-501.20
1.28576,-735.33,-466.54
1.28586,-760.65,-430.92
1.28596,-786.05,-394.60
1.28606,-811.54,-357.85
1.28616,-837.10,-320.95
1.28626,-862.61,-284.18
1.28636,-887.91,-247.79
1.28646,-912.82,-211.96
1.28656,-937.13,-176.79
1.28666,-960.62,-142.33
1.28676,-983.11,-108.52
1.28686,-1004.47,-75.23
1.28696,-1024.58,-42.29
1.28706,-1043.42,-9.46
1.28716,-1061.00,23.51
1.28726,-1077.40,56.85
1.28736,-1092.73,90.79
1.28746,-1107.14,125.49
1.28756,-1120.78,161.07
1.28766,-1133.83,197.54
1.28776,-1146.41,234.88
1.28786,-1158.64,272.96
1.28796,-1170.57,311.61
1.28806,-1182.22,350.59
1.28816,-1193.55,389.66
1.28826,-1204.48,428.54
1.28836,-1214.87,467.00
1.28846,-1224.57,504.82
1.28856,-1233.42,541.85
1.28866,-1241.25,577.97
1.28876,-1247.91,613.17
1.28886,-1253.28,647.47
1.28896,-1257.27,680.98
1.28906,-1259.83,713.83
1.28916,-1260.96,746.19
1.28926,-1260.70,778.25
1.28936,-1259.11,810.19
1.28946,-1256.28,842.16
1.28956,-1252.31,874.25
1.28966,-1247.30,906.53
1.28976,-1241.34,938.98
1.28986,-1234.48,971.53
1.28996,-1226.75,1004.04
1.29006,-1218.15,1036.35
1.29016,-1208.64,1068.24
1.29026,-1198.13,1099.47
1.29036,-1186.52,1129.81
1.29046,-1173.68,1159.05
1.29056,-1159.50,1186.99
1.29066,-1143.83,1213.51
1.29076,-1126.58,1238.52
1.29086,-1107.64,1261.98
1.29096,-1086.95,1283.91
1.29106,-1064.50,1304.37
1.29116,-1040.28,1323.47
1.29126,-1014.33,1341.33
1.29136,-986.73,1358.06
1.29146,-957.55,1373.79
1.29156,-926.89,1388.60
1.29166,-894.86,1402.54
1.29176,-861.54,1415.61
1.29186,-827.00,1427.76
1.29196,-791.30,1438.92
1.29206,-754.48,1448.93
1.29216,-716.53,1457.64
1.29226,-677.43,1464.84
1.29236,-637.16,1470.35
1.29246,-595.66,1473.97
1.29256,-552.88,1475.52
1.29266,-508.78,1474.87
1.29276,-463.30,1471.93
1.29286,-416.45,1466.64
1.29296,-368.21,1459.00
1.29306,-318.61,1449.05
1.29316,-267.72,1436.87
1.29326,-215.60,1422.56
1.29336,-162.37,1406.24
1.29346,-108.13,1388.04
1.29356,-53.01,1368.06
1.29366,2.87,1346.41
1.29376,59.38,1323.15
1.29386,116.41,1298.30
1.29396,173.86,1271.85
1.29406,231.65,1243.77
1.29416,289.71,1213.97
1.29426,348.00,1182.37
1.29436,406.49,1148.86
1.29446,465.13,1113.33
1.29456,523.91,1075.69
1.29466,582.80,1035.86
1.29476,641.76,993.79
1.29486,700.74,949.48
1.29496,759.67,902.96
1.29506,818.47,854.29
1.29516,877.04,803.58
1.29526,935.25,750.96
1.29536,992.96,696.57
1.29546,1050.04,640.59
1.29556,1106.34,583.17
1.29566,1161.69,524.47
1.29576,1215.96,464.62
1.29586,1269.02,403.74
1.29596,1320.73,341.91
1.29606,1370.98,279.20
1.29616,1419.70,215.63
1.29626,1466.78,151.22
1.29636,1512.18,85.97
1.29646,1555.82,19.88
1.29656,1597.66,-47.07
1.29666,1637.65,-114.85
1.29676,1675.73,-183.44
1.29686,1711.84,-252.79
1.29696,1745.92,-322.82
1.29706,1777.88,-393.41
1.29716,1807.65,-464.43
1.29726,1835.12,-535.71
1.29736,1860.19,-607.06
1.29746,1882.76,-678.30
1.29756,1902.72,-749.21
1.29766,1919.97,-819.60
1.29776,1934.42,-889.29
1.29786,1945.98,-958.11
1.29796,1954.58,-1025.91
1.29806,1960.17,-1092.57
1.29816,1962.71,-1157.99
1.29826,1962.16,-1222.09
1.29836,1958.51,-1284.81
1.29846,1951.76,-1346.10
1.29856,1941.90,-1405.93
1.29866,1928.96,-1464.24
1.29876,1912.92,-1520.99
1.29886,1893.81,-1576.12
1.29896,1871.63,-1629.55
1.29906,1846.38,-1681.18
1.29916,1818.06,-1730.89
1.29926,1786.67,-1778.56
1.29936,1752.21,-1824.04
1.29946,1714.66,-1867.16
1.29956,1674.04,-1907.77
1.29966,1630.35,-1945.72
1.29976,1583.60,-1980.85
1.29986,1533.83,-2013.04
1.29996,1481.06,-2042.15
1.30006,1425.37,-2068.11
1.30016,1366.80,-2090.83
1.30026,1305.45,-2110.27
1.30036,1241.39,-2126.40
1.30046,1174.73,-2139.20
1.30056,1105.58,-2148.68
1.30066,1034.05,-2154.83
1.30076,960.25,-2157.67
1.30086,884.30,-2157.20
1.30096,806.32,-2153.43
1.30106,726.41,-2146.35
1.30116,644.70,-2135.94
1.30126,561.29,-2122.17
1.30136,476.30,-2105.01
1.30146,389.83,-2084.41
1.30156,302.01,-2060.34
1.30166,212.94,-2032.75
1.30176,122.77,-2001.62
1.30186,31.60,-1966.91
1.30196,-60.41,-1928.63
1.30206,-153.11,-1886.78
1.30216,-246.36,-1841.41
1.30226,-340.00,-1792.55
1.30236,-433.84,-1740.29
1.30246,-527.73,-1684.71
1.30256,-621.49,-1625.92
1.30266,-714.95,-1564.04
1.30276,-807.92,-1499.18
1.30286,-900.24,-1431.46
1.30296,-991.74,-1361.03
1.30306,-1082.26,-1287.98
1.30316,-1171.63,-1212.45
1.30326,-1259.71,-1134.54
1.30336,-1346.34,-1054.34
1.30346,-1431.38,-971.97
1.30356,-1514.68,-887.51
1.30366,-1596.10,-801.06
1.30376,-1675.49,-712.71
1.30386,-1752.72,-622.56
1.30396,-1827.64,-530.72
1.30406,-1900.10,-437.32
1.30416,-1969.96,-342.49
1.30426,-2037.07,-246.37
1.30436,-2101.30,-149.12
1.30446,-2162.49,-50.93
1.30456,-2220.52,48.04
1.30466,-2275.24,147.58
1.30476,-2326.54,247.50
1.30486,-2374.29,347.60
1.30496,-2418.38,447.69
1.30506,-2458.72,547.56
1.30516,-2495.21,647.04
1.30526,-2527.76,745.95
1.30536,-2556.31,844.10
1.30546,-2580.79,941.35
1.30556,-2601.14,1037.53
1.30566,-2617.31,1132.51
1.30576,-2629.24,1226.12
1.30586,-2636.90,1318.24
1.30596,-2640.26,1408.71
1.30606,-2639.27,1497.40
1.30616,-2633.93,1584.16
1.30626,-2624.19,1668.84
1.30636,-2610.05,1751.28
1.30646,-2591.50,1831.32
1.30656,-2568.54,1908.79
1.30666,-2541.18,1983.54
1.30676,-2509.43,2055.39
1.30686,-2473.32,2124.18
1.30696,-2432.89,2189.75
1.30706,-2388.18,2251.96
1.30716,-2339.25,2310.65
1.30726,-2286.17,2365.71
1.30736,-2229.02,2417.01
1.30746,-2167.88,2464.45
1.30756,-2102.84,2507.93
1.30766,-2034.00,2547.37
1.30776,-1961.47,2582.71
1.30786,-1885.36,2613.88
1.30796,-1805.79,2640.83
1.30806,-1722.88,2663.50
1.30816,-1636.75,2681.87
1.30826,-1547.54,2695.88
1.30836,-1455.38,2705.51
1.30846,-1360.41,2710.71
1.30856,-1262.79,2711.45
1.30866,-1162.66,2707.71
1.30876,-1060.19,2699.46
1.30886,-955.54,2686.67
1.30896,-848.89,2669.34
1.30906,-740.40,2647.46
1.30916,-630.28,2621.03
1.30926,-518.70,2590.07
1.30936,-405.87,2554.62
1.30946,-291.97,2514.71
1.30956,-177.22,2470.40
1.30966,-61.80,2421.75
1.30976,54.07,2368.85
1.30986,170.20,2311.78
1.30996,286.37,2250.65
1.31006,402.38,2185.56
1.31016,518.04,2116.63
1.31026,633.14,2043.97
1.31036,747.49,1967.70
1.31046,860.87,1887.96
1.31056,973.10,1804.87
1.31066,1083.98,1718.57
1.31076,1193.31,1629.18
1.31086,1300.90,1536.84
1.31096,1406.55,1441.69
1.31106,1510.08,1343.88
1.31116,1611.28,1243.57
1.31126,1709.99,1140.89
1.31136,1806.00,1036.03
1.31146,1899.14,929.15
1.31156,1989.25,820.44
1.31166,2076.14,710.07
1.31176,2159.65,598.25
1.31186,2239.64,485.18
1.31196,2315.94,371.05
1.31206,2388.42,256.09
1.31216,2456.94,140.49
1.31226,2521.38,24.47
1.31236,2581.62,-91.76
1.31246,2637.53,-207.99
1.31256,2689.03,-324.01
1.31266,2736.01,-439.62
1.31276,2778.38,-554.62
1.31286,2816.07,-668.80
1.31296,2848.99,-781.99
1.31306,2877.07,-893.97
1.31316,2900.27,-1004.57
1.31326,2918.52,-1113.60
1.31336,2931.78,-1220.87
1.31346,2940.03,-1326.19
1.31356,2943.22,-1429.39
1.31366,2941.36,-1530.28
1.31376,2934.43,-1628.67
1.31386,2922.44,-1724.39
1.31396,2905.41,-1817.26
1.31406,2883.35,-1907.11
1.31416,2856.30,-1993.77
1.31426,2824.31,-2077.06
1.31436,2787.43,-2156.84
1.31446,2745.73,-2232.96
1.31456,2699.28,-2305.27
1.31466,2648.15,-2373.64
1.31476,2592.44,-2437.94
1.31486,2532.24,-2498.07
1.31496,2467.66,-2553.91
1.31506,2398.80,-2605.38
1.31516,2325.80,-2652.38
1.31526,2248.77,-2694.84
1.31536,2167.85,-2732.70
1.31546,2083.17,-2765.88
1.31556,1994.89,-2794.34
1.31566,1903.17,-2818.02
1.31576,1808.15,-2836.89
1.31586,1710.02,-2850.91
1.31596,1608.94,-2860.06
1.31606,1505.10,-2864.31
1.31616,1398.68,-2863.65
1.31626,1289.88,-2858.08
1.31636,1178.89,-2847.61
1.31646,1065.90,-2832.25
1.31656,951.14,-2812.02
1.31666,834.79,-2786.96
1.31676,717.08,-2757.12
1.31686,598.20,-2722.54
1.31696,478.38,-2683.30
1.31706,357.82,-2639.48
1.31716,236.74,-2591.15
1.31726,115.36,-2538.42
1.31736,-6.11,-2481.38
1.31746,-127.47,-2420.15
1.31756,-248.49,-2354.84
1.31766,-368.95,-2285.58
1.31776,-488.66,-2212.50
1.31786,-607.39,-2135.74
1.31796,-724.93,-2055.43
1.31806,-841.08,-1971.71
1.31816,-955.64,-1884.75
1.31826,-1068.39,-1794.69
1.31836,-1179.14,-1701.69
1.31846,-1287.70,-1605.92
1.31856,-1393.87,-1507.54
1.31866,-1497.46,-1406.74
1.31876,-1598.30,-1303.69
1.31886,-1696.21,-1198.58
1.31896,-1791.02,-1091.59
1.31906,-1882.57,-982.92
1.31916,-1970.71,-872.77
1.31926,-2055.28,-761.34
1.31936,-2136.14,-648.84
1.31946,-2213.16,-535.47
1.31956,-2286.21,-421.44
1.31966,-2355.17,-306.96
1.31976,-2419.93,-192.22
1.31986,-2480.38,-77.45
1.31996,-2536.43,37.16
1.32006,-2587.99,151.40
1.32016,-2634.97,265.07
1.32026,-2677.31,377.98
1.32036,-2714.93,489.93
1.32046,-2747.80,600.72
1.32056,-2775.85,710.18
1.32066,-2799.06,818.11
1.32076,-2817.40,924.32
1.32086,-2830.84,1028.65
1.32096,-2839.39,1130.90
1.32106,-2843.05,1230.91
1.32116,-2841.82,1328.50
1.32126,-2835.73,1423.52
1.32136,-2824.80,1515.78
1.32146,-2809.08,1605.15
1.32156,-2788.62,1691.47
1.32166,-2763.46,1774.60
1.32176,-2733.68,1854.39
1.32186,-2699.34,1930.71
1.32196,-2660.52,2003.46
1.32206,-2617.32,2072.50
1.32216,-2569.83,2137.73
1.32226,-2518.14,2199.06
1.32236,-2462.38,2256.40
1.32246,-2402.66,2309.67
1.32256,-2339.10,2358.78
1.32266,-2271.83,2403.69
1.32276,-2200.99,2444.34
1.32286,-2126.73,2480.66
1.32296,-2049.18,2512.64
1.32306,-1968.52,2540.22
1.32316,-1884.89,2563.39
1.32326,-1798.47,2582.13
1.32336,-1709.42,2596.42
1.32346,-1617.91,2606.26
1.32356,-1524.13,2611.66
1.32366,-1428.25,2612.63
1.32376,-1330.46,2609.19
1.32386,-1230.94,2601.37
1.32396,-1129.87,2589.20
1.32406,-1027.45,2572.74
1.32416,-923.86,2552.03
1.32426,-819.30,2527.14
1.32436,-713.95,2498.14
1.32446,-608.01,2465.11
1.32456,-501.66,2428.13
1.32466,-395.11,2387.29
1.32476,-288.53,2342.70
1.32486,-182.12,2294.45
1.32496,-76.06,2242.67
1.32506,29.46,2187.46
1.32516,134.25,2128.95
1.32526,238.14,2067.27
1.32536,340.95,2002.53
1.32546,442.50,1934.89
1.32556,542.62,1864.46
1.32566,641.15,1791.41
1.32576,737.91,1715.86
1.32586,832.76,1637.98
1.32596,925.54,1557.91
1.32606,1016.10,1475.81
1.32616,1104.31,1391.83
1.32626,1190.01,1306.15
1.32636,1273.09,1218.91
1.32646,1353.42,1130.30
1.32656,1430.87,1040.47
1.32666,1505.34,949.59
1.32676,1576.73,857.84
1.32686,1644.92,765.38
1.32696,1709.84,672.39
1.32706,1771.39,579.02
1.32716,1829.49,485.46
1.32726,1884.08,391.86
1.32736,1935.09,298.39
1.32746,1982.45,205.20
1.32756,2026.14,112.46
1.32766,2066.09,20.33
1.32776,2102.27,-71.05
1.32786,2134.67,-161.53
1.32796,2163.25,-250.96
1.32806,2188.01,-339.19
1.32816,2208.95,-426.09
1.32826,2226.06,-511.52
1.32836,2239.35,-595.35
1.32846,2248.85,-677.45
1.32856,2254.57,-757.70
1.32866,2256.56,-835.97
1.32876,2254.83,-912.16
1.32886,2249.45,-986.15
1.32896,2240.46,-1057.84
1.32906,2227.91,-1127.13
1.32916,2211.86,-1193.92
1.32926,2192.40,-1258.14
1.32936,2169.58,-1319.70
1.32946,2143.48,-1378.53
1.32956,2114.20,-1434.55
1.32966,2081.81,-1487.71
1.32976,2046.41,-1537.96
1.32986,2008.11,-1585.24
1.32996,1966.99,-1629.52
1.33006,1923.17,-1670.75
1.33016,1876.76,-1708.90
1.33026,1827.86,-1743.96
1.33036,1776.61,-1775.91
1.33046,1723.10,-1804.72
1.33056,1667.47,-1830.40
1.33066,1609.84,-1852.93
1.33076,1550.33,-1872.33
1.33086,1489.07,-1888.61
1.33096,1426.19,-1901.77
1.33106,1361.82,-1911.83
1.33116,1296.08,-1918.83
1.33126,1229.11,-1922.79
1.33136,1161.04,-1923.75
1.33146,1091.99,-1921.75
1.33156,1022.10,-1916.84
1.33166,951.50,-1909.06
1.33176,880.31,-1898.48
1.33186,808.66,-1885.15
1.33196,736.68,-1869.14
1.33206,664.49,-1850.51
1.33216,592.22,-1829.34
1.33226,519.98,-1805.71
1.33236,447.90,-1779.68
1.33246,376.10,-1751.35
1.33256,304.67,-1720.79
1.33266,233.75,-1688.10
1.33276,163.43,-1653.35
1.33286,93.82,-1616.63
1.33296,25.02,-1578.04
1.33306,-42.87,-1537.68
1.33316,-109.76,-1495.62
1.33326,-175.55,-1451.97
1.33336,-240.17,-1406.83
1.33346,-303.53,-1360.29
1.33356,-365.54,-1312.44
1.33366,-426.15,-1263.40
1.33376,-485.27,-1213.25
1.33386,-542.85,-1162.09
1.33396,-598.81,-1110.03
1.33406,-653.11,-1057.15
1.33416,-705.69,-1003.57
1.33426,-756.51,-949.37
1.33436,-805.51,-894.64
1.33446,-852.67,-839.49
1.33456,-897.94,-784.00
1.33466,-941.30,-728.27
1.33476,-982.72,-672.38
1.33486,-1022.17,-616.41
1.33496,-1059.65,-560.45
1.33506,-1095.13,-504.58
1.33516,-1128.61,-448.88
1.33526,-1160.09,-393.42
1.33536,-1189.55,-338.28
1.33546,-1217.01,-283.52
1.33556,-1242.47,-229.22
1.33566,-1265.94,-175.44
1.33576,-1287.43,-122.25
1.33586,-1306.96,-69.70
1.33596,-1324.55,-17.85
1.33606,-1340.21,33.24
1.33616,-1353.98,83.52
1.33626,-1365.89,132.94
1.33636,-1375.96,181.47
1.33646,-1384.22,229.04
1.33656,-1390.71,275.64
1.33666,-1395.46,321.21
1.33676,-1398.52,365.74
1.33686,-1399.92,409.18
1.33696,-1399.70,451.51
1.33706,-1397.92,492.71
1.33716,-1394.60,532.76
1.33726,-1389.80,571.64
1.33736,-1383.56,609.33
1.33746,-1375.93,645.83
1.33756,-1366.96,681.11
1.33766,-1356.69,715.18
1.33776,-1345.17,748.03
1.33786,-1332.45,779.64
1.33796,-1318.58,810.03
1.33806,-1303.59,839.19
1.33816,-1287.55,867.12
1.33826,-1270.50,893.83
1.33836,-1252.48,919.32
1.33846,-1233.53,943.59
1.33856,-1213.71,966.66
1.33866,-1193.06,988.54
1.33876,-1171.61,1009.23
1.33886,-1149.41,1028.76
1.33896,-1126.51,1047.12
1.33906,-1102.93,1064.34
1.33916,-1078.71,1080.43
1.33926,-1053.90,1095.42
1.33936,-1028.53,1109.30
1.33946,-1002.63,1122.11
1.33956,-976.23,1133.86
1.33966,-949.37,1144.56
1.33976,-922.07,1154.23
1.33986,-894.35,1162.90
1.33996,-866.26,1170.57
1.34006,-837.80,1177.27
1.34016,-809.00,1183.00
1.34026,-779.88,1187.79
1.34036,-750.47,1191.65
1.34046,-720.77,1194.59
1.34056,-690.81,1196.64
1.34066,-660.60,1197.79
1.34076,-630.15,1198.06
1.34086,-599.48,1197.48
1.34096,-568.59,1196.04
1.34106,-537.50,1193.75
1.34116,-506.21,1190.64
1.34126,-474.73,1186.70
1.34136,-443.06,1181.95
1.34146,-411.22,1176.39
1.34156,-379.21,1170.02
1.34166,-347.02,1162.86
1.34176,-314.67,1154.90
1.34186,-282.16,1146.15
1.34196,-249.49,1136.62
1.34206,-216.66,1126.29
1.34216,-183.67,1115.18
1.34226,-150.52,1103.27
1.34236,-117.23,1090.58
1.34246,-83.78,1077.09
1.34256,-50.18,1062.80
1.34266,-16.44,1047.71
1.34276,17.45,1031.81
1.34286,51.47,1015.10
1.34296,85.64,997.58
1.34306,119.93,979.23
1.34316,154.35,960.06
1.34326,188.88,940.05
1.34336,223.53,919.20
1.34346,258.28,897.52
1.34356,293.12,874.98
1.34366,328.03,851.58
1.34376,363.01,827.33
1.34386,398.05,802.21
1.34396,433.12,776.23
1.34406,468.21,749.37
1.34416,503.29,721.64
1.34426,538.36,693.03
1.34436,573.38,663.54
1.34446,608.33,633.18
1.34456,643.18,601.93
1.34466,677.92,569.82
1.34476,712.50,536.83
1.34486,746.90,502.97
1.34496,781.08,468.26
1.34506,815.01,432.69
1.34516,848.65,396.29
1.34526,881.97,359.05
1.34536,914.92,321.00
1.34546,947.46,282.15
1.34556,979.55,242.53
1.34566,1011.14,202.14
1.34576,1042.19,161.01
1.34586,1072.65,119.17
1.34596,1102.47,76.65
1.34606,1131.60,33.46
1.34616,1159.99,-10.35
1.34626,1187.59,-54.75
1.34636,1214.34,-99.71
1.34646,1240.19,-145.19
1.34656,1265.08,-191.15
1.34666,1288.96,-237.55
1.34676,1311.78,-284.34
1.34686,1333.47,-331.47
1.34696,1353.98,-378.89
1.34706,1373.26,-426.56
1.34716,1391.24,-474.41
1.34726,1407.88,-522.40
1.34736,1423.12,-570.45
1.34746,1436.89,-618.52
1.34756,1449.16,-666.53
1.34766,1459.86,-714.43
1.34776,1468.94,-762.14
1.34786,1476.36,-809.60
1.34796,1482.05,-856.73
1.34806,1485.98,-903.48
1.34816,1488.10,-949.75
1.34826,1488.37,-995.48
1.34836,1486.74,-1040.60
1.34846,1483.16,-1085.02
1.34856,1477.62,-1128.68
1.34866,1470.06,-1171.48
1.34876,1460.46,-1213.36
1.34886,1448.78,-1254.23
1.34896,1435.01,-1294.02
1.34906,1419.11,-1332.65
1.34916,1401.07,-1370.03
1.34926,1380.87,-1406.09
1.34936,1358.50,-1440.75
1.34946,1333.94,-1473.93
1.34956,1307.19,-1505.55
1.34966,1278.26,-1535.54
1.34976,1247.13,-1563.82
1.34986,1213.81,-1590.32
1.34996,1178.33,-1614.96
1.35006,1140.68,-1637.67
1.35016,1100.89,-1658.39
1.35026,1058.98,-1677.05
1.35036,1014.98,-1693.58
1.35046,968.91,-1707.92
1.35056,920.82,-1720.02
1.35066,870.74,-1729.80
1.35076,818.72,-1737.23
1.35086,764.81,-1742.25
1.35096,709.06,-1744.81
1.35106,651.53,-1744.87
1.35116,592.28,-1742.38
1.35126,531.37,-1737.32
1.35136,468.89,-1729.65
1.35146,404.90,-1719.34
1.35156,339.48,-1706.36
1.35166,272.72,-1690.70
1.35176,204.70,-1672.34
1.35186,135.52,-1651.26
1.35196,65.26,-1627.47
1.35206,-5.97,-1600.96
1.35216,-78.06,-1571.73
1.35226,-150.92,-1539.79
1.35236,-224.44,-1505.16
1.35246,-298.50,-1467.85
1.35256,-373.00,-1427.89
1.35266,-447.80,-1385.30
1.35276,-522.80,-1340.12
1.35286,-597.87,-1292.38
1.35296,-672.89,-1242.14
1.35306,-747.74,-1189.44
1.35316,-822.28,-1134.33
1.35326,-896.38,-1076.88
1.35336,-969.93,-1017.14
1.35346,-1042.78,-955.20
1.35356,-1114.81,-891.11
1.35366,-1185.89,-824.97
1.35376,-1255.88,-756.86
1.35386,-1324.65,-686.86
1.35396,-1392.07,-615.06
1.35406,-1458.02,-541.58
1.35416,-1522.36,-466.50
1.35426,-1584.96,-389.94
1.35436,-1645.70,-312.00
1.35446,-1704.45,-232.80
1.35456,-1761.09,-152.46
1.35466,-1815.51,-71.10
1.35476,-1867.57,11.15
1.35486,-1917.17,94.18
1.35496,-1964.19,177.84
1.35506,-2008.53,262.00
1.35516,-2050.08,346.53
1.35526,-2088.74,431.29
1.35536,-2124.41,516.13
1.35546,-2157.00,600.92
1.35556,-2186.42,685.52
1.35566,-2212.58,769.77
1.35576,-2235.41,853.53
1.35586,-2254.84,936.65
1.35596,-2270.79,1018.99
1.35606,-2283.20,1100.41
1.35616,-2292.02,1180.74
1.35626,-2297.20,1259.86
1.35636,-2298.68,1337.60
1.35646,-2296.44,1413.83
1.35656,-2290.43,1488.39
1.35666,-2280.64,1561.16
1.35676,-2267.04,1631.98
1.35686,-2249.62,1700.72
1.35696,-2228.37,1767.24
1.35706,-2203.30,1831.42
1.35716,-2174.42,1893.10
1.35726,-2141.73,1952.18
1.35736,-2105.27,2008.53
1.35746,-2065.06,2062.02
1.35756,-2021.13,2112.53
1.35766,-1973.54,2159.97
1.35776,-1922.33,2204.21
1.35786,-1867.56,2245.17
1.35796,-1809.29,2282.73
1.35806,-1747.60,2316.80
1.35816,-1682.56,2347.31
1.35826,-1614.27,2374.17
1.35836,-1542.81,2397.30
1.35846,-1468.28,2416.63
1.35856,-1390.78,2432.11
1.35866,-1310.44,2443.67
1.35876,-1227.36,2451.26
1.35886,-1141.67,2454.85
1.35896,-1053.51,2454.40
1.35906,-963.00,2449.88
1.35916,-870.28,2441.26
1.35926,-775.51,2428.53
1.35936,-678.83,2411.69
1.35946,-580.40,2390.73
1.35956,-480.37,2365.67
1.35966,-378.92,2336.51
1.35976,-276.21,2303.29
1.35986,-172.41,2266.03
1.35996,-67.69,2224.78
1.36006,37.76,2179.56
1.36016,143.77,2130.45
1.36026,250.15,2077.50
1.36036,356.73,2020.78
1.36046,463.31,1960.37
1.36056,569.70,1896.34
1.36066,675.73,1828.79
1.36076,781.20,1757.81
1.36086,885.92,1683.51
1.36096,989.71,1606.00
1.36106,1092.37,1525.39
1.36116,1193.72,1441.81
1.36126,1293.57,1355.39
1.36136,1391.75,1266.26
1.36146,1488.06,1174.56
1.36156,1582.33,1080.44
1.36166,1674.37,984.06
1.36176,1764.03,885.56
1.36186,1851.12,785.11
1.36196,1935.47,682.88
1.36206,2016.93,579.03
1.36216,2095.34,473.74
1.36226,2170.54,367.18
1.36236,2242.39,259.54
1.36246,2310.74,151.00
1.36256,2375.45,41.75
1.36266,2436.39,-68.02
1.36276,2493.44,-178.14
1.36286,2546.47,-288.39
1.36296,2595.38,-398.60
1.36306,2640.05,-508.56
1.36316,2680.40,-618.08
1.36326,2716.32,-726.97
1.36336,2747.75,-835.04
1.36346,2774.59,-942.08
1.36356,2796.79,-1047.91
1.36366,2814.29,-1152.33
1.36376,2827.03,-1255.16
1.36386,2834.97,-1356.21
1.36396,2838.08,-1455.29
1.36406,2836.34,-1552.22
1.36416,2829.73,-1646.81
1.36426,2818.25,-1738.91
1.36436,2801.89,-1828.32
1.36446,2780.66,-1914.89
1.36456,2754.59,-1998.46
1.36466,2723.71,-2078.85
1.36476,2688.05,-2155.93
1.36486,2647.67,-2229.54
1.36496,2602.61,-2299.54
1.36506,2552.95,-2365.79
1.36516,2498.75,-2428.18
1.36526,2440.10,-2486.56
1.36536,2377.10,-2540.84
1.36546,2309.83,-2590.89
1.36556,2238.42,-2636.63
1.36566,2162.96,-2677.95
1.36576,2083.60,-2714.78
1.36586,2000.45,-2747.03
1.36596,1913.67,-2774.64
1.36606,1823.38,-2797.54
1.36616,1729.76,-2815.69
1.36626,1632.95,-2829.03
1.36636,1533.12,-2837.54
1.36646,1430.44,-2841.20
1.36656,1325.10,-2839.97
1.36666,1217.27,-2833.86
1.36676,1107.14,-2822.87
1.36686,994.91,-2807.01
1.36696,880.77,-2786.29
1.36706,764.92,-2760.75
1.36716,647.57,-2730.42
1.36726,528.92,-2695.34
1.36736,409.19,-2655.59
1.36746,288.59,-2611.20
1.36756,167.32,-2562.27
1.36766,45.62,-2508.87
1.36776,-76.31,-2451.09
1.36786,-198.24,-2389.02
1.36796,-319.96,-2322.78
1.36806,-441.25,-2252.47
1.36816,-561.89,-2178.23
1.36826,-681.66,-2100.16
1.36836,-800.35,-2018.42
1.36846,-917.75,-1933.14
1.36856,-1033.64,-1844.47
1.36866,-1147.81,-1752.57
1.36876,-1260.06,-1657.60
1.36886,-1370.18,-1559.73
1.36896,-1477.98,-1459.13
1.36906,-1583.26,-1355.97
1.36916,-1685.82,-1250.45
1.36926,-1785.50,-1142.74
1.36936,-1882.10,-1033.05
1.36946,-1975.44,-921.56
1.36956,-2065.37,-808.47
1.36966,-2151.72,-694.00
1.36976,-2234.33,-578.33
1.36986,-2313.06,-461.68
1.36996,-2387.75,-344.26
1.37006,-2458.29,-226.27
1.37016,-2524.53,-107.93
1.37026,-2586.37,10.54
1.37036,-2643.70,128.95
1.37046,-2696.40,247.07
1.37056,-2744.39,364.69
1.37066,-2787.59,481.61
1.37076,-2825.91,597.61
1.37086,-2859.30,712.49
1.37096,-2887.69,826.04
1.37106,-2911.04,938.06
1.37116,-2929.30,1048.35
1.37126,-2942.46,1156.71
1.37136,-2950.49,1262.95
1.37146,-2953.38,1366.88
1.37156,-2951.14,1468.33
1.37166,-2943.77,1567.09
1.37176,-2931.30,1663.02
1.37186,-2913.75,1755.93
1.37196,-2891.16,1845.66
1.37206,-2863.58,1932.07
1.37216,-2831.07,2014.99
1.37226,-2793.69,2094.28
1.37236,-2751.53,2169.81
1.37246,-2704.66,2241.46
1.37256,-2653.18,2309.09
1.37266,-2597.20,2372.60
1.37276,-2536.82,2431.88
1.37286,-2472.15,2486.83
1.37296,-2403.34,2537.37
1.37306,-2330.51,2583.41
1.37316,-2253.81,2624.89
1.37326,-2173.37,2661.73
1.37336,-2089.36,2693.89
1.37346,-2001.94,2721.32
1.37356,-1911.27,2743.98
1.37366,-1817.53,2761.85
1.37376,-1720.90,2774.91
1.37386,-1621.55,2783.15
1.37396,-1519.69,2786.56
1.37406,-1415.49,2785.17
1.37416,-1309.15,2778.98
1.37426,-1200.88,2768.02
1.37436,-1090.87,2752.34
1.37446,-979.33,2731.96
1.37456,-866.47,2706.96
1.37466,-752.49,2677.38
1.37476,-637.60,2643.29
1.37486,-522.02,2604.79
1.37496,-405.95,2561.94
1.37506,-289.61,2514.85
1.37516,-173.21,2463.62
1.37526,-56.96,2408.35
1.37536,58.94,2349.16
1.37546,174.27,2286.17
1.37556,288.83,2219.52
1.37566,402.41,2149.33
1.37576,514.83,2075.75
1.37586,625.87,1998.93
1.37596,735.35,1919.01
1.37606,843.07,1836.16
1.37616,948.85,1750.54
1.37626,1052.50,1662.31
1.37636,1153.86,1571.65
1.37646,1252.75,1478.73
1.37656,1349.00,1383.73
1.37666,1442.45,1286.83
1.37676,1532.96,1188.20
1.37686,1620.36,1088.05
1.37696,1704.53,986.56
1.37706,1785.33,883.91
1.37716,1862.63,780.29
1.37726,1936.31,675.90
1.37736,2006.26,570.93
1.37746,2072.38,465.57
1.37756,2134.57,360.01
1.37766,2192.74,254.43
1.37776,2246.82,149.04
1.37786,2296.73,44.01
1.37796,2342.40,-60.46
1.37806,2383.79,-164.20
1.37816,2420.85,-267.03
1.37826,2453.54,-368.76
1.37836,2481.83,-469.23
1.37846,2505.70,-568.26
1.37856,2525.14,-665.68
1.37866,2540.15,-761.34
1.37876,2550.73,-855.08
1.37886,2556.89,-946.74
1.37896,2558.67,-1036.18
1.37906,2556.08,-1123.25
1.37916,2549.17,-1207.82
1.37926,2537.98,-1289.76
1.37936,2522.57,-1368.94
1.37946,2503.00,-1445.25
1.37956,2479.34,-1518.57
1.37966,2451.67,-1588.79
1.37976,2420.06,-1655.83
1.37986,2384.61,-1719.58
1.37996,2345.42,-1779.96
1.38006,2302.58,-1836.91
1.38016,2256.21,-1890.33
1.38026,2206.42,-1940.19
1.38036,2153.34,-1986.40
1.38046,2097.08,-2028.94
1.38056,2037.77,-2067.76
1.38066,1975.56,-2102.83
1.38076,1910.58,-2134.11
1.38086,1842.96,-2161.60
1.38096,1772.87,-2185.28
1.38106,1700.43,-2205.14
1.38116,1625.82,-2221.20
1.38126,1549.18,-2233.45
1.38136,1470.67,-2241.93
1.38146,1390.44,-2246.65
1.38156,1308.66,-2247.64
1.38166,1225.49,-2244.94
1.38176,1141.09,-2238.60
1.38186,1055.62,-2228.67
1.38196,969.24,-2215.20
1.38206,882.12,-2198.25
1.38216,794.41,-2177.90
1.38226,706.29,-2154.22
1.38236,617.90,-2127.29
1.38246,529.40,-2097.19
1.38256,440.96,-2064.01
1.38266,352.73,-2027.85
1.38276,264.85,-1988.80
1.38286,177.48,-1946.97
1.38296,90.76,-1902.46
1.38306,4.84,-1855.39
1.38316,-80.15,-1805.86
1.38326,-164.06,-1753.99
1.38336,-246.77,-1699.91
1.38346,-328.15,-1643.73
1.38356,-408.08,-1585.57
1.38366,-486.43,-1525.57
1.38376,-563.09,-1463.85
1.38386,-637.96,-1400.54
1.38396,-710.93,-1335.77
1.38406,-781.90,-1269.67
1.38416,-850.77,-1202.36
1.38426,-917.46,-1133.99
1.38436,-981.89,-1064.68
1.38446,-1043.99,-994.57
1.38456,-1103.66,-923.77
1.38466,-1160.87,-852.43
1.38476,-1215.54,-780.67
1.38486,-1267.61,-708.62
1.38496,-1317.06,-636.40
1.38506,-1363.82,-564.13
1.38516,-1407.87,-491.94
1.38526,-1449.18,-419.94
1.38536,-1487.72,-348.24
1.38546,-1523.47,-276.98
1.38556,-1556.43,-206.24
1.38566,-1586.58,-136.14
1.38576,-1613.92,-66.79
1.38586,-1638.46,1.72
1.38596,-1660.21,69.29
1.38606,-1679.17,135.83
1.38616,-1695.38,201.24
1.38626,-1708.85,265.45
1.38636,-1719.61,328.38
1.38646,-1727.70,389.94
1.38656,-1733.16,450.06
1.38666,-1736.02,508.68
1.38676,-1736.33,565.73
1.38686,-1734.15,621.15
1.38696,-1729.52,674.89
1.38706,-1722.50,726.90
1.38716,-1713.16,777.12
1.38726,-1701.55,825.53
1.38736,-1687.75,872.07
1.38746,-1671.81,916.73
1.38756,-1653.81,959.46
1.38766,-1633.83,1000.25
1.38776,-1611.93,1039.08
1.38786,-1588.20,1075.92
1.38796,-1562.70,1110.77
1.38806,-1535.53,1143.62
1.38816,-1506.75,1174.46
1.38826,-1476.45,1203.30
1.38836,-1444.72,1230.13
1.38846,-1411.62,1254.97
1.38856,-1377.25,1277.82
1.38866,-1341.68,1298.70
1.38876,-1304.99,1317.63
1.38886,-1267.27,1334.61
1.38896,-1228.60,1349.69
1.38906,-1189.06,1362.87
1.38916,-1148.71,1374.19
1.38926,-1107.65,1383.69
1.38936,-1065.94,1391.38
1.38946,-1023.67,1397.31
1.38956,-980.90,1401.52
1.38966,-937.70,1404.04
1.38976,-894.15,1404.90
1.38986,-850.31,1404.16
1.38996,-806.25,1401.86
1.39006,-762.03,1398.03
1.39016,-717.71,1392.73
1.39026,-673.35,1386.00
1.39036,-629.00,1377.88
1.39046,-584.73,1368.43
1.39056,-540.57,1357.68
1.39066,-496.58,1345.69
1.39076,-452.81,1332.50
1.39086,-409.30,1318.16
1.39096,-366.08,1302.72
1.39106,-323.21,1286.22
1.39116,-280.70,1268.71
1.39126,-238.61,1250.23
1.39136,-196.94,1230.83
1.39146,-155.75,1210.56
1.39156,-115.04,1189.44
1.39166,-74.84,1167.54
1.39176,-35.17,1144.87
1.39186,3.94,1121.50
1.39196,42.49,1097.44
1.39206,80.46,1072.75
1.39216,117.84,1047.45
1.39226,154.62,1021.58
1.39236,190.79,995.17
1.39246,226.35,968.25
1.39256,261.29,940.85
1.39266,295.61,912.99
1.39276,329.31,884.71
1.39286,362.39,856.03
1.39296,394.85,826.96
1.39306,426.69,797.54
1.39316,457.92,767.78
1.39326,488.54,737.69
1.39336,518.55,707.30
1.39346,547.97,676.62
1.39356,576.79,645.67
1.39366,605.03,614.46
1.39376,632.69,582.99
1.39386,659.77,551.28
1.39396,686.29,519.34
1.39406,712.25,487.18
1.39416,737.66,454.80
1.39426,762.51,422.21
1.39436,786.83,389.42
1.39446,810.60,356.43
1.39456,833.84,323.24
1.39466,856.55,289.86
1.39476,878.72,256.30
1.39486,900.37,222.55
1.39496,921.48,188.62
1.39506,942.07,154.52
1.39516,962.12,120.25
1.39526,981.63,85.80
1.39536,1000.60,51.19
1.39546,1019.02,16.42
1.39556,1036.88,-18.50
1.39566,1054.17,-53.58
1.39576,1070.89,-88.80
1.39586,1087.01,-124.16
1.39596,1102.53,-159.64
1.39606,1117.43,-195.25
1.39616,1131.69,-230.97
1.39626,1145.30,-266.78
1.39636,1158.23,-302.68
1.39646,1170.47,-338.66
1.39656,1181.98,-374.69
1.39666,1192.75,-410.76
1.39676,1202.76,-446.85
1.39686,1211.97,-482.95
1.39696,1220.36,-519.02
1.39706,1227.90,-555.06
1.39716,1234.56,-591.03
1.39726,1240.30,-626.90
1.39736,1245.11,-662.65
1.39746,1248.95,-698.26
1.39756,1251.78,-733.67
1.39766,1253.57,-768.87
1.39776,1254.29,-803.82
1.39786,1253.91,-838.48
1.39796,1252.39,-872.81
1.39806,1249.70,-906.78
1.39816,1245.81,-940.33
1.39826,1240.68,-973.43
1.39836,1234.28,-1006.03
1.39846,1226.58,-1038.08
1.39856,1217.55,-1069.54
1.39866,1207.16,-1100.36
1.39876,1195.39,-1130.48
1.39886,1182.19,-1159.86
1.39896,1167.56,-1188.44
1.39906,1151.45,-1216.16
1.39916,1133.86,-1242.98
1.39926,1114.75,-1268.84
1.39936,1094.12,-1293.68
1.39946,1071.93,-1317.45
1.39956,1048.19,-1340.09
1.39966,1022.87,-1361.54
1.39976,995.96,-1381.74
1.39986,967.46,-1400.65
1.39996,937.36,-1418.20
1.40006,905.67,-1434.33
1.40016,872.37,-1449.00
1.40026,837.49,-1462.14
1.40036,801.01,-1473.70
1.40046,762.96,-1483.64
1.40056,723.35,-1491.89
1.40066,682.19,-1498.41
1.40076,639.52,-1503.14
1.40086,595.34,-1506.05
1.40096,549.69,-1507.09
1.40106,502.60,-1506.21
1.40116,454.11,-1503.37
1.40126,404.26,-1498.54
1.40136,353.08,-1491.67
1.40146,300.63,-1482.74
1.40156,246.95,-1471.71
1.40166,192.11,-1458.56
1.40176,136.15,-1443.27
1.40186,79.14,-1425.80
1.40196,21.14,-1406.15
1.40206,-37.77,-1384.29
1.40216,-97.53,-1360.23
1.40226,-158.06,-1333.95
1.40236,-219.29,-1305.44
1.40246,-281.12,-1274.72
1.40256,-343.47,-1241.78
1.40266,-406.27,-1206.64
1.40276,-469.40,-1169.31
1.40286,-532.79,-1129.80
1.40296,-596.33,-1088.15
1.40306,-659.93,-1044.36
1.40316,-723.49,-998.49
1.40326,-786.90,-950.56
1.40336,-850.05,-900.61
1.40346,-912.84,-848.69
1.40356,-975.17,-794.85
1.40366,-1036.92,-739.14
1.40376,-1097.98,-681.62
1.40386,-1158.23,-622.34
1.40396,-1217.58,-561.39
1.40406,-1275.90,-498.83
1.40416,-1333.08,-434.73
1.40426,-1389.00,-369.18
1.40436,-1443.57,-302.26
1.40446,-1496.65,-234.06
1.40456,-1548.15,-164.67
1.40466,-1597.95,-94.18
1.40476,-1645.94,-22.70
1.40486,-1692.01,49.68
1.40496,-1736.06,122.84
1.40506,-1777.98,196.69
1.40516,-1817.67,271.09
1.40526,-1855.04,345.95
1.40536,-1889.98,421.14
1.40546,-1922.40,496.54
1.40556,-1952.22,572.04
1.40566,-1979.33,647.49
1.40576,-2003.67,722.79
1.40586,-2025.15,797.80
1.40596,-2043.69,872.39
1.40606,-2059.22,946.44
1.40616,-2071.69,1019.80
1.40626,-2081.01,1092.36
1.40636,-2087.15,1163.97
1.40646,-2090.04,1234.50
1.40656,-2089.64,1303.83
1.40666,-2085.91,1371.82
1.40676,-2078.81,1438.34
1.40686,-2068.32,1503.25
1.40696,-2054.40,1566.44
1.40706,-2037.04,1627.76
1.40716,-2016.23,1687.11
1.40726,-1991.97,1744.34
1.40736,-1964.25,1799.35
1.40746,-1933.08,1852.01
1.40756,-1898.47,1902.20
1.40766,-1860.45,1949.82
1.40776,-1819.04,1994.75
1.40786,-1774.27,2036.88
1.40796,-1726.19,2076.12
1.40806,-1674.83,2112.36
1.40816,-1620.27,2145.52
1.40826,-1562.54,2175.49
1.40836,-1501.73,2202.20
1.40846,-1437.90,2225.57
1.40856,-1371.13,2245.52
1.40866,-1301.51,2261.99
1.40876,-1229.13,2274.91
1.40886,-1154.09,2284.22
1.40896,-1076.49,2289.87
1.40906,-996.45,2291.82
1.40916,-914.07,2290.03
1.40926,-829.48,2284.46
1.40936,-742.81,2275.10
1.40946,-654.18,2261.91
1.40956,-563.74,2244.90
1.40966,-471.63,2224.05
1.40976,-377.99,2199.36
1.40986,-282.98,2170.85
1.40996,-186.74,2138.54
1.41006,-89.43,2102.43
1.41016,8.77,2062.58
1.41026,107.72,2019.00
1.41036,207.23,1971.76
1.41046,307.14,1920.89
1.41056,407.28,1866.47
1.41066,507.48,1808.55
1.41076,607.55,1747.21
1.41086,707.32,1682.53
1.41096,806.61,1614.60
1.41106,905.24,1543.50
1.41116,1003.04,1469.35
1.41126,1099.82,1392.25
1.41136,1195.40,1312.31
1.41146,1289.61,1229.65
1.41156,1382.27,1144.39
1.41166,1473.21,1056.67
1.41176,1562.25,966.63
1.41186,1649.22,874.40
1.41196,1733.95,780.13
1.41206,1816.28,683.98
1.41216,1896.04,586.09
1.41226,1973.08,486.63
1.41236,2047.24,385.77
1.41246,2118.36,283.68
1.41256,2186.31,180.51
1.41266,2250.95,76.46
1.41276,2312.12,-28.31
1.41286,2369.72,-133.61
1.41296,2423.60,-239.26
1.41306,2473.65,-345.07
1.41316,2519.76,-450.87
1.41326,2561.83,-556.45
1.41336,2599.74,-661.65
1.41346,2633.42,-766.26
1.41356,2662.78,-870.10
1.41366,2687.73,-972.98
1.41376,2708.21,-1074.71
1.41386,2724.16,-1175.11
1.41396,2735.53,-1273.99
1.41406,2742.26,-1371.17
1.41416,2744.32,-1466.47
1.41426,2741.68,-1559.70
1.41436,2734.33,-1650.70
1.41446,2722.25,-1739.28
1.41456,2705.43,-1825.28
1.41466,2683.89,-1908.54
1.41476,2657.64,-1988.88
1.41486,2626.70,-2066.16
1.41496,2591.11,-2140.22
1.41506,2550.91,-2210.92
1.41516,2506.14,-2278.12
1.41526,2456.87,-2341.67
1.41536,2403.17,-2401.45
1.41546,2345.11,-2457.33
1.41556,2282.78,-2509.21
1.41566,2216.27,-2556.97
1.41576,2145.68,-2600.50
1.41586,2071.13,-2639.72
1.41596,1992.73,-2674.54
1.41606,1910.61,-2704.87
1.41616,1824.90,-2730.65
1.41626,1735.74,-2751.81
1.41636,1643.28,-2768.30
1.41646,1547.68,-2780.07
1.41656,1449.09,-2787.09
1.41666,1347.68,-2789.33
1.41676,1243.63,-2786.76
1.41686,1137.12,-2779.37
1.41696,1028.32,-2767.17
1.41706,917.44,-2750.16
1.41716,804.65,-2728.36
1.41726,690.17,-2701.79
1.41736,574.18,-2670.49
1.41746,456.90,-2634.49
1.41756,338.54,-2593.86
1.41766,219.30,-2548.64
1.41776,99.40,-2498.92
1.41786,-20.95,-2444.76
1.41796,-141.53,-2386.27
1.41806,-262.12,-2323.52
1.41816,-382.50,-2256.62
1.41826,-502.47,-2185.69
1.41836,-621.79,-2110.84
1.41846,-740.26,-2032.20
1.41856,-857.65,-1949.90
1.41866,-973.75,-1864.09
1.41876,-1088.36,-1774.91
1.41886,-1201.25,-1682.51
1.41896,-1312.22,-1587.06
1.41906,-1421.08,-1488.72
1.41916,-1527.60,-1387.67
1.41926,-1631.61,-1284.07
1.41936,-1732.91,-1178.13
1.41946,-1831.31,-1070.01
1.41956,-1926.62,-959.92
1.41966,-2018.68,-848.05
1.41976,-2107.30,-734.60
1.41986,-2192.33,-619.77
1.41996,-2273.61,-503.77
1.42006,-2350.98,-386.80
1.42016,-2424.30,-269.08
1.42026,-2493.43,-150.82
1.42036,-2558.25,-32.22
1.42046,-2618.63,86.49
1.42056,-2674.46,205.10
1.42066,-2725.64,323.39
1.42076,-2772.06,441.16
1.42086,-2813.65,558.19
1.42096,-2850.32,674.26
1.42106,-2882.01,789.17
1.42116,-2908.65,902.72
1.42126,-2930.20,1014.68
1.42136,-2946.62,1124.86
1.42146,-2957.87,1233.07
1.42156,-2963.94,1339.09
1.42166,-2964.82,1442.75
1.42176,-2960.50,1543.86
1.42186,-2950.99,1642.23
1.42196,-2936.32,1737.68
1.42206,-2916.51,1830.05
1.42216,-2891.59,1919.16
1.42226,-2861.63,2004.86
1.42236,-2826.67,2087.00
1.42246,-2786.79,2165.42
1.42256,-2742.06,2240.00
1.42266,-2692.57,2310.59
1.42276,-2638.41,2377.08
1.42286,-2579.68,2439.34
1.42296,-2516.50,2497.27
1.42306,-2449.00,2550.78
1.42316,-2377.29,2599.76
1.42326,-2301.51,2644.14
1.42336,-2221.82,2683.84
1.42346,-2138.36,2718.81
1.42356,-2051.29,2748.97
1.42366,-1960.77,2774.30
1.42376,-1866.99,2794.74
1.42386,-1770.10,2810.28
1.42396,-1670.31,2820.89
1.42406,-1567.79,2826.57
1.42416,-1462.74,2827.32
1.42426,-1355.36,2823.14
1.42436,-1245.85,2814.06
1.42446,-1134.41,2800.11
1.42456,-1021.25,2781.31
1.42466,-906.58,2757.73
1.42476,-790.62,2729.41
1.42486,-673.58,2696.42
1.42496,-555.68,2658.82
1.42506,-437.13,2616.72
1.42516,-318.16,2570.18
1.42526,-198.98,2519.32
1.42536,-79.81,2464.23
1.42546,39.14,2405.04
1.42556,157.64,2341.85
1.42566,275.48,2274.80
1.42576,392.45,2204.03
1.42586,508.34,2129.68
1.42596,622.94,2051.88
1.42606,736.04,1970.81
1.42616,847.45,1886.61
1.42626,956.97,1799.45
1.42636,1064.41,1709.50
1.42646,1169.57,1616.94
1.42656,1272.28,1521.94
1.42666,1372.36,1424.69
1.42676,1469.63,1325.37
1.42686,1563.94,1224.18
1.42696,1655.12,1121.29
1.42706,1743.03,1016.92
1.42716,1827.50,911.25
1.42726,1908.42,804.48
1.42736,1985.64,696.81
1.42746,2059.05,588.44
1.42756,2128.52,479.57
1.42766,2193.96,370.41
1.42776,2255.27,261.14
1.42786,2312.35,151.97
1.42796,2365.12,43.10
1.42806,2413.51,-65.28
1.42816,2457.46,-172.98
1.42826,2496.91,-279.80
1.42836,2531.82,-385.55
1.42846,2562.16,-490.06
1.42856,2587.88,-593.13
1.42866,2608.98,-694.60
1.42876,2625.44,-794.28
1.42886,2637.27,-892.01
1.42896,2644.47,-987.62
1.42906,2647.07,-1080.96
1.42916,2645.08,-1171.88
1.42926,2638.54,-1260.22
1.42936,2627.50,-1345.84
1.42946,2612.01,-1428.61
1.42956,2592.13,-1508.40
1.42966,2567.92,-1585.09
1.42976,2539.47,-1658.56
1.42986,2506.85,-1728.71
1.42996,2470.17,-1795.43
1.43006,2429.51,-1858.63
1.43016,2384.98,-1918.23
1.43026,2336.69,-1974.14
1.43036,2284.77,-2026.30
1.43046,2229.33,-2074.64
1.43056,2170.50,-2119.12
1.43066,2108.43,-2159.67
1.43076,2043.24,-2196.27
1.43086,1975.10,-2228.88
1.43096,1904.13,-2257.48
1.43106,1830.51,-2282.06
1.43116,1754.38,-2302.60
1.43126,1675.90,-2319.11
1.43136,1595.25,-2331.59
1.43146,1512.58,-2340.06
1.43156,1428.06,-2344.55
1.43166,1341.86,-2345.08
1.43176,1254.16,-2341.70
1.43186,1165.12,-2334.44
1.43196,1074.92,-2323.36
1.43206,983.74,-2308.51
1.43216,891.74,-2289.97
1.43226,799.10,-2267.80
1.43236,706.00,-2242.08
1.43246,612.60,-2212.89
1.43256,519.07,-2180.33
1.43266,425.58,-2144.49
1.43276,332.31,-2105.46
1.43286,239.40,-2063.35
1.43296,147.03,-2018.27
1.43306,55.36,-1970.34
1.43316,-35.47,-1919.67
1.43326,-125.30,-1866.38
1.43336,-213.98,-1810.59
1.43346,-301.37,-1752.45
1.43356,-387.33,-1692.06
1.43366,-471.73,-1629.58
1.43376,-554.43,-1565.13
1.43386,-635.32,-1498.85
1.43396,-714.26,-1430.89
1.43406,-791.16,-1361.37
1.43416,-865.89,-1290.45
1.43426,-938.36,-1218.26
1.43436,-1008.47,-1144.95
1.43446,-1076.13,-1070.66
1.43456,-1141.25,-995.53
1.43466,-1203.76,-919.71
1.43476,-1263.59,-843.33
1.43486,-1320.66,-766.53
1.43496,-1374.92,-689.45
1.43506,-1426.31,-612.23
1.43516,-1474.80,-535.00
1.43526,-1520.34,-457.90
1.43536,-1562.89,-381.05
1.43546,-1602.44,-304.59
1.43556,-1638.95,-228.62
1.43566,-1672.42,-153.29
1.43576,-1702.83,-78.69
1.43586,-1730.19,-4.96
1.43596,-1754.49,67.81
1.43606,-1775.76,139.51
1.43616,-1793.99,210.03
1.43626,-1809.23,279.28
1.43636,-1821.48,347.16
1.43646,-1830.79,413.59
1.43656,-1837.19,478.48
1.43666,-1840.72,541.75
1.43676,-1841.43,603.32
1.43686,-1839.37,663.13
1.43696,-1834.60,721.12
1.43706,-1827.17,777.21
1.43716,-1817.15,831.36
1.43726,-1804.61,883.51
1.43736,-1789.62,933.62
1.43746,-1772.24,981.65
1.43756,-1752.56,1027.57
1.43766,-1730.66,1071.33
1.43776,-1706.62,1112.92
1.43786,-1680.52,1152.32
1.43796,-1652.44,1189.50
1.43806,-1622.48,1224.47
1.43816,-1590.72,1257.19
1.43826,-1557.26,1287.69
1.43836,-1522.18,1315.95
1.43846,-1485.57,1341.98
1.43856,-1447.54,1365.80
1.43866,-1408.16,1387.41
1.43876,-1367.54,1406.83
1.43886,-1325.76,1424.08
1.43896,-1282.92,1439.19
1.43906,-1239.11,1452.18
1.43916,-1194.41,1463.09
1.43926,-1148.93,1471.94
1.43936,-1102.74,1478.78
1.43946,-1055.93,1483.65
1.43956,-1008.59,1486.57
1.43966,-960.80,1487.61
1.43976,-912.64,1486.80
1.43986,-864.19,1484.19
1.43996,-815.53,1479.84
1.44006,-766.74,1473.79
1.44016,-717.88,1466.09
1.44026,-669.03,1456.80
1.44036,-620.25,1445.98
1.44046,-571.61,1433.67
1.44056,-523.17,1419.94
1.44066,-474.99,1404.83
1.44076,-427.12,1388.42
1.44086,-379.62,1370.75
1.44096,-332.53,1351.87
1.44106,-285.91,1331.86
1.44116,-239.80,1310.76
1.44126,-194.24,1288.62
1.44136,-149.26,1265.51
1.44146,-104.90,1241.47
1.44156,-61.19,1216.56
1.44166,-18.17,1190.83
1.44176,24.15,1164.34
1.44186,65.74,1137.12
1.44196,106.58,1109.23
1.44206,146.66,1080.72
1.44216,185.95,1051.63
1.44226,224.45,1022.00
1.44236,262.15,991.87
1.44246,299.04,961.28
1.44256,335.11,930.28
1.44266,370.36,898.90
1.44276,404.80,867.17
1.44286,438.42,835.12
1.44296,471.22,802.78
1.44306,503.21,770.19
1.44316,534.39,737.36
1.44326,564.78,704.33
1.44336,594.37,671.12
1.44346,623.19,637.74
1.44356,651.23,604.22
1.44366,678.51,570.58
1.44376,705.05,536.82
1.44386,730.84,502.97
1.44396,755.92,469.03
1.44406,780.28,435.03
1.44416,803.93,400.96
1.44426,826.91,366.84
1.44436,849.20,332.67
1.44446,870.83,298.46
1.44456,891.81,264.22
1.44466,912.14,229.95
1.44476,931.84,195.65
1.44486,950.91,161.33
1.44496,969.37,126.99
1.44506,987.22,92.63
1.44516,1004.46,58.26
1.44526,1021.11,23.87
1.44536,1037.15,-10.53
1.44546,1052.60,-44.95
1.44556,1067.46,-79.38
1.44566,1081.72,-113.81
1.44576,1095.38,-148.25
1.44586,1108.44,-182.70
1.44596,1120.90,-217.14
1.44606,1132.73,-251.58
1.44616,1143.94,-286.01
1.44626,1154.52,-320.42
1.44636,1164.44,-354.82
1.44646,1173.71,-389.18
1.44656,1182.30,-423.50
1.44666,1190.19,-457.77
1.44676,1197.38,-491.98
1.44686,1203.83,-526.12
1.44696,1209.52,-560.16
1.44706,1214.44,-594.10
1.44716,1218.56,-627.91
1.44726,1221.86,-661.58
1.44736,1224.30,-695.08
1.44746,1225.87,-728.39
1.44756,1226.52,-761.48
1.44766,1226.25,-794.34
1.44776,1225.01,-826.92
1.44786,1222.77,-859.20
1.44796,1219.51,-891.15
1.44806,1215.19,-922.73
1.44816,1209.79,-953.91
1.44826,1203.26,-984.65
1.44836,1195.59,-1014.91
1.44846,1186.74,-1044.65
1.44856,1176.68,-1073.82
1.44866,1165.38,-1102.39
1.44876,1152.82,-1130.31
1.44886,1138.96,-1157.52
1.44896,1123.77,-1183.99
1.44906,1107.24,-1209.67
1.44916,1089.33,-1234.49
1.44926,1070.04,-1258.42
1.44936,1049.32,-1281.40
1.44946,1027.17,-1303.38
1.44956,1003.56,-1324.30
1.44966,978.49,-1344.11
1.44976,951.93,-1362.76
1.44986,923.89,-1380.19
1.44996,894.34,-1396.35
1.45006,863.28,-1411.18
1.45016,830.72,-1424.63
1.45026,796.65,-1436.64
1.45036,761.07,-1447.17
1.45046,723.99,-1456.16
1.45056,685.43,-1463.55
1.45066,645.39,-1469.31
1.45076,603.88,-1473.37
1.45086,560.94,-1475.70
1.45096,516.58,-1476.24
1.45106,470.82,-1474.96
1.45116,423.71,-1471.80
1.45126,375.27,-1466.74
1.45136,325.54,-1459.72
1.45146,274.57,-1450.73
1.45156,222.39,-1439.72
1.45166,169.06,-1426.66
1.45176,114.63,-1411.54
1.45186,59.17,-1394.31
1.45196,2.71,-1374.97
1.45206,-54.66,-1353.50
1.45216,-112.88,-1329.88
1.45226,-171.88,-1304.10
1.45236,-231.58,-1276.16
1.45246,-291.91,-1246.06
1.45256,-352.79,-1213.79
1.45266,-414.13,-1179.36
1.45276,-475.84,-1142.79
1.45286,-537.83,-1104.08
1.45296,-600.02,-1063.26
1.45306,-662.29,-1020.34
1.45316,-724.57,-975.36
1.45326,-786.73,-928.35
1.45336,-848.69,-879.34
1.45346,-910.34,-828.37
1.45356,-971.57,-775.50
1.45366,-1032.27,-720.77
1.45376,-1092.33,-664.23
1.45386,-1151.65,-605.95
1.45396,-1210.10,-545.98
1.45406,-1267.59,-484.40
1.45416,-1323.99,-421.28
1.45426,-1379.20,-356.70
1.45436,-1433.09,-290.73
1.45446,-1485.57,-223.47
1.45456,-1536.51,-155.00
1.45466,-1585.80,-85.41
1.45476,-1633.34,-14.80
1.45486,-1679.02,56.72
1.45496,-1722.73,129.06
1.45506,-1764.36,202.10
1.45516,-1803.81,275.74
1.45526,-1840.98,349.87
1.45536,-1875.77,424.35
1.45546,-1908.08,499.09
1.45556,-1937.83,573.95
1.45566,-1964.92,648.81
1.45576,-1989.26,723.54
1.45586,-2010.79,798.03
1.45596,-2029.41,872.13
1.45606,-2045.05,945.72
1.45616,-2057.65,1018.67
1.45626,-2067.13,1090.84
1.45636,-2073.45,1162.11
1.45646,-2076.54,1232.33
1.45656,-2076.36,1301.38
1.45666,-2072.86,1369.12
1.45676,-2066.00,1435.43
1.45686,-2055.76,1500.16
1.45696,-2042.09,1563.19
1.45706,-2025.00,1624.39
1.45716,-2004.45,1683.63
1.45726,-1980.44,1740.79
1.45736,-1952.97,1795.74
1.45746,-1922.05,1848.36
1.45756,-1887.68,1898.54
1.45766,-1849.89,1946.15
1.45776,-1808.69,1991.09
1.45786,-1764.12,2033.24
1.45796,-1716.22,2072.51
1.45806,-1665.04,2108.79
1.45816,-1610.62,2141.99
1.45826,-1553.02,2172.01
1.45836,-1492.31,2198.76
1.45846,-1428.56,2222.18
1.45856,-1361.85,2242.17
1.45866,-1292.26,2258.66
1.45876,-1219.89,2271.60
1.45886,-1144.83,2280.92
1.45896,-1067.19,2286.58
1.45906,-987.07,2288.51
1.45916,-904.60,2286.69
1.45926,-819.89,2281.07
1.45936,-733.08,2271.63
1.45946,-644.29,2258.35
1.45956,-553.66,2241.22
1.45966,-461.34,2220.23
1.45976,-367.47,2195.38
1.45986,-272.21,2166.68
1.45996,-175.70,2134.15
1.46006,-78.12,2097.80
1.46016,20.38,2057.67
1.46026,119.64,2013.79
1.46036,219.46,1966.21
1.46046,319.70,1914.98
1.46056,420.17,1860.17
1.46066,520.70,1801.83
1.46076,621.10,1740.04
1.46086,721.20,1674.89
1.46096,820.81,1606.46
1.46106,919.76,1534.84
1.46116,1017.86,1460.14
1.46126,1114.93,1382.47
1.46136,1210.79,1301.93
1.46146,1305.25,1218.66
1.46156,1398.15,1132.77
1.46166,1489.30,1044.41
1.46176,1578.52,953.70
1.46186,1665.64,860.80
1.46196,1750.49,765.85
1.46206,1832.90,669.01
1.46216,1912.71,570.44
1.46226,1989.75,470.29
1.46236,2063.87,368.74
1.46246,2134.92,265.96
1.46256,2202.74,162.12
1.46266,2267.19,57.40
1.46276,2328.14,-48.02
1.46286,2385.44,-153.95
1.46296,2438.99,-260.21
1.46306,2488.65,-366.62
1.46316,2534.30,-472.98
1.46326,2575.86,-579.10
1.46336,2613.21,-684.79
1.46346,2646.25,-789.86
1.46356,2674.92,-894.12
1.46366,2699.12,-997.38
1.46376,2718.80,-1099.45
1.46386,2733.87,-1200.13
1.46396,2744.31,-1299.24
1.46406,2750.05,-1396.60
1.46416,2751.07,-1492.01
1.46426,2747.33,-1585.30
1.46436,2738.81,-1676.29
1.46446,2725.52,-1764.81
1.46456,2707.44,-1850.67
1.46466,2684.58,-1933.72
1.46476,2656.97,-2013.79
1.46486,2624.63,-2090.72
1.46496,2587.59,-2164.36
1.46506,2545.90,-2234.56
1.46516,2499.61,-2301.18
1.46526,2448.79,-2364.08
1.46536,2393.51,-2423.13
1.46546,2333.84,-2478.22
1.46556,2269.89,-2529.21
1.46566,2201.74,-2576.01
1.46576,2129.50,-2618.51
1.46586,2053.29,-2656.62
1.46596,1973.23,-2690.26
1.46606,1889.45,-2719.33
1.46616,1802.09,-2743.78
1.46626,1711.29,-2763.55
1.46636,1617.22,-2778.58
1.46646,1520.02,-2788.82
1.46656,1419.86,-2794.25
1.46666,1316.92,-2794.84
1.46676,1211.38,-2790.56
1.46686,1103.42,-2781.42
1.46696,993.22,-2767.42
1.46706,880.99,-2748.56
1.46716,766.92,-2724.86
1.46726,651.21,-2696.37
1.46736,534.08,-2663.10
1.46746,415.73,-2625.12
1.46756,296.37,-2582.48
1.46766,176.22,-2535.25
1.46776,55.50,-2483.49
1.46786,-65.58,-2427.30
1.46796,-186.79,-2366.76
1.46806,-307.91,-2301.97
1.46816,-428.72,-2233.05
1.46826,-548.99,-2160.11
1.46836,-668.52,-2083.28
1.46846,-787.07,-2002.68
1.46856,-904.44,-1918.47
1.46866,-1020.39,-1830.77
1.46876,-1134.72,-1739.75
1.46886,-1247.22,-1645.58
1.46896,-1357.67,-1548.40
1.46906,-1465.87,-1448.41
1.46916,-1571.63,-1345.76
1.46926,-1674.73,-1240.66
1.46936,-1775.00,-1133.28
1.46946,-1872.23,-1023.83
1.46956,-1966.26,-912.49
1.46966,-2056.91,-799.46
1.46976,-2144.00,-684.96
1.46986,-2227.37,-569.19
1.46996,-2306.87,-452.36
1.47006,-2382.34,-334.68
1.47016,-2453.65,-216.37
1.47026,-2520.66,-97.64
1.47036,-2583.25,21.29
1.47046,-2641.29,140.20
1.47056,-2694.69,258.88
1.47066,-2743.34,377.12
1.47076,-2787.14,494.68
1.47086,-2826.03,611.36
1.47096,-2859.92,726.95
1.47106,-2888.76,841.23
1.47116,-2912.49,953.99
1.47126,-2931.06,1065.04
1.47136,-2944.46,1174.15
1.47146,-2952.64,1281.15
1.47156,-2955.61,1385.82
1.47166,-2953.35,1487.98
1.47176,-2945.87,1587.45
1.47186,-2933.20,1684.04
1.47196,-2915.36,1777.59
1.47206,-2892.38,1867.91
1.47216,-2864.32,1954.85
1.47226,-2831.23,2038.25
1.47236,-2793.17,2117.97
1.47246,-2750.23,2193.86
1.47256,-2702.49,2265.79
1.47266,-2650.05,2333.63
1.47276,-2593.00,2397.26
1.47286,-2531.47,2456.58
1.47296,-2465.57,2511.49
1.47306,-2395.43,2561.88
1.47316,-2321.19,2607.68
1.47326,-2243.00,2648.81
1.47336,-2161.00,2685.21
1.47346,-2075.36,2716.82
1.47356,-1986.25,2743.59
1.47366,-1893.83,2765.49
1.47376,-1798.29,2782.48
1.47386,-1699.80,2794.56
1.47396,-1598.57,2801.70
1.47406,-1494.78,2803.92
1.47416,-1388.63,2801.21
1.47426,-1280.32,2793.61
1.47436,-1170.06,2781.13
1.47446,-1058.07,2763.82
1.47456,-944.55,2741.73
1.47466,-829.71,2714.90
1.47476,-713.78,2683.41
1.47486,-596.96,2647.33
1.47496,-479.49,2606.74
1.47506,-361.57,2561.73
1.47516,-243.43,2512.40
1.47526,-125.29,2458.86
1.47536,-7.36,2401.21
1.47546,110.14,2339.60
1.47556,227.00,2274.13
1.47566,342.99,2204.95
1.47576,457.92,2132.21
1.47586,571.57,2056.04
1.47596,683.75,1976.61
1.47606,794.24,1894.07
1.47616,902.86,1808.59
1.47626,1009.41,1720.34
1.47636,1113.70,1629.49
1.47646,1215.57,1536.23
1.47656,1314.82,1440.73
1.47666,1411.29,1343.19
1.47676,1504.81,1243.79
1.47686,1595.24,1142.72
1.47696,1682.41,1040.18
1.47706,1766.20,936.37
1.47716,1846.45,831.47
1.47726,1923.04,725.70
1.47736,1995.86,619.24
1.47746,2064.79,512.30
1.47756,2129.73,405.07
1.47766,2190.58,297.75
1.47776,2247.25,190.55
1.47786,2299.68,83.65
1.47796,2347.78,-22.75
1.47806,2391.50,-128.46
1.47816,2430.79,-233.30
1.47826,2465.61,-337.07
1.47836,2495.92,-439.59
1.47846,2521.70,-540.69
1.47856,2542.94,-640.20
1.47866,2559.62,-737.93
1.47876,2571.76,-833.74
1.47886,2579.36,-927.45
1.47896,2582.45,-1018.91
1.47906,2581.06,-1107.98
1.47916,2575.21,-1194.51
1.47926,2564.98,-1278.37
1.47936,2550.39,-1359.42
1.47946,2531.53,-1437.54
1.47956,2508.46,-1512.61
1.47966,2481.25,-1584.53
1.47976,2450.01,-1653.19
1.47986,2414.81,-1718.50
1.47996,2375.75,-1780.37
1.48006,2332.96,-1838.71
1.48016,2286.53,-1893.46
1.48026,2236.59,-1944.55
1.48036,2183.26,-1991.93
1.48046,2126.67,-2035.54
1.48056,2066.96,-2075.34
1.48066,2004.27,-2111.30
1.48076,1938.73,-2143.39
1.48086,1870.51,-2171.59
1.48096,1799.75,-2195.91
1.48106,1726.60,-2216.32
1.48116,1651.23,-2232.84
1.48126,1573.79,-2245.47
1.48136,1494.45,-2254.25
1.48146,1413.37,-2259.19
1.48156,1330.72,-2260.33
1.48166,1246.66,-2257.71
1.48176,1161.37,-2251.38
1.48186,1075.00,-2241.39
1.48196,987.74,-2227.81
1.48206,899.74,-2210.69
1.48216,811.18,-2190.12
1.48226,722.21,-2166.17
1.48236,633.01,-2138.92
1.48246,543.74,-2108.47
1.48256,454.56,-2074.91
1.48266,365.62,-2038.34
1.48276,277.09,-1998.86
1.48286,189.11,-1956.58
1.48296,101.84,-1911.61
1.48306,15.42,-1864.07
1.48316,-70.01,-1814.08
1.48326,-154.31,-1761.75
1.48336,-237.34,-1707.21
1.48346,-318.98,-1650.60
1.48356,-399.10,-1592.03
1.48366,-477.58,-1531.63
1.48376,-554.30,-1469.55
1.48386,-629.17,-1405.91
1.48396,-702.07,-1340.85
1.48406,-772.91,-1274.50
1.48416,-841.59,-1206.99
1.48426,-908.03,-1138.47
1.48436,-972.14,-1069.06
1.48446,-1033.86,-998.89
1.48456,-1093.12,-928.11
1.48466,-1149.85,-856.84
1.48476,-1203.99,-785.22
1.48486,-1255.51,-713.36
1.48496,-1304.34,-641.40
1.48506,-1350.47,-569.47
1.48516,-1393.85,-497.67
1.48526,-1434.46,-426.13
1.48536,-1472.28,-354.97
1.48546,-1507.31,-284.29
1.48556,-1539.52,-214.22
1.48566,-1568.93,-144.84
1.48576,-1595.53,-76.27
1.48586,-1619.33,-8.60
1.48596,-1640.36,58.08
1.48606,-1658.62,123.66
1.48616,-1674.15,188.08
1.48626,-1686.98,251.25
1.48636,-1697.14,313.08
1.48646,-1704.67,373.51
1.48656,-1709.61,432.48
1.48666,-1712.02,489.91
1.48676,-1711.94,545.75
1.48686,-1709.43,599.94
1.48696,-1704.54,652.44
1.48706,-1697.35,703.20
1.48716,-1687.91,752.18
1.48726,-1676.29,799.34
1.48736,-1662.57,844.66
1.48746,-1646.81,888.10
1.48756,-1629.08,929.64
1.48766,-1609.47,969.28
1.48776,-1588.05,1006.98
1.48786,-1564.90,1042.75
1.48796,-1540.10,1076.57
1.48806,-1513.74,1108.45
1.48816,-1485.88,1138.39
1.48826,-1456.61,1166.39
1.48836,-1426.02,1192.47
1.48846,-1394.18,1216.63
1.48856,-1361.17,1238.89
1.48866,-1327.09,1259.27
1.48876,-1292.00,1277.80
1.48886,-1255.98,1294.49
1.48896,-1219.11,1309.38
1.48906,-1181.48,1322.49
1.48916,-1143.14,1333.86
1.48926,-1104.18,1343.52
1.48936,-1064.68,1351.51
1.48946,-1024.69,1357.86
1.48956,-984.28,1362.62
1.48966,-943.53,1365.82
1.48976,-902.49,1367.51
1.48986,-861.22,1367.72
1.48996,-819.79,1366.51
1.49006,-778.25,1363.92
1.49016,-736.65,1359.99
1.49026,-695.05,1354.76
1.49036,-653.49,1348.29
1.49046,-612.01,1340.62
1.49056,-570.67,1331.78
1.49066,-529.49,1321.84
1.49076,-488.52,1310.82
1.49086,-447.79,1298.78
1.49096,-407.33,1285.76
1.49106,-367.17,1271.79
1.49116,-327.34,1256.93
1.49126,-287.86,1241.20
1.49136,-248.74,1224.65
1.49146,-210.01,1207.32
1.49156,-171.69,1189.24
1.49166,-133.78,1170.44
1.49176,-96.30,1150.96
1.49186,-59.26,1130.83
1.49196,-22.66,1110.08
1.49206,13.49,1088.73
1.49216,49.19,1066.81
1.49226,84.44,1044.35
1.49236,119.24,1021.37
1.49246,153.59,997.89
1.49256,187.50,973.93
1.49266,220.96,949.50
1.49276,253.98,924.63
1.49286,286.57,899.31
1.49296,318.75,873.58
1.49306,350.50,847.43
1.49316,381.85,820.88
1.49326,412.79,793.93
1.49336,443.35,766.59
1.49346,473.52,738.87
1.49356,503.32,710.76
1.49366,532.75,682.28
1.49376,561.82,653.41
1.49386,590.53,624.17
1.49396,618.90,594.55
1.49406,646.93,564.56
1.49416,674.62,534.18
1.49426,701.97,503.41
1.49436,729.00,472.27
1.49446,755.69,440.73
1.49456,782.05,408.80
1.49466,808.07,376.48
1.49476,833.75,343.76
1.49486,859.09,310.64
1.49496,884.07,277.11
1.49506,908.70,243.19
1.49516,932.95,208.86
1.49526,956.82,174.12
1.49536,980.28,138.99
1.49546,1003.33,103.45
1.49556,1025.95,67.51
1.49566,1048.11,31.18
1.49576,1069.79,-5.54
1.49586,1090.97,-42.64
1.49596,1111.62,-80.12
1.49606,1131.71,-117.95
1.49616,1151.21,-156.14
1.49626,1170.10,-194.65
1.49636,1188.33,-233.49
1.49646,1205.87,-272.63
1.49656,1222.69,-312.05
1.49666,1238.74,-351.72
1.49676,1253.99,-391.63
1.49686,1268.40,-431.75
1.49696,1281.92,-472.04
1.49706,1294.51,-512.47
1.49716,1306.13,-553.02
1.49726,1316.73,-593.64
1.49736,1326.26,-634.30
1.49746,1334.68,-674.95
1.49756,1341.95,-715.56
1.49766,1348.01,-756.07
1.49776,1352.82,-796.44
1.49786,1356.34,-836.62
1.49796,1358.51,-876.56
1.49806,1359.29,-916.20
1.49816,1358.64,-955.48
1.49826,1356.51,-994.36
1.49836,1352.86,-1032.76
1.49846,1347.64,-1070.63
1.49856,1340.82,-1107.91
1.49866,1332.35,-1144.52
1.49876,1322.21,-1180.41
1.49886,1310.34,-1215.50
1.49896,1296.73,-1249.73
1.49906,1281.33,-1283.03
1.49916,1264.12,-1315.33
1.49926,1245.08,-1346.56
1.49936,1224.17,-1376.64
1.49946,1201.39,-1405.50
1.49956,1176.70,-1433.08
1.49966,1150.11,-1459.30
1.49976,1121.58,-1484.09
1.49986,1091.13,-1507.38
1.49996,1058.74,-1529.10
1.50006,1024.42,-1549.18
1.50016,988.17,-1567.55
1.50026,949.99,-1584.14
1.50036,909.90,-1598.89
1.50046,867.92,-1611.73
1.50056,824.07,-1622.60
1.50066,778.36,-1631.44
1.50076,730.83,-1638.20
1.50086,681.52,-1642.81
1.50096,630.45,-1645.22
1.50106,577.68,-1645.39
1.50116,523.25,-1643.26
1.50126,467.21,-1638.79
1.50136,409.62,-1631.95
1.50146,350.53,-1622.68
1.50156,290.02,-1610.96
1.50166,228.16,-1596.77
1.50176,165.00,-1580.06
1.50186,100.64,-1560.83
1.50196,35.16,-1539.06
1.50206,-31.36,-1514.72
1.50216,-98.83,-1487.82
1.50226,-167.15,-1458.35
1.50236,-236.22,-1426.31
1.50246,-305.95,-1391.71
1.50256,-376.23,-1354.57
1.50266,-446.95,-1314.88
1.50276,-518.00,-1272.69
1.50286,-589.27,-1228.01
1.50296,-660.64,-1180.88
1.50306,-731.98,-1131.34
1.50316,-803.18,-1079.42
1.50326,-874.12,-1025.18
1.50336,-944.67,-968.67
1.50346,-1014.69,-909.94
1.50356,-1084.08,-849.07
1.50366,-1152.68,-786.12
1.50376,-1220.38,-721.17
1.50386,-1287.04,-654.30
1.50396,-1352.53,-585.58
1.50406,-1416.73,-515.11
1.50416,-1479.49,-442.99
1.50426,-1540.69,-369.31
1.50436,-1600.21,-294.18
1.50446,-1657.91,-217.70
1.50456,-1713.66,-139.99
1.50466,-1767.34,-61.16
1.50476,-1818.84,18.66
1.50486,-1868.02,99.36
1.50496,-1914.77,180.81
1.50506,-1958.97,262.88
1.50516,-2000.52,345.42
1.50526,-2039.30,428.31
1.50536,-2075.22,511.41
1.50546,-2108.16,594.58
1.50556,-2138.04,677.67
1.50566,-2164.75,760.54
1.50576,-2188.23,843.03
1.50586,-2208.37,925.02
1.50596,-2225.11,1006.33
1.50606,-2238.37,1086.83
1.50616,-2248.10,1166.36
1.50626,-2254.22,1244.78
1.50636,-2256.69,1321.94
1.50646,-2255.45,1397.67
1.50656,-2250.47,1471.85
1.50666,-2241.72,1544.31
1.50676,-2229.16,1614.92
1.50686,-2212.78,1683.52
1.50696,-2192.56,1749.98
1.50706,-2168.49,1814.16
1.50716,-2140.58,1875.92
1.50726,-2108.84,1935.12
1.50736,-2073.28,1991.63
1.50746,-2033.92,2045.33
1.50756,-1990.79,2096.10
1.50766,-1943.94,2143.81
1.50776,-1893.41,2188.34
1.50786,-1839.26,2229.60
1.50796,-1781.53,2267.47
1.50806,-1720.31,2301.86
1.50816,-1655.67,2332.67
1.50826,-1587.69,2359.81
1.50836,-1516.46,2383.20
1.50846,-1442.09,2402.76
1.50856,-1364.66,2418.44
1.50866,-1284.31,2430.15
1.50876,-1201.14,2437.85
1.50886,-1115.27,2441.50
1.50896,-1026.85,2441.04
1.50906,-936.01,2436.44
1.50916,-842.89,2427.69
1.50926,-747.64,2414.75
1.50936,-650.41,2397.62
1.50946,-551.37,2376.30
1.50956,-450.68,2350.79
1.50966,-348.50,2321.11
1.50976,-245.02,2287.27
1.50986,-140.40,2249.31
1.50996,-34.83,2207.26
1.51006,71.51,2161.17
1.51016,178.42,2111.09
1.51026,285.73,2057.09
1.51036,393.23,1999.22
1.51046,500.74,1937.58
1.51056,608.06,1872.24
1.51066,715.00,1803.31
1.51076,821.35,1730.87
1.51086,926.92,1655.03
1.51096,1031.51,1575.92
1.51106,1134.94,1493.65
1.51116,1236.99,1408.34
1.51126,1337.48,1320.15
1.51136,1436.21,1229.20
1.51146,1533.00,1135.65
1.51156,1627.65,1039.64
1.51166,1719.98,941.35
1.51176,1809.81,840.92
1.51186,1896.96,738.54
1.51196,1981.25,634.37
1.51206,2062.53,528.60
1.51216,2140.61,421.41
1.51226,2215.34,312.98
1.51236,2286.57,203.50
1.51246,2354.15,93.17
1.51256,2417.93,-17.82
1.51266,2477.78,-129.27
1.51276,2533.57,-240.97
1.51286,2585.17,-352.74
1.51296,2632.48,-464.36
1.51306,2675.39,-575.63
1.51316,2713.79,-686.35
1.51326,2747.59,-796.31
1.51336,2776.71,-905.31
1.51346,2801.08,-1013.15
1.51356,2820.63,-1119.62
1.51366,2835.30,-1224.53
1.51376,2845.05,-1327.67
1.51386,2849.84,-1428.86
1.51396,2849.64,-1527.90
1.51406,2844.43,-1624.60
1.51416,2834.19,-1718.78
1.51426,2818.93,-1810.25
1.51436,2798.67,-1898.83
1.51446,2773.41,-1984.36
1.51456,2743.18,-2066.66
1.51466,2708.03,-2145.59
1.51476,2668.00,-2220.97
1.51486,2623.16,-2292.66
1.51496,2573.56,-2360.52
1.51506,2519.29,-2424.40
1.51516,2460.42,-2484.20
1.51526,2397.07,-2539.77
1.51536,2329.32,-2591.01
1.51546,2257.30,-2637.82
1.51556,2181.12,-2680.08
1.51566,2100.92,-2717.73
1.51576,2016.83,-2750.67
1.51586,1929.00,-2778.84
1.51596,1837.59,-2802.16
1.51606,1742.75,-2820.60
1.51616,1644.66,-2834.11
1.51626,1543.49,-2842.64
1.51636,1439.41,-2846.18
1.51646,1332.63,-2844.72
1.51656,1223.32,-2838.24
1.51666,1111.70,-2826.75
1.51676,997.95,-2810.26
1.51686,882.30,-2788.80
1.51696,764.95,-2762.41
1.51706,646.11,-2731.11
1.51716,526.01,-2694.97
1.51726,404.87,-2654.05
1.51736,282.91,-2608.41
1.51746,160.35,-2558.14
1.51756,37.42,-2503.32
1.51766,-85.64,-2444.06
1.51776,-208.62,-2380.46
1.51786,-331.29,-2312.64
1.51796,-453.41,-2240.71
1.51806,-574.76,-2164.81
1.51816,-695.11,-2085.07
1.51826,-814.25,-2001.65
1.51836,-931.94,-1914.70
1.51846,-1047.98,-1824.37
1.51856,-1162.14,-1730.84
1.51866,-1274.21,-1634.27
1.51876,-1383.99,-1534.84
1.51886,-1491.27,-1432.75
1.51896,-1595.85,-1328.17
1.51906,-1697.54,-1221.31
1.51916,-1796.16,-1112.35
1.51926,-1891.51,-1001.51
1.51936,-1983.43,-888.99
1.51946,-2071.75,-774.99
1.51956,-2156.30,-659.74
1.51966,-2236.93,-543.44
1.51976,-2313.50,-426.31
1.51986,-2385.86,-308.57
1.51996,-2453.89,-190.44
1.52006,-2517.46,-72.13
1.52016,-2576.46,46.13
1.52026,-2630.79,164.13
1.52036,-2680.36,281.64
1.52046,-2725.07,398.46
1.52056,-2764.86,514.36
1.52066,-2799.66,629.13
1.52076,-2829.40,742.57
1.52086,-2854.06,854.46
1.52096,-2873.59,964.59
1.52106,-2887.96,1072.78
1.52116,-2897.16,1178.82
1.52126,-2901.19,1282.53
1.52136,-2900.06,1383.70
1.52146,-2893.76,1482.18
1.52156,-2882.34,1577.77
1.52166,-2865.83,1670.31
1.52176,-2844.28,1759.64
1.52186,-2817.73,1845.60
1.52196,-2786.25,1928.04
1.52206,-2749.93,2006.82
1.52216,-2708.83,2081.81
1.52226,-2663.06,2152.88
1.52236,-2612.72,2219.92
1.52246,-2557.92,2282.81
1.52256,-2498.78,2341.45
1.52266,-2435.42,2395.76
1.52276,-2367.97,2445.64
1.52286,-2296.59,2491.02
1.52296,-2221.42,2531.85
1.52306,-2142.62,2568.06
1.52316,-2060.35,2599.60
1.52326,-1974.78,2626.45
1.52336,-1886.08,2648.56
1.52346,-1794.44,2665.93
1.52356,-1700.04,2678.54
1.52366,-1603.06,2686.40
1.52376,-1503.71,2689.51
1.52386,-1402.18,2687.89
1.52396,-1298.66,2681.57
1.52406,-1193.37,2670.59
1.52416,-1086.51,2654.99
1.52426,-978.29,2634.83
1.52436,-868.91,2610.17
1.52446,-758.59,2581.08
1.52456,-647.53,2547.65
1.52466,-535.95,2509.95
1.52476,-424.06,2468.09
1.52486,-312.06,2422.17
1.52496,-200.18,2372.29
1.52506,-88.60,2318.58
1.52516,22.45,2261.16
1.52526,132.79,2200.16
1.52536,242.20,2135.72
1.52546,350.49,2067.98
1.52556,457.47,1997.09
1.52566,562.96,1923.19
1.52576,666.75,1846.45
1.52586,768.68,1767.04
1.52596,868.57,1685.11
1.52606,966.25,1600.83
1.52616,1061.55,1514.38
1.52626,1154.32,1425.94
1.52636,1244.40,1335.68
1.52646,1331.66,1243.78
1.52656,1415.94,1150.43
1.52666,1497.13,1055.81
1.52676,1575.10,960.10
1.52686,1649.72,863.49
1.52696,1720.90,766.17
1.52706,1788.52,668.31
1.52716,1852.51,570.11
1.52726,1912.76,471.74
1.52736,1969.22,373.39
1.52746,2021.80,275.23
1.52756,2070.45,177.45
1.52766,2115.12,80.22
1.52776,2155.76,-16.29
1.52786,2192.35,-111.91
1.52796,2224.85,-206.48
1.52806,2253.24,-299.83
1.52816,2277.53,-391.81
1.52826,2297.70,-482.26
1.52836,2313.78,-571.04
1.52846,2325.76,-658.01
1.52856,2333.68,-743.02
1.52866,2337.57,-825.94
1.52876,2337.47,-906.66
1.52886,2333.42,-985.05
1.52896,2325.48,-1060.99
1.52906,2313.71,-1134.38
1.52916,2298.18,-1205.11
1.52926,2278.97,-1273.10
1.52936,2256.15,-1338.26
1.52946,2229.81,-1400.50
1.52956,2200.05,-1459.75
1.52966,2166.96,-1515.94
1.52976,2130.65,-1569.02
1.52986,2091.23,-1618.93
1.52996,2048.81,-1665.62
1.53006,2003.52,-1709.06
1.53016,1955.46,-1749.21
1.53026,1904.77,-1786.05
1.53036,1851.58,-1819.56
1.53046,1796.01,-1849.73
1.53056,1738.21,-1876.56
1.53066,1678.30,-1900.04
1.53076,1616.44,-1920.19
1.53086,1552.75,-1937.02
1.53096,1487.39,-1950.55
1.53106,1420.48,-1960.82
1.53116,1352.19,-1967.85
1.53126,1282.64,-1971.68
1.53136,1211.99,-1972.36
1.53146,1140.37,-1969.94
1.53156,1067.93,-1964.47
1.53166,994.81,-1956.02
1.53176,921.16,-1944.65
1.53186,847.10,-1930.43
1.53196,772.78,-1913.43
1.53206,698.33,-1893.73
1.53216,623.88,-1871.42
1.53226,549.57,-1846.57
1.53236,475.51,-1819.28
1.53246,401.84,-1789.64
1.53256,328.66,-1757.75
1.53266,256.11,-1723.69
1.53276,184.29,-1687.57
1.53286,113.31,-1649.50
1.53296,43.28,-1609.56
1.53306,-25.71,-1567.87
1.53316,-93.56,-1524.53
1.53326,-160.18,-1479.64
1.53336,-225.48,-1433.32
1.53346,-289.38,-1385.67
1.53356,-351.80,-1336.79
1.53366,-412.67,-1286.79
1.53376,-471.92,-1235.78
1.53386,-529.50,-1183.86
1.53396,-585.35,-1131.13
1.53406,-639.40,-1077.71
1.53416,-691.63,-1023.68
1.53426,-741.98,-969.15
1.53436,-790.43,-914.21
1.53446,-836.93,-858.96
1.53456,-881.47,-803.50
1.53466,-924.02,-747.92
1.53476,-964.56,-692.29
1.53486,-1003.08,-636.72
1.53496,-1039.59,-581.27
1.53506,-1074.06,-526.04
1.53516,-1106.51,-471.09
1.53526,-1136.94,-416.51
1.53536,-1165.36,-362.35
1.53546,-1191.79,-308.69
1.53556,-1216.24,-255.59
1.53566,-1238.72,-203.11
1.53576,-1259.28,-151.31
1.53586,-1277.93,-100.23
1.53596,-1294.70,-49.93
1.53606,-1309.63,-0.45
1.53616,-1322.75,48.16
1.53626,-1334.11,95.87
1.53636,-1343.73,142.64
1.53646,-1351.67,188.44
1.53656,-1357.97,233.24
1.53666,-1362.67,277.02
1.53676,-1365.81,319.76
1.53686,-1367.46,361.44
1.53696,-1367.65,402.04
1.53706,-1366.43,441.55
1.53716,-1363.86,479.96
1.53726,-1359.99,517.26
1.53736,-1354.86,553.46
1.53746,-1348.52,588.54
1.53756,-1341.03,622.51
1.53766,-1332.43,655.38
1.53776,-1322.78,687.15
1.53786,-1312.12,717.81
1.53796,-1300.50,747.40
1.53806,-1287.96,775.91
1.53816,-1274.54,803.35
1.53826,-1260.31,829.75
1.53836,-1245.28,855.11
1.53846,-1229.51,879.45
1.53856,-1213.04,902.79
1.53866,-1195.89,925.14
1.53876,-1178.11,946.52
1.53886,-1159.73,966.95
1.53896,-1140.77,986.45
1.53906,-1121.28,1005.04
1.53916,-1101.27,1022.73
1.53926,-1080.77,1039.55
1.53936,-1059.80,1055.51
1.53946,-1038.39,1070.62
1.53956,-1016.55,1084.91
1.53966,-994.30,1098.40
1.53976,-971.65,1111.08
1.53986,-948.62,1123.00
1.53996,-925.21,1134.14
1.54006,-901.43,1144.53
1.54016,-877.29,1154.18
1.54026,-852.79,1163.10
1.54036,-827.94,1171.29
1.54046,-802.74,1178.76
1.54056,-777.17,1185.52
1.54066,-751.25,1191.57
1.54076,-724.97,1196.91
1.54086,-698.32,1201.55
1.54096,-671.29,1205.48
1.54106,-643.89,1208.70
1.54116,-616.09,1211.20
1.54126,-587.90,1212.98
1.54136,-559.29,1214.04
1.54146,-530.27,1214.35
1.54156,-500.82,1213.92
1.54166,-470.92,1212.72
1.54176,-440.58,1210.75
1.54186,-409.77,1208.00
1.54196,-378.49,1204.43
1.54206,-346.73,1200.04
1.54216,-314.48,1194.81
1.54226,-281.72,1188.71
1.54236,-248.46,1181.73
1.54246,-214.69,1173.85
1.54256,-180.39,1165.03
1.54266,-145.57,1155.27
1.54276,-110.22,1144.53
1.54286,-74.35,1132.80
1.54296,-37.95,1120.05
1.54306,-1.03,1106.25
1.54316,36.41,1091.38
1.54326,74.36,1075.42
1.54336,112.82,1058.34
1.54346,151.76,1040.13
1.54356,191.18,1020.75
1.54366,231.05,1000.20
1.54376,271.37,978.45
1.54386,312.10,955.47
1.54396,353.23,931.26
1.54406,394.72,905.80
1.54416,436.55,879.07
1.54426,478.67,851.06
1.54436,521.07,821.77
1.54446,563.68,791.17
1.54456,606.49,759.27
1.54466,649.43,726.07
1.54476,692.46,691.56
1.54486,735.54,655.73
1.54496,778.60,618.61
1.54506,821.60,580.19
1.54516,864.47,540.49
1.54526,907.15,499.51
1.54536,949.58,457.28
1.54546,991.70,413.81
1.54556,1033.43,369.13
1.54566,1074.71,323.27
1.54576,1115.46,276.24
1.54586,1155.61,228.10
1.54596,1195.09,178.86
1.54606,1233.82,128.58
1.54616,1271.71,77.30
1.54626,1308.69,25.06
1.54636,1344.68,-28.08
1.54646,1379.60,-82.07
1.54656,1413.37,-136.85
1.54666,1445.90,-192.36
1.54676,1477.11,-248.53
1.54686,1506.91,-305.30
1.54696,1535.23,-362.59
1.54706,1561.99,-420.32
1.54716,1587.10,-478.43
1.54726,1610.48,-536.83
1.54736,1632.05,-595.44
1.54746,1651.74,-654.16
1.54756,1669.47,-712.91
1.54766,1685.17,-771.59
1.54776,1698.76,-830.12
1.54786,1710.17,-888.40
1.54796,1719.33,-946.32
1.54806,1726.19,-1003.79
1.54816,1730.68,-1060.70
1.54826,1732.74,-1116.96
1.54836,1732.31,-1172.45
1.54846,1729.35,-1227.08
1.54856,1723.80,-1280.73
1.54866,1715.63,-1333.30
1.54876,1704.79,-1384.68
1.54886,1691.25,-1434.76
1.54896,1674.98,-1483.44
1.54906,1655.95,-1530.62
1.54916,1634.14,-1576.17
1.54926,1609.54,-1620.00
1.54936,1582.13,-1662.01
1.54946,1551.91,-1702.08
1.54956,1518.88,-1740.13
1.54966,1483.05,-1776.05
1.54976,1444.42,-1809.74
1.54986,1403.02,-1841.10
1.54996,1358.87,-1870.06
1.55006,1311.99,-1896.51
1.55016,1262.43,-1920.37
1.55026,1210.21,-1941.55
1.55036,1155.39,-1959.99
1.55046,1098.02,-1975.60
1.55056,1038.17,-1988.31
1.55066,975.88,-1998.06
1.55076,911.24,-2004.78
1.55086,844.32,-2008.42
1.55096,775.20,-2008.92
1.55106,703.98,-2006.24
1.55116,630.73,-2000.33
1.55126,555.57,-1991.17
1.55136,478.59,-1978.71
1.55146,399.91,-1962.93
1.55156,319.65,-1943.82
1.55166,237.91,-1921.36
1.55176,154.82,-1895.55
1.55186,70.52,-1866.38
1.55196,-14.87,-1833.87
1.55206,-101.20,-1798.03
1.55216,-188.34,-1758.87
1.55226,-276.14,-1716.42
1.55236,-364.45,-1670.72
1.55246,-453.13,-1621.81
1.55256,-542.02,-1569.73
1.55266,-630.96,-1514.54
1.55276,-719.80,-1456.29
1.55286,-808.37,-1395.06
1.55296,-896.51,-1330.91
1.55306,-984.06,-1263.93
1.55316,-1070.86,-1194.21
1.55326,-1156.74,-1121.83
1.55336,-1241.54,-1046.90
1.55346,-1325.09,-969.51
1.55356,-1407.22,-889.79
1.55366,-1487.78,-807.85
1.55376,-1566.61,-723.80
1.55386,-1643.53,-637.79
1.55396,-1718.40,-549.93
1.55406,-1791.05,-460.38
1.55416,-1861.34,-369.26
1.55426,-1929.10,-276.74
1.55436,-1994.20,-182.95
1.55446,-2056.49,-88.06
1.55456,-2115.82,7.77
1.55466,-2172.07,104.38
1.55476,-2225.09,201.61
1.55486,-2274.77,299.29
1.55496,-2320.98,397.25
1.55506,-2363.61,495.31
1.55516,-2402.54,593.29
1.55526,-2437.67,691.03
1.55536,-2468.90,788.33
1.55546,-2496.14,885.04
1.55556,-2519.31,980.95
1.55566,-2538.33,1075.90
1.55576,-2553.12,1169.70
1.55586,-2563.64,1262.18
1.55596,-2569.81,1353.16
1.55606,-2571.60,1442.46
1.55616,-2568.96,1529.91
1.55626,-2561.87,1615.33
1.55636,-2550.30,1698.55
1.55646,-2534.23,1779.41
1.55656,-2513.67,1857.74
1.55666,-2488.61,1933.38
1.55676,-2459.08,2006.17
1.55686,-2425.08,2075.96
1.55696,-2386.65,2142.60
1.55706,-2343.82,2205.95
1.55716,-2296.65,2265.87
1.55726,-2245.19,2322.22
1.55736,-2189.51,2374.89
1.55746,-2129.68,2423.74
1.55756,-2065.78,2468.67
1.55766,-1997.90,2509.57
1.55776,-1926.14,2546.33
1.55786,-1850.61,2578.88
1.55796,-1771.43,2607.11
1.55806,-1688.72,2630.95
1.55816,-1602.60,2650.34
1.55826,-1513.23,2665.20
1.55836,-1420.74,2675.50
1.55846,-1325.28,2681.18
1.55856,-1227.02,2682.21
1.55866,-1126.13,2678.56
1.55876,-1022.77,2670.21
1.55886,-917.12,2657.16
1.55896,-809.37,2639.40
1.55906,-699.71,2616.95
1.55916,-588.32,2589.81
1.55926,-475.41,2558.03
1.55936,-361.18,2521.63
1.55946,-245.83,2480.66
1.55956,-129.58,2435.18
1.55966,-12.62,2385.25
1.55976,104.81,2330.95
1.55986,222.52,2272.34
1.55996,340.27,2209.53
1.56006,457.86,2142.62
1.56016,575.06,2071.70
1.56026,691.66,1996.90
1.56036,807.43,1918.34
1.56046,922.16,1836.15
1.56056,1035.63,1750.46
1.56066,1147.62,1661.43
1.56076,1257.93,1569.20
1.56086,1366.34,1473.95
1.56096,1472.64,1375.82
1.56106,1576.63,1274.99
1.56116,1678.12,1171.65
1.56126,1776.89,1065.97
1.56136,1872.76,958.15
1.56146,1965.55,848.37
1.56156,2055.06,736.83
1.56166,2141.14,623.74
1.56176,2223.60,509.30
1.56186,2302.28,393.72
1.56196,2377.03,277.22
1.56206,2447.70,159.99
1.56216,2514.14,42.27
1.56226,2576.23,-75.74
1.56236,2633.83,-193.82
1.56246,2686.84,-311.74
1.56256,2735.14,-429.28
1.56266,2778.63,-546.24
1.56276,2817.23,-662.38
1.56286,2850.85,-777.50
1.56296,2879.42,-891.37
1.56306,2902.88,-1003.79
1.56316,2921.18,-1114.54
1.56326,2934.28,-1223.41
1.56336,2942.15,-1330.20
1.56346,2944.76,-1434.71
1.56356,2942.11,-1536.74
1.56366,2934.19,-1636.10
1.56376,2921.02,-1732.60
1.56386,2902.61,-1826.06
1.56396,2879.00,-1916.30
1.56406,2850.24,-2003.16
1.56416,2816.36,-2086.47
1.56426,2777.43,-2166.07
1.56436,2733.53,-2241.81
1.56446,2684.73,-2313.56
1.56456,2631.13,-2381.17
1.56466,2572.82,-2444.53
1.56476,2509.93,-2503.51
1.56486,2442.56,-2558.01
1.56496,2370.84,-2607.92
1.56506,2294.92,-2653.16
1.56516,2214.93,-2693.64
1.56526,2131.03,-2729.30
1.56536,2043.39,-2760.06
1.56546,1952.16,-2785.88
1.56556,1857.53,-2806.71
1.56566,1759.67,-2822.53
1.56576,1658.77,-2833.29
1.56586,1555.03,-2839.00
1.56596,1448.65,-2839.65
1.56606,1339.82,-2835.24
1.56616,1228.76,-2825.80
1.56626,1115.68,-2811.34
1.56636,1000.80,-2791.91
1.56646,884.33,-2767.54
1.56656,766.51,-2738.30
1.56666,647.54,-2704.25
1.56676,527.66,-2665.47
1.56686,407.10,-2622.03
1.56696,286.08,-2574.02
1.56706,164.84,-2521.56
1.56716,43.59,-2464.75
1.56726,-77.42,-2403.70
1.56736,-197.98,-2338.55
1.56746,-317.85,-2269.42
1.56756,-436.82,-2196.46
1.56766,-554.67,-2119.82
1.56776,-671.16,-2039.64
1.56786,-786.10,-1956.10
1.56796,-899.27,-1869.35
1.56806,-1010.46,-1779.57
1.56816,-1119.47,-1686.94
1.56826,-1226.11,-1591.64
1.56836,-1330.17,-1493.87
1.56846,-1431.48,-1393.81
1.56856,-1529.85,-1291.65
1.56866,-1625.12,-1187.61
1.56876,-1717.10,-1081.88
1.56886,-1805.66,-974.66
1.56896,-1890.63,-866.16
1.56906,-1971.87,-756.60
1.56916,-2049.24,-646.17
1.56926,-2122.62,-535.10
1.56936,-2191.88,-423.59
1.56946,-2256.92,-311.86
1.56956,-2317.64,-200.10
1.56966,-2373.94,-88.54
1.56976,-2425.74,22.62
1.56986,-2472.97,133.18
1.56996,-2515.57,242.93
1.57006,-2553.47,351.67
1.57016,-2586.64,459.20
1.57026,-2615.04,565.34
1.57036,-2638.64,669.88
1.57046,-2657.44,772.65
1.57056,-2671.42,873.46
1.57066,-2680.59,972.14
1.57076,-2684.97,1068.53
1.57086,-2684.58,1162.44
1.57096,-2679.45,1253.73
1.57106,-2669.63,1342.25
1.57116,-2655.16,1427.84
1.57126,-2636.11,1510.38
1.57136,-2612.54,1589.73
1.57146,-2584.54,1665.76
1.57156,-2552.20,1738.37
1.57166,-2515.59,1807.43
1.57176,-2474.84,1872.86
1.57186,-2430.05,1934.56
1.57196,-2381.33,1992.45
1.57206,-2328.81,2046.45
1.57216,-2272.62,2096.49
1.57226,-2212.89,2142.52
1.57236,-2149.78,2184.49
1.57246,-2083.42,2222.35
1.57256,-2013.97,2256.07
1.57266,-1941.59,2285.63
1.57276,-1866.45,2311.01
1.57286,-1788.70,2332.21
1.57296,-1708.51,2349.22
1.57306,-1626.07,2362.06
1.57316,-1541.54,2370.74
1.57326,-1455.10,2375.28
1.57336,-1366.94,2375.74
1.57346,-1277.24,2372.13
1.57356,-1186.17,2364.52
1.57366,-1093.92,2352.96
1.57376,-1000.68,2337.52
1.57386,-906.63,2318.25
1.57396,-811.95,2295.25
1.57406,-716.83,2268.60
1.57416,-621.44,2238.38
1.57426,-525.96,2204.70
1.57436,-430.57,2167.65
1.57446,-335.46,2127.34
1.57456,-240.78,2083.89
1.57466,-146.70,2037.41
1.57476,-53.40,1988.02
1.57486,38.96,1935.86
1.57496,130.23,1881.04
1.57506,220.26,1823.71
1.57516,308.89,1764.00
1.57526,395.99,1702.05
1.57536,481.40,1638.01
1.57546,565.01,1572.01
1.57556,646.67,1504.20
1.57566,726.28,1434.74
1.57576,803.71,1363.76
1.57586,878.86,1291.42
1.57596,951.62,1217.87
1.57606,1021.89,1143.25
1.57616,1089.59,1067.72
1.57626,1154.63,991.43
1.57636,1216.94,914.52
1.57646,1276.44,837.14
1.57656,1333.08,759.44
1.57666,1386.80,681.55
1.57676,1437.54,603.62
1.57686,1485.28,525.79
1.57696,1529.97,448.19
1.57706,1571.58,370.96
1.57716,1610.10,294.22
1.57726,1645.52,218.09
1.57736,1677.82,142.71
1.57746,1707.00,68.19
1.57756,1733.07,-5.36
1.57766,1756.04,-77.83
1.57776,1775.94,-149.12
1.57786,1792.77,-219.11
1.57796,1806.59,-287.73
1.57806,1817.41,-354.87
1.57816,1825.28,-420.45
1.57826,1830.26,-484.40
1.57836,1832.38,-546.64
1.57846,1831.70,-607.09
1.57856,1828.29,-665.69
1.57866,1822.21,-722.39
1.57876,1813.53,-777.13
1.57886,1802.31,-829.86
1.57896,1788.64,-880.54
1.57906,1772.60,-929.13
1.57916,1754.26,-975.60
1.57926,1733.72,-1019.92
1.57936,1711.04,-1062.07
1.57946,1686.34,-1102.03
1.57956,1659.69,-1139.79
1.57966,1631.18,-1175.33
1.57976,1600.91,-1208.67
1.57986,1568.98,-1239.80
1.57996,1535.48,-1268.72
1.58006,1500.50,-1295.45
1.58016,1464.13,-1320.00
1.58026,1426.48,-1342.39
1.58036,1387.64,-1362.64
1.58046,1347.69,-1380.77
1.58056,1306.74,-1396.83
1.58066,1264.87,-1410.83
1.58076,1222.19,-1422.82
1.58086,1178.76,-1432.83
1.58096,1134.69,-1440.91
1.58106,1090.06,-1447.09
1.58116,1044.94,-1451.43
1.58126,999.43,-1453.97
1.58136,953.61,-1454.76
1.58146,907.53,-1453.85
1.58156,861.29,-1451.29
1.58166,814.96,-1447.15
1.58176,768.59,-1441.46
1.58186,722.25,-1434.30
1.58196,676.02,-1425.70
1.58206,629.93,-1415.74
1.58216,584.06,-1404.46
1.58226,538.45,-1391.93
1.58236,493.14,-1378.19
1.58246,448.20,-1363.31
1.58256,403.65,-1347.34
1.58266,359.54,-1330.33
1.58276,315.90,-1312.33
1.58286,272.76,-1293.41
1.58296,230.15,-1273.60
1.58306,188.10,-1252.96
1.58316,146.63,-1231.54
1.58326,105.76,-1209.38
1.58336,65.51,-1186.53
1.58346,25.88,-1163.03
1.58356,-13.11,-1138.92
1.58366,-51.46,-1114.24
1.58376,-89.15,-1089.03
1.58386,-126.19,-1063.32
1.58396,-162.58,-1037.14
1.58406,-198.31,-1010.53
1.58416,-233.40,-983.51
1.58426,-267.84,-956.11
1.58436,-301.65,-928.36
1.58446,-334.83,-900.27
1.58456,-367.40,-871.86
1.58466,-399.36,-843.15
1.58476,-430.73,-814.16
1.58486,-461.51,-784.90
1.58496,-491.74,-755.38
1.58506,-521.41,-725.61
1.58516,-550.55,-695.60
1.58526,-579.16,-665.35
1.58536,-607.27,-634.87
1.58546,-634.89,-604.16
1.58556,-662.03,-573.22
1.58566,-688.70,-542.04
1.58576,-714.92,-510.64
1.58586,-740.71,-479.01
1.58596,-766.06,-447.14
1.58606,-791.00,-415.03
1.58616,-815.53,-382.67
1.58626,-839.65,-350.07
1.58636,-863.38,-317.20
1.58646,-886.71,-284.08
1.58656,-909.66,-250.69
1.58666,-932.21,-217.02
1.58676,-954.37,-183.07
1.58686,-976.13,-148.85
1.58696,-997.50,-114.33
1.58706,-1018.46,-79.52
1.58716,-1038.99,-44.41
1.58726,-1059.10,-9.01
1.58736,-1078.77,26.70
1.58746,-1097.97,62.70
1.58756,-1116.69,98.99
1.58766,-1134.92,135.58
1.58776,-1152.62,172.46
1.58786,-1169.77,209.62
1.58796,-1186.34,247.05
1.58806,-1202.31,284.75
1.58816,-1217.65,322.70
1.58826,-1232.31,360.88
1.58836,-1246.27,399.27
1.58846,-1259.49,437.87
1.58856,-1271.93,476.65
1.58866,-1283.54,515.57
1.58876,-1294.29,554.63
1.58886,-1304.14,593.78
1.58896,-1313.04,633.00
1.58906,-1320.94,672.25
1.58916,-1327.81,711.49
1.58926,-1333.59,750.69
1.58936,-1338.23,789.81
1.58946,-1341.69,828.79
1.58956,-1343.93,867.60
1.58966,-1344.89,906.18
1.58976,-1344.52,944.49
1.58986,-1342.78,982.46
1.58996,-1339.63,1020.05
1.59006,-1335.02,1057.19
1.59016,-1328.89,1093.83
1.59026,-1321.22,1129.90
1.59036,-1311.95,1165.34
1.59046,-1301.05,1200.09
1.59056,-1288.48,1234.07
1.59066,-1274.19,1267.22
1.59076,-1258.17,1299.47
1.59086,-1240.37,1330.75
1.59096,-1220.76,1360.99
1.59106,-1199.32,1390.12
1.59116,-1176.02,1418.05
1.59126,-1150.84,1444.73
1.59136,-1123.77,1470.07
1.59146,-1094.79,1494.01
1.59156,-1063.89,1516.46
1.59166,-1031.06,1537.37
1.59176,-996.30,1556.65
1.59186,-959.61,1574.23
1.59196,-921.00,1590.05
1.59206,-880.47,1604.04
1.59216,-838.04,1616.13
1.59226,-793.72,1626.25
1.59236,-747.54,1634.33
1.59246,-699.53,1640.33
1.59256,-649.72,1644.18
1.59266,-598.14,1645.83
1.59276,-544.84,1645.21
1.59286,-489.86,1642.29
1.59296,-433.25,1637.00
1.59306,-375.07,1629.32
1.59316,-315.38,1619.20
1.59326,-254.24,1606.59
1.59336,-191.73,1591.48
1.59346,-127.91,1573.84
1.59356,-62.87,1553.63
1.59366,3.30,1530.84
1.59376,70.53,1505.46
1.59386,138.72,1477.47
1.59396,207.77,1446.88
1.59406,277.58,1413.67
1.59416,348.05,1377.87
1.59426,419.07,1339.47
1.59436,490.52,1298.50
1.59446,562.30,1254.97
1.59456,634.29,1208.91
1.59466,706.36,1160.37
1.59476,778.39,1109.36
1.59486,850.26,1055.95
1.59496,921.83,1000.17
1.59506,992.98,942.09
1.59516,1063.57,881.76
1.59526,1133.48,819.26
1.59536,1202.56,754.64
1.59546,1270.69,688.00
1.59556,1337.72,619.41
1.59566,1403.52,548.96
1.59576,1467.95,476.74
1.59586,1530.89,402.86
1.59596,1592.18,327.42
1.59606,1651.70,250.52
1.59616,1709.32,172.28
1.59626,1764.91,92.81
1.59636,1818.32,12.24
1.59646,1869.45,-69.31
1.59656,1918.16,-151.71
1.59666,1964.32,-234.82
1.59676,2007.83,-318.52
1.59686,2048.57,-402.65
1.59696,2086.42,-487.08
1.59706,2121.28,-571.66
1.59716,2153.04,-656.24
1.59726,2181.60,-740.68
1.59736,2206.88,-824.82
1.59746,2228.78,-908.51
1.59756,2247.22,-991.59
1.59766,2262.11,-1073.91
1.59776,2273.40,-1155.32
1.59786,2281.01,-1235.65
1.59796,2284.89,-1314.75
1.59806,2284.98,-1392.46
1.59816,2281.23,-1468.64
1.59826,2273.61,-1543.11
1.59836,2262.09,-1615.74
1.59846,2246.63,-1686.37
1.59856,2227.23,-1754.85
1.59866,2203.87,-1821.03
1.59876,2176.55,-1884.77
1.59886,2145.28,-1945.93
1.59896,2110.06,-2004.37
1.59906,2070.93,-2059.96
1.59916,2027.91,-2112.56
1.59926,1981.04,-2162.05
1.59936,1930.36,-2208.31
1.59946,1875.93,-2251.22
1.59956,1817.81,-2290.68
1.59966,1756.06,-2326.57
1.59976,1690.77,-2358.79
1.59986,1622.02,-2387.26
1.59996,1549.91,-2411.88
1.60006,1474.52,-2432.58
1.60016,1395.98,-2449.28
1.60026,1314.40,-2461.92
1.60036,1229.89,-2470.43
1.60046,1142.59,-2474.76
1.60056,1052.64,-2474.88
1.60066,960.17,-2470.74
1.60076,865.33,-2462.31
1.60086,768.29,-2449.58
1.60096,669.20,-2432.53
1.60106,568.22,-2411.16
1.60116,465.54,-2385.48
1.60126,361.31,-2355.50
1.60136,255.73,-2321.23
1.60146,148.98,-2282.72
1.60156,41.25,-2239.99
1.60166,-67.27,-2193.11
1.60176,-176.38,-2142.11
1.60186,-285.90,-2087.08
1.60196,-395.61,-2028.07
1.60206,-505.31,-1965.17
1.60216,-614.81,-1898.48
1.60226,-723.89,-1828.08
1.60236,-832.36,-1754.09
1.60246,-940.00,-1676.61
1.60256,-1046.61,-1595.77
1.60266,-1151.99,-1511.70
1.60276,-1255.94,-1424.52
1.60286,-1358.24,-1334.39
1.60296,-1458.70,-1241.44
1.60306,-1557.13,-1145.84
1.60316,-1653.33,-1047.75
1.60326,-1747.10,-947.33
1.60336,-1838.25,-844.75
1.60346,-1926.61,-740.20
1.60356,-2011.99,-633.86
1.60366,-2094.22,-525.91
1.60376,-2173.13,-416.54
1.60386,-2248.55,-305.95
1.60396,-2320.33,-194.34
1.60406,-2388.30,-81.91
1.60416,-2452.33,31.14
1.60426,-2512.28,144.59
1.60436,-2568.02,258.25
1.60446,-2619.41,371.89
1.60456,-2666.36,485.32
1.60466,-2708.74,598.31
1.60476,-2746.46,710.66
1.60486,-2779.42,822.15
1.60496,-2807.56,932.58
1.60506,-2830.79,1041.73
1.60516,-2849.04,1149.39
1.60526,-2862.28,1255.37
1.60536,-2870.45,1359.45
1.60546,-2873.52,1461.43
1.60556,-2871.46,1561.12
1.60566,-2864.26,1658.33
1.60576,-2851.92,1752.86
1.60586,-2834.44,1844.52
1.60596,-2811.84,1933.14
1.60606,-2784.14,2018.55
1.60616,-2751.39,2100.57
1.60626,-2713.63,2179.04
1.60636,-2670.91,2253.80
1.60646,-2623.31,2324.71
1.60656,-2570.89,2391.63
1.60666,-2513.76,2454.40
1.60676,-2452.00,2512.92
1.60686,-2385.71,2567.06
1.60696,-2315.03,2616.71
1.60706,-2240.06,2661.77
1.60716,-2160.95,2702.15
1.60726,-2077.83,2737.75
1.60736,-1990.85,2768.52
1.60746,-1900.18,2794.37
1.60756,-1805.97,2815.26
1.60766,-1708.41,2831.14
1.60776,-1607.66,2841.97
1.60786,-1503.93,2847.74
1.60796,-1397.39,2848.41
1.60806,-1288.26,2843.99
1.60816,-1176.72,2834.47
1.60826,-1063.00,2819.89
1.60836,-947.30,2800.24
1.60846,-829.85,2775.59
1.60856,-710.86,2745.95
1.60866,-590.56,2711.40
1.60876,-469.18,2671.99
1.60886,-346.94,2627.80
1.60896,-224.08,2578.91
1.60906,-100.83,2525.40
1.60916,22.58,2467.40
1.60926,145.91,2404.99
1.60936,268.93,2338.31
1.60946,391.41,2267.48
1.60956,513.11,2192.63
1.60966,633.81,2113.91
1.60976,753.27,2031.47
1.60986,871.28,1945.46
1.60996,987.61,1856.06
1.61006,1102.03,1763.42
1.61016,1214.34,1667.75
1.61026,1324.33,1569.20
1.61036,1431.78,1467.98
1.61046,1536.50,1364.28
1.61056,1638.30,1258.29
1.61066,1736.98,1150.23
1.61076,1832.36,1040.29
1.61086,1924.27,928.70
1.61096,2012.54,815.65
1.61106,2097.01,701.38
1.61116,2177.52,586.09
1.61126,2253.93,470.00
1.61136,2326.11,353.35
1.61146,2393.93,236.34
1.61156,2457.26,119.20
1.61166,2516.01,2.16
1.61176,2570.07,-114.58
1.61186,2619.34,-230.78
1.61196,2663.76,-346.23
1.61206,2703.25,-460.71
1.61216,2737.76,-574.01
1.61226,2767.22,-685.93
1.61236,2791.61,-796.24
1.61246,2810.89,-904.76
1.61256,2825.05,-1011.28
1.61266,2834.08,-1115.61
1.61276,2837.97,-1217.56
1.61286,2836.75,-1316.94
1.61296,2830.44,-1413.58
1.61306,2819.07,-1507.32
1.61316,2802.69,-1597.97
1.61326,2781.34,-1685.40
1.61336,2755.09,-1769.44
1.61346,2724.02,-1849.95
1.61356,2688.21,-1926.81
1.61366,2647.74,-1999.87
1.61376,2602.73,-2069.04
1.61386,2553.27,-2134.19
1.61396,2499.49,-2195.22
1.61406,2441.51,-2252.04
1.61416,2379.48,-2304.58
1.61426,2313.52,-2352.75
1.61436,2243.78,-2396.48
1.61446,2170.43,-2435.74
1.61456,2093.62,-2470.46
1.61466,2013.53,-2500.61
1.61476,1930.31,-2526.17
1.61486,1844.16,-2547.11
1.61496,1755.26,-2563.44
1.61506,1663.79,-2575.14
1.61516,1569.94,-2582.23
1.61526,1473.91,-2584.73
1.61536,1375.89,-2582.67
1.61546,1276.09,-2576.08
1.61556,1174.71,-2565.02
1.61566,1071.95,-2549.53
1.61576,968.02,-2529.68
1.61586,863.12,-2505.54
1.61596,757.45,-2477.19
1.61606,651.23,-2444.72
1.61616,544.66,-2408.23
1.61626,437.95,-2367.80
1.61636,331.29,-2323.56
1.61646,224.89,-2275.63
1.61656,118.94,-2224.11
1.61666,13.64,-2169.14
1.61676,-90.82,-2110.86
1.61686,-194.24,-2049.40
1.61696,-296.44,-1984.91
1.61706,-397.25,-1917.54
1.61716,-496.48,-1847.44
1.61726,-593.97,-1774.76
1.61736,-689.55,-1699.68
1.61746,-783.05,-1622.35
1.61756,-874.34,-1542.94
1.61766,-963.24,-1461.62
1.61776,-1049.64,-1378.57
1.61786,-1133.38,-1293.94
1.61796,-1214.35,-1207.93
1.61806,-1292.42,-1120.70
1.61816,-1367.47,-1032.43
1.61826,-1439.42,-943.30
1.61836,-1508.14,-853.47
1.61846,-1573.56,-763.13
1.61856,-1635.60,-672.44
1.61866,-1694.17,-581.58
1.61876,-1749.22,-490.72
1.61886,-1800.68,-400.03
1.61896,-1848.51,-309.66
1.61906,-1892.67,-219.79
1.61916,-1933.11,-130.57
1.61926,-1969.82,-42.14
1.61936,-2002.78,45.32
1.61946,-2031.98,131.69
1.61956,-2057.42,216.81
1.61966,-2079.10,300.55
1.61976,-2097.05,382.77
1.61986,-2111.27,463.36
1.61996,-2121.81,542.19
1.62006,-2128.70,619.13
1.62016,-2131.99,694.09
1.62026,-2131.71,766.96
1.62036,-2127.94,837.64
1.62046,-2120.73,906.03
1.62056,-2110.15,972.06
1.62066,-2096.28,1035.64
1.62076,-2079.19,1096.70
1.62086,-2058.98,1155.18
1.62096,-2035.74,1211.01
1.62106,-2009.55,1264.14
1.62116,-1980.53,1314.52
1.62126,-1948.76,1362.12
1.62136,-1914.37,1406.90
1.62146,-1877.45,1448.83
1.62156,-1838.13,1487.90
1.62166,-1796.52,1524.09
1.62176,-1752.73,1557.39
1.62186,-1706.90,1587.79
1.62196,-1659.13,1615.31
1.62206,-1609.55,1639.95
1.62216,-1558.29,1661.73
1.62226,-1505.48,1680.67
1.62236,-1451.22,1696.79
1.62246,-1395.67,1710.13
1.62256,-1338.93,1720.72
1.62266,-1281.13,1728.60
1.62276,-1222.39,1733.82
1.62286,-1162.84,1736.43
1.62296,-1102.60,1736.48
1.62306,-1041.79,1734.03
1.62316,-980.53,1729.15
1.62326,-918.92,1721.89
1.62336,-857.09,1712.32
1.62346,-795.13,1700.52
1.62356,-733.17,1686.56
1.62366,-671.30,1670.51
1.62376,-609.63,1652.45
1.62386,-548.25,1632.46
1.62396,-487.25,1610.63
1.62406,-426.73,1587.03
1.62416,-366.76,1561.74
1.62426,-307.44,1534.86
1.62436,-248.84,1506.47
1.62446,-191.04,1476.65
1.62456,-134.09,1445.48
1.62466,-78.08,1413.06
1.62476,-23.05,1379.47
1.62486,30.93,1344.78
1.62496,83.82,1309.09
1.62506,135.56,1272.47
1.62516,186.12,1235.00
1.62526,235.46,1196.77
1.62536,283.54,1157.86
1.62546,330.33,1118.32
1.62556,375.81,1078.25
1.62566,419.96,1037.71
1.62576,462.76,996.77
1.62586,504.20,955.49
1.62596,544.27,913.94
1.62606,582.96,872.19
1.62616,620.27,830.28
1.62626,656.21,788.28
1.62636,690.77,746.24
1.62646,723.97,704.21
1.62656,755.82,662.23
1.62666,786.33,620.34
1.62676,815.52,578.60
1.62686,843.40,537.03
1.62696,870.00,495.68
1.62706,895.35,454.57
1.62716,919.46,413.73
1.62726,942.35,373.19
1.62736,964.07,332.97
1.62746,984.64,293.09
1.62756,1004.08,253.57
1.62766,1022.44,214.43
1.62776,1039.73,175.67
1.62786,1055.99,137.31
1.62796,1071.25,99.36
1.62806,1085.55,61.81
1.62816,1098.91,24.68
1.62826,1111.36,-12.03
1.62836,1122.95,-48.32
1.62846,1133.68,-84.20
1.62856,1143.60,-119.67
1.62866,1152.73,-154.73
1.62876,1161.09,-189.39
1.62886,1168.72,-223.65
1.62896,1175.63,-257.52
1.62906,1181.85,-291.01
1.62916,1187.39,-324.13
1.62926,1192.28,-356.88
1.62936,1196.53,-389.28
1.62946,1200.15,-421.33
1.62956,1203.16,-453.04
1.62966,1205.56,-484.43
1.62976,1207.37,-515.49
1.62986,1208.59,-546.24
1.62996,1209.21,-576.69
1.63006,1209.26,-606.83
1.63016,1208.71,-636.67
1.63026,1207.57,-666.23
1.63036,1205.84,-695.48
1.63046,1203.50,-724.45
1.63056,1200.55,-753.13
1.63066,1196.96,-781.51
1.63076,1192.74,-809.60
1.63086,1187.86,-837.38
1.63096,1182.31,-864.84
1.63106,1176.06,-891.99
1.63116,1169.09,-918.80
1.63126,1161.38,-945.26
1.63136,1152.91,-971.35
1.63146,1143.65,-997.06
1.63156,1133.58,-1022.37
1.63166,1122.66,-1047.25
1.63176,1110.87,-1071.68
1.63186,1098.18,-1095.63
1.63196,1084.56,-1119.07
1.63206,1069.98,-1141.97
1.63216,1054.40,-1164.30
1.63226,1037.81,-1186.02
1.63236,1020.17,-1207.09
1.63246,1001.44,-1227.48
1.63256,981.61,-1247.13
1.63266,960.64,-1266.02
1.63276,938.51,-1284.10
1.63286,915.18,-1301.31
1.63296,890.65,-1317.62
1.63306,864.87,-1332.97
1.63316,837.84,-1347.32
1.63326,809.53,-1360.60
1.63336,779.93,-1372.79
1.63346,749.01,-1383.81
1.63356,716.78,-1393.62
1.63366,683.21,-1402.16
1.63376,648.31,-1409.39
1.63386,612.06,-1415.25
1.63396,574.47,-1419.69
1.63406,535.54,-1422.65
1.63416,495.27,-1424.09
1.63426,453.68,-1423.95
1.63436,410.78,-1422.19
1.63446,366.58,-1418.76
1.63456,321.10,-1413.61
1.63466,274.38,-1406.69
1.63476,226.43,-1397.97
1.63486,177.29,-1387.40
1.63496,126.99,-1374.95
1.63506,75.58,-1360.58
1.63516,23.10,-1344.25
1.63526,-30.40,-1325.93
1.63536,-84.87,-1305.61
1.63546,-140.25,-1283.25
1.63556,-196.49,-1258.83
1.63566,-253.50,-1232.34
1.63576,-311.24,-1203.76
1.63586,-369.61,-1173.08
1.63596,-428.56,-1140.31
1.63606,-487.99,-1105.43
1.63616,-547.82,-1068.46
1.63626,-607.97,-1029.39
1.63636,-668.34,-988.24
1.63646,-728.84,-945.03
1.63656,-789.37,-899.79
1.63666,-849.83,-852.52
1.63676,-910.12,-803.28
1.63686,-970.13,-752.09
1.63696,-1029.76,-698.99
1.63706,-1088.90,-644.04
1.63716,-1147.43,-587.28
1.63726,-1205.24,-528.76
1.63736,-1262.22,-468.56
1.63746,-1318.25,-406.73
1.63756,-1373.21,-343.35
1.63766,-1426.99,-278.49
1.63776,-1479.47,-212.23
1.63786,-1530.53,-144.66
1.63796,-1580.05,-75.87
1.63806,-1627.92,-5.95
1.63816,-1674.03,65.00
1.63826,-1718.25,136.88
1.63836,-1760.47,209.58
1.63846,-1800.58,282.99
1.63856,-1838.48,357.00
1.63866,-1874.05,431.49
1.63876,-1907.19,506.34
1.63886,-1937.80,581.42
1.63896,-1965.77,656.61
1.63906,-1991.02,731.78
1.63916,-2013.44,806.80
1.63926,-2032.96,881.53
1.63936,-2049.49,955.83
1.63946,-2062.95,1029.58
1.63956,-2073.27,1102.63
1.63966,-2080.37,1174.84
1.63976,-2084.19,1246.08
1.63986,-2084.68,1316.19
1.63996,-2081.78,1385.05
1.64006,-2075.44,1452.51
1.64016,-2065.63,1518.42
1.64026,-2052.30,1582.66
1.64036,-2035.44,1645.07
1.64046,-2015.01,1705.53
1.64056,-1991.02,1763.90
1.64066,-1963.44,1820.05
1.64076,-1932.27,1873.84
1.64086,-1897.53,1925.14
1.64096,-1859.23,1973.84
1.64106,-1817.39,2019.81
1.64116,-1772.03,2062.93
1.64126,-1723.20,2103.08
1.64136,-1670.94,2140.16
1.64146,-1615.29,2174.07
1.64156,-1556.33,2204.70
1.64166,-1494.10,2231.95
1.64176,-1428.70,2255.73
1.64186,-1360.19,2275.97
1.64196,-1288.66,2292.58
1.64206,-1214.22,2305.49
1.64216,-1136.97,2314.64
1.64226,-1057.00,2319.96
1.64236,-974.45,2321.41
1.64246,-889.42,2318.93
1.64256,-802.06,2312.49
1.64266,-712.50,2302.06
1.64276,-620.87,2287.62
1.64286,-527.33,2269.15
1.64296,-432.02,2246.64
1.64306,-335.12,2220.09
1.64316,-236.76,2189.51
1.64326,-137.14,2154.93
1.64336,-36.41,2116.35
1.64346,65.24,2073.82
1.64356,167.64,2027.38
1.64366,270.61,1977.07
1.64376,373.95,1922.95
1.64386,477.48,1865.09
1.64396,581.02,1803.56
1.64406,684.36,1738.44
1.64416,787.31,1669.82
1.64426,889.68,1597.80
1.64436,991.28,1522.47
1.64446,1091.90,1443.96
1.64456,1191.36,1362.38
1.64466,1289.45,1277.86
1.64476,1385.98,1190.53
1.64486,1480.77,1100.53
1.64496,1573.61,1008.00
1.64506,1664.33,913.10
1.64516,1752.73,815.99
1.64526,1838.64,716.82
1.64536,1921.87,615.77
1.64546,2002.25,513.01
1.64556,2079.61,408.72
1.64566,2153.78,303.08
1.64576,2224.60,196.29
1.64586,2291.92,88.52
1.64596,2355.59,-20.03
1.64606,2415.46,-129.15
1.64616,2471.39,-238.66
1.64626,2523.26,-348.35
1.64636,2570.94,-458.01
1.64646,2614.32,-567.45
1.64656,2653.28,-676.45
1.64666,2687.74,-784.81
1.64676,2717.59,-892.33
1.64686,2742.75,-998.80
1.64696,2763.16,-1104.02
1.64706,2778.74,-1207.78
1.64716,2789.44,-1309.88
1.64726,2795.21,-1410.12
1.64736,2796.02,-1508.30
1.64746,2791.83,-1604.23
1.64756,2782.64,-1697.73
1.64766,2768.43,-1788.59
1.64776,2749.20,-1876.64
1.64786,2724.98,-1961.70
1.64796,2695.77,-2043.60
1.64806,2661.62,-2122.17
1.64816,2622.56,-2197.24
1.64826,2578.65,-2268.67
1.64836,2529.96,-2336.30
1.64846,2476.54,-2399.99
1.64856,2418.50,-2459.60
1.64866,2355.91,-2515.01
1.64876,2288.88,-2566.10
1.64886,2217.53,-2612.76
1.64896,2141.96,-2654.88
1.64906,2062.32,-2692.36
1.64916,1978.73,-2725.14
1.64926,1891.35,-2753.11
1.64936,1800.33,-2776.23
1.64946,1705.82,-2794.43
1.64956,1608.01,-2807.66
1.64966,1507.06,-2815.89
1.64976,1403.17,-2819.09
1.64986,1296.51,-2817.23
1.64996,1187.30,-2810.32
1.65006,1075.72,-2798.35
1.65016,961.99,-2781.34
1.65026,846.31,-2759.30
1.65036,728.91,-2732.27
1.65046,610.01,-2700.30
1.65056,489.82,-2663.42
1.65066,368.58,-2621.72
1.65076,246.52,-2575.24
1.65086,123.86,-2524.09
1.65096,0.84,-2468.35
1.65106,-122.31,-2408.12
1.65116,-245.35,-2343.50
1.65126,-368.05,-2274.62
1.65136,-490.18,-2201.61
1.65146,-611.49,-2124.59
1.65156,-731.76,-2043.71
1.65166,-850.76,-1959.12
1.65176,-968.26,-1870.99
1.65186,-1084.04,-1779.47
1.65196,-1197.87,-1684.74
1.65206,-1309.53,-1586.97
1.65216,-1418.82,-1486.36
1.65226,-1525.52,-1383.09
1.65236,-1629.44,-1277.36
1.65246,-1730.36,-1169.37
1.65256,-1828.10,-1059.33
1.65266,-1922.48,-947.44
1.65276,-2013.31,-833.92
1.65286,-2100.42,-718.99
1.65296,-2183.65,-602.86
1.65306,-2262.85,-485.76
1.65316,-2337.85,-367.90
1.65326,-2408.54,-249.53
1.65336,-2474.76,-130.85
1.65346,-2536.41,-12.10
1.65356,-2593.37,106.50
1.65366,-2645.53,224.71
1.65376,-2692.81,342.33
1.65386,-2735.12,459.12
1.65396,-2772.38,574.86
1.65406,-2804.55,689.33
1.65416,-2831.56,802.32
1.65426,-2853.37,913.62
1.65436,-2869.96,1023.02
1.65446,-2881.31,1130.32
1.65456,-2887.39,1235.30
1.65466,-2888.23,1337.79
1.65476,-2883.82,1437.59
1.65486,-2874.20,1534.52
1.65496,-2859.39,1628.40
1.65506,-2839.45,1719.07
1.65516,-2814.42,1806.36
1.65526,-2784.37,1890.11
1.65536,-2749.38,1970.19
1.65546,-2709.53,2046.44
1.65556,-2664.91,2118.75
1.65566,-2615.63,2186.98
1.65576,-2561.81,2251.02
1.65586,-2503.56,2310.78
1.65596,-2441.02,2366.14
1.65606,-2374.32,2417.04
1.65616,-2303.61,2463.38
1.65626,-2229.05,2505.11
1.65636,-2150.79,2542.17
1.65646,-2069.01,2574.50
1.65656,-1983.87,2602.08
1.65666,-1895.57,2624.87
1.65676,-1804.28,2642.85
1.65686,-1710.20,2656.03
1.65696,-1613.52,2664.39
1.65706,-1514.44,2667.96
1.65716,-1413.17,2666.74
1.65726,-1309.92,2660.79
1.65736,-1204.88,2650.12
1.65746,-1098.28,2634.80
1.65756,-990.33,2614.88
1.65766,-881.24,2590.43
1.65776,-771.23,2561.52
1.65786,-660.52,2528.25
1.65796,-549.33,2490.70
1.65806,-437.86,2448.97
1.65816,-326.33,2403.18
1.65826,-214.97,2353.44
1.65836,-103.97,2299.87
1.65846,6.45,2242.60
1.65856,116.09,2181.77
1.65866,224.73,2117.53
1.65876,332.19,2050.02
1.65886,438.27,1979.39
1.65896,542.77,1905.81
1.65906,645.52,1829.43
1.65916,746.32,1750.44
1.65926,845.00,1668.99
1.65936,941.40,1585.27
1.65946,1035.36,1499.45
1.65956,1126.70,1411.72
1.65966,1215.29,1322.25
1.65976,1300.99,1231.23
1.65986,1383.65,1138.85
1.65996,1463.15,1045.30
1.66006,1539.37,950.77
1.66016,1612.20,855.43
1.66026,1681.54,759.49
1.66036,1747.28,663.12
1.66046,1809.35,566.51
1.66056,1867.66,469.85
1.66066,1922.16,373.31
1.66076,1972.76,277.08
1.66086,2019.44,181.34
1.66096,2062.13,86.25
1.66106,2100.81,-8.01
1.66116,2135.46,-101.27
1.66126,2166.05,-193.39
1.66136,2192.59,-284.19
1.66146,2215.06,-373.52
1.66156,2233.48,-461.24
1.66166,2247.88,-547.21
1.66176,2258.26,-631.29
1.66186,2264.68,-713.34
1.66196,2267.17,-793.25
1.66206,2265.77,-870.90
1.66216,2260.56,-946.17
1.66226,2251.58,-1018.96
1.66236,2238.92,-1089.18
1.66246,2222.65,-1156.72
1.66256,2202.85,-1221.51
1.66266,2179.62,-1283.47
1.66276,2153.05,-1342.53
1.66286,2123.24,-1398.62
1.66296,2090.30,-1451.70
1.66306,2054.34,-1501.71
1.66316,2015.47,-1548.61
1.66326,1973.82,-1592.37
1.66336,1929.51,-1632.95
1.66346,1882.66,-1670.35
1.66356,1833.41,-1704.55
1.66366,1781.88,-1735.53
1.66376,1728.21,-1763.31
1.66386,1672.54,-1787.89
1.66396,1615.01,-1809.29
1.66406,1555.75,-1827.52
1.66416,1494.90,-1842.60
1.66426,1432.61,-1854.59
1.66436,1369.01,-1863.50
1.66446,1304.24,-1869.38
1.66456,1238.46,-1872.29
1.66466,1171.78,-1872.28
1.66476,1104.35,-1869.40
1.66486,1036.31,-1863.73
1.66496,967.79,-1855.32
1.66506,898.93,-1844.25
1.66516,829.84,-1830.59
1.66526,760.67,-1814.43
1.66536,691.52,-1795.85
1.66546,622.53,-1774.93
1.66556,553.81,-1751.76
1.66566,485.47,-1726.43
1.66576,417.63,-1699.04
1.66586,350.38,-1669.67
1.66596,283.84,-1638.44
1.66606,218.09,-1605.42
1.66616,153.24,-1570.73
1.66626,89.36,-1534.45
1.66636,26.55,-1496.70
1.66646,-35.12,-1457.57
1.66656,-95.59,-1417.15
1.66666,-154.76,-1375.55
1.66676,-212.60,-1332.87
1.66686,-269.03,-1289.20
1.66696,-324.00,-1244.64
1.66706,-377.48,-1199.29
1.66716,-429.40,-1153.23
1.66726,-479.74,-1106.56
1.66736,-528.46,-1059.36
1.66746,-575.53,-1011.73
1.66756,-620.94,-963.75
1.66766,-664.66,-915.51
1.66776,-706.68,-867.07
1.66786,-746.98,-818.51
1.66796,-785.58,-769.92
1.66806,-822.46,-721.35
1.66816,-857.62,-672.88
1.66826,-891.09,-624.57
1.66836,-922.86,-576.47
1.66846,-952.95,-528.66
1.66856,-981.39,-481.17
1.66866,-1008.18,-434.06
1.66876,-1033.37,-387.37
1.66886,-1056.96,-341.15
1.66896,-1079.00,-295.44
1.66906,-1099.51,-250.27
1.66916,-1118.53,-205.67
1.66926,-1136.10,-161.68
1.66936,-1152.25,-118.31
1.66946,-1167.01,-75.60
1.66956,-1180.44,-33.55
1.66966,-1192.57,7.81
1.66976,-1203.44,48.48
1.66986,-1213.10,88.44
1.66996,-1221.58,127.68
1.67006,-1228.93,166.20
1.67016,-1235.19,204.00
1.67026,-1240.40,241.08
1.67036,-1244.61,277.43
1.67046,-1247.85,313.08
1.67056,-1250.16,348.01
1.67066,-1251.59,382.23
1.67076,-1252.16,415.77
1.67086,-1251.92,448.62
1.67096,-1250.89,480.80
1.67106,-1249.12,512.32
1.67116,-1246.62,543.20
1.67126,-1243.44,573.45
1.67136,-1239.59,603.07
1.67146,-1235.10,632.10
1.67156,-1229.99,660.53
1.67166,-1224.28,688.40
1.67176,-1217.99,715.70
1.67186,-1211.13,742.46
1.67196,-1203.72,768.68
1.67206,-1195.76,794.39
1.67216,-1187.27,819.59
1.67226,-1178.24,844.28
1.67236,-1168.69,868.50
1.67246,-1158.61,892.22
1.67256,-1148.00,915.48
1.67266,-1136.85,938.27
1.67276,-1125.16,960.59
1.67286,-1112.92,982.44
1.67296,-1100.11,1003.83
1.67306,-1086.74,1024.75
1.67316,-1072.77,1045.20
1.67326,-1058.20,1065.17
1.67336,-1043.00,1084.65
1.67346,-1027.16,1103.63
1.67356,-1010.66,1122.11
1.67366,-993.47,1140.05
1.67376,-975.57,1157.45
1.67386,-956.93,1174.29
1.67396,-937.54,1190.54
1.67406,-917.36,1206.18
1.67416,-896.37,1221.19
1.67426,-874.55,1235.53
1.67436,-851.86,1249.18
1.67446,-828.29,1262.10
1.67456,-803.81,1274.26
1.67466,-778.39,1285.62
1.67476,-752.02,1296.15
1.67486,-724.66,1305.81
1.67496,-696.29,1314.56
1.67506,-666.91,1322.35
1.67516,-636.48,1329.14
1.67526,-605.00,1334.90
1.67536,-572.44,1339.56
1.67546,-538.81,1343.10
1.67556,-504.07,1345.47
1.67566,-468.24,1346.61
1.67576,-431.30,1346.49
1.67586,-393.25,1345.05
1.67596,-354.10,1342.26
1.67606,-313.84,1338.06
1.67616,-272.49,1332.41
1.67626,-230.06,1325.28
1.67636,-186.55,1316.61
1.67646,-142.00,1306.36
1.67656,-96.42,1294.50
1.67666,-49.83,1280.99
1.67676,-2.27,1265.79
1.67686,46.23,1248.86
1.67696,95.63,1230.19
1.67706,145.90,1209.73
1.67716,196.98,1187.45
1.67726,248.83,1163.35
1.67736,301.39,1137.39
1.67746,354.62,1109.56
1.67756,408.43,1079.85
1.67766,462.78,1048.24
1.67776,517.60,1014.73
1.67786,572.80,979.31
1.67796,628.31,941.99
1.67806,684.07,902.77
1.67816,739.97,861.67
1.67826,795.94,818.69
1.67836,851.88,773.85
1.67846,907.71,727.18
1.67856,963.32,678.71
1.67866,1018.63,628.47
1.67876,1073.52,576.49
1.67886,1127.91,522.82
1.67896,1181.67,467.50
1.67906,1234.72,410.60
1.67916,1286.93,352.15
1.67926,1338.21,292.23
1.67936,1388.44,230.89
1.67946,1437.50,168.22
1.67956,1485.30,104.29
1.67966,1531.71,39.17
1.67976,1576.63,-27.05
1.67986,1619.95,-94.28
1.67996,1661.54,-162.43
1.68006,1701.32,-231.39
1.68016,1739.15,-301.08
1.68026,1774.95,-371.38
1.68036,1808.60,-442.19
1.68046,1840.01,-513.38
1.68056,1869.06,-584.86
1.68066,1895.66,-656.50
1.68076,1919.72,-728.17
1.68086,1941.15,-799.75
1.68096,1959.85,-871.13
1.68106,1975.74,-942.16
1.68116,1988.75,-1012.72
1.68126,1998.79,-1082.68
1.68136,2005.79,-1151.89
1.68146,2009.69,-1220.24
1.68156,2010.43,-1287.58
1.68166,2007.94,-1353.77
1.68176,2002.18,-1418.68
1.68186,1993.10,-1482.18
1.68196,1980.67,-1544.12
1.68206,1964.84,-1604.38
1.68216,1945.60,-1662.81
1.68226,1922.92,-1719.29
1.68236,1896.79,-1773.69
1.68246,1867.21,-1825.86
1.68256,1834.17,-1875.70
1.68266,1797.68,-1923.07
1.68276,1757.76,-1967.86
1.68286,1714.42,-2009.94
1.68296,1667.70,-2049.20
1.68306,1617.63,-2085.53
1.68316,1564.27,-2118.82
1.68326,1507.64,-2148.98
1.68336,1447.83,-2175.89
1.68346,1384.89,-2199.48
1.68356,1318.89,-2219.66
1.68366,1249.93,-2236.34
1.68376,1178.07,-2249.44
1.68386,1103.43,-2258.91
1.68396,1026.10,-2264.67
1.68406,946.19,-2266.67
1.68416,863.82,-2264.87
1.68426,779.10,-2259.21
1.68436,692.18,-2249.66
1.68446,603.17,-2236.21
1.68456,512.23,-2218.81
1.68466,419.50,-2197.47
1.68476,325.13,-2172.17
1.68486,229.27,-2142.93
1.68496,132.10,-2109.74
1.68506,33.77,-2072.64
1.68516,-65.54,-2031.64
1.68526,-165.65,-1986.79
1.68536,-266.40,-1938.12
1.68546,-367.60,-1885.68
1.68556,-469.06,-1829.55
1.68566,-570.59,-1769.77
1.68576,-672.02,-1706.44
1.68586,-773.14,-1639.62
1.68596,-873.76,-1569.43
1.68606,-973.70,-1495.94
1.68616,-1072.75,-1419.27
1.68626,-1170.73,-1339.53
1.68636,-1267.44,-1256.85
1.68646,-1362.69,-1171.35
1.68656,-1456.28,-1083.16
1.68666,-1548.03,-992.43
1.68676,-1637.74,-899.30
1.68686,-1725.24,-803.94
1.68696,-1810.33,-706.48
1.68706,-1892.84,-607.12
1.68716,-1972.60,-506.00
1.68726,-2049.43,-403.31
1.68736,-2123.16,-299.23
1.68746,-2193.63,-193.94
1.68756,-2260.68,-87.63
1.68766,-2324.16,19.51
1.68776,-2383.93,127.29
1.68786,-2439.84,235.51
1.68796,-2491.76,343.96
1.68806,-2539.57,452.45
1.68816,-2583.15,560.78
1.68826,-2622.38,668.73
1.68836,-2657.16,776.12
1.68846,-2687.40,882.72
1.68856,-2713.01,988.33
1.68866,-2733.91,1092.76
1.68876,-2750.04,1195.79
1.68886,-2761.33,1297.22
1.68896,-2767.73,1396.86
1.68906,-2769.21,1494.50
1.68916,-2765.72,1589.95
1.68926,-2757.26,1683.03
1.68936,-2743.80,1773.53
1.68946,-2725.35,1861.27
1.68956,-2701.92,1946.08
1.68966,-2673.52,2027.78
1.68976,-2640.18,2106.20
1.68986,-2601.95,2181.17
1.68996,-2558.86,2252.55
1.69006,-2510.99,2320.16
1.69016,-2458.39,2383.88
1.69026,-2401.16,2443.56
1.69036,-2339.37,2499.07
1.69046,-2273.13,2550.29
1.69056,-2202.54,2597.11
1.69066,-2127.73,2639.41
1.69076,-2048.81,2677.11
1.69086,-1965.93,2710.11
1.69096,-1879.23,2738.34
1.69106,-1788.86,2761.72
1.69116,-1694.98,2780.19
1.69126,-1597.76,2793.70
1.69136,-1497.38,2802.22
1.69146,-1394.01,2805.71
1.69156,-1287.86,2804.15
1.69166,-1179.10,2797.52
1.69176,-1067.95,2785.84
1.69186,-954.62,2769.10
1.69196,-839.30,2747.33
1.69206,-722.23,2720.56
1.69216,-603.62,2688.83
1.69226,-483.70,2652.19
1.69236,-362.69,2610.69
1.69246,-240.82,2564.42
1.69256,-118.33,2513.44
1.69266,4.55,2457.85
1.69276,127.59,2397.75
1.69286,250.54,2333.25
1.69296,373.17,2264.45
1.69306,495.25,2191.50
1.69316,616.54,2114.52
1.69326,736.81,2033.66
1.69336,855.82,1949.07
1.69346,973.34,1860.91
1.69356,1089.14,1769.33
1.69366,1203.01,1674.53
1.69376,1314.72,1576.67
1.69386,1424.06,1475.93
1.69396,1530.81,1372.53
1.69406,1634.77,1266.64
1.69416,1735.74,1158.48
1.69426,1833.52,1048.24
1.69436,1927.92,936.15
1.69446,2018.77,822.42
1.69456,2105.89,707.25
1.69466,2189.11,590.89
1.69476,2268.27,473.55
1.69486,2343.23,355.45
1.69496,2413.84,236.82
1.69506,2479.96,117.90
1.69516,2541.49,-1.10
1.69526,2598.29,-119.94
1.69536,2650.28,-238.39
1.69546,2697.35,-356.23
1.69556,2739.42,-473.23
1.69566,2776.41,-589.17
1.69576,2808.27,-703.83
1.69586,2834.94,-816.98
1.69596,2856.38,-928.42
1.69606,2872.56,-1037.94
1.69616,2883.46,-1145.33
1.69626,2889.06,-1250.38
1.69636,2889.38,-1352.90
1.69646,2884.43,-1452.70
1.69656,2874.22,-1549.60
1.69666,2858.80,-1643.41
1.69676,2838.21,-1733.97
1.69686,2812.50,-1821.12
1.69696,2781.75,-1904.69
1.69706,2746.02,-1984.54
1.69716,2705.41,-2060.52
1.69726,2660.01,-2132.52
1.69736,2609.93,-2200.39
1.69746,2555.28,-2264.04
1.69756,2496.18,-2323.35
1.69766,2432.78,-2378.22
1.69776,2365.21,-2428.58
1.69786,2293.62,-2474.35
1.69796,2218.17,-2515.45
1.69806,2139.03,-2551.84
1.69816,2056.35,-2583.47
1.69826,1970.33,-2610.29
1.69836,1881.14,-2632.29
1.69846,1788.98,-2649.45
1.69856,1694.04,-2661.75
1.69866,1596.51,-2669.21
1.69876,1496.61,-2671.84
1.69886,1394.53,-2669.66
1.69896,1290.49,-2662.71
1.69906,1184.70,-2651.02
1.69916,1077.38,-2634.65
1.69926,968.75,-2613.66
1.69936,859.01,-2588.12
1.69946,748.40,-2558.11
1.69956,637.12,-2523.72
1.69966,525.41,-2485.04
1.69976,413.47,-2442.18
1.69986,301.53,-2395.26
1.69996,189.80,-2344.38
1.70006,78.50,-2289.68
1.70016,-32.17,-2231.29
1.70026,-141.99,-2169.36
1.70036,-250.76,-2104.02
1.70046,-358.28,-2035.43
1.70056,-464.35,-1963.75
1.70066,-568.79,-1889.14
1.70076,-671.39,-1811.77
1.70086,-771.99,-1731.80
1.70096,-870.41,-1649.43
1.70106,-966.47,-1564.81
1.70116,-1060.01,-1478.15
1.70126,-1150.88,-1389.61
1.70136,-1238.94,-1299.39
1.70146,-1324.02,-1207.67
1.70156,-1406.01,-1114.65
1.70166,-1484.78,-1020.50
1.70176,-1560.20,-925.44
1.70186,-1632.17,-829.63
1.70196,-1700.59,-733.28
1.70206,-1765.36,-636.57
1.70216,-1826.40,-539.69
1.70226,-1883.63,-442.83
1.70236,-1937.00,-346.16
1.70246,-1986.43,-249.87
1.70256,-2031.89,-154.14
1.70266,-2073.33,-59.13
1.70276,-2110.72,34.98
1.70286,-2144.05,128.02
1.70296,-2173.30,219.83
1.70306,-2198.46,310.26
1.70316,-2219.54,399.15
1.70326,-2236.56,486.36
1.70336,-2249.54,571.75
1.70346,-2258.50,655.18
1.70356,-2263.49,736.52
1.70366,-2264.55,815.65
1.70376,-2261.75,892.46
1.70386,-2255.13,966.83
1.70396,-2244.76,1038.66
1.70406,-2230.74,1107.87
1.70416,-2213.12,1174.35
1.70426,-2192.02,1238.03
1.70436,-2167.51,1298.84
1.70446,-2139.70,1356.71
1.70456,-2108.69,1411.58
1.70466,-2074.60,1463.39
1.70476,-2037.53,1512.11
1.70486,-1997.62,1557.69
1.70496,-1954.98,1600.11
1.70506,-1909.74,1639.35
1.70516,-1862.02,1675.38
1.70526,-1811.97,1708.21
1.70536,-1759.71,1737.82
1.70546,-1705.39,1764.23
1.70556,-1649.13,1787.44
1.70566,-1591.09,1807.48
1.70576,-1531.40,1824.37
1.70586,-1470.21,1838.14
1.70596,-1407.65,1848.82
1.70606,-1343.86,1856.46
1.70616,-1279.00,1861.12
1.70626,-1213.19,1862.83
1.70636,-1146.57,1861.66
1.70646,-1079.29,1857.67
1.70656,-1011.48,1850.93
1.70666,-943.27,1841.51
1.70676,-874.79,1829.49
1.70686,-806.17,1814.94
1.70696,-737.54,1797.95
1.70706,-669.02,1778.60
1.70716,-600.72,1756.98
1.70726,-532.76,1733.18
1.70736,-465.26,1707.30
1.70746,-398.31,1679.42
1.70756,-332.03,1649.65
1.70766,-266.50,1618.09
1.70776,-201.83,1584.82
1.70786,-138.10,1549.96
1.70796,-75.39,1513.60
1.70806,-13.79,1475.83
1.70816,46.64,1436.77
1.70826,105.82,1396.51
1.70836,163.69,1355.14
1.70846,220.19,1312.76
1.70856,275.27,1269.48
1.70866,328.88,1225.38
1.70876,380.98,1180.56
1.70886,431.53,1135.11
1.70896,480.50,1089.12
1.70906,527.86,1042.67
1.70916,573.59,995.84
1.70926,617.67,948.73
1.70936,660.08,901.41
1.70946,700.82,853.95
1.70956,739.89,806.42
1.70966,777.29,758.90
1.70976,813.01,711.45
1.70986,847.07,664.13
1.70996,879.48,617.00
1.71006,910.26,570.12
1.71016,939.42,523.54
1.71026,966.98,477.30
1.71036,992.98,431.46
1.71046,1017.44,386.04
1.71056,1040.40,341.10
1.71066,1061.87,296.66
1.71076,1081.90,252.76
1.71086,1100.52,209.41
1.71096,1117.78,166.65
1.71106,1133.71,124.49
1.71116,1148.35,82.95
1.71126,1161.74,42.05
1.71136,1173.92,1.79
1.71146,1184.94,-37.81
1.71156,1194.84,-76.75
1.71166,1203.66,-115.04
1.71176,1211.43,-152.66
1.71186,1218.22,-189.62
1.71196,1224.04,-225.92
1.71206,1228.95,-261.57
1.71216,1232.97,-296.59
1.71226,1236.16,-330.96
1.71236,1238.54,-364.72
1.71246,1240.15,-397.86
1.71256,1241.01,-430.41
1.71266,1241.17,-462.38
1.71276,1240.65,-493.77
1.71286,1239.47,-524.62
1.71296,1237.66,-554.92
1.71306,1235.24,-584.70
1.71316,1232.23,-613.97
1.71326,1228.64,-642.75
1.71336,1224.50,-671.05
1.71346,1219.81,-698.89
1.71356,1214.58,-726.27
1.71366,1208.82,-753.21
1.71376,1202.53,-779.73
1.71386,1195.71,-805.83
1.71396,1188.37,-831.52
1.71406,1180.49,-856.80
1.71416,1172.08,-881.68
1.71426,1163.12,-906.18
1.71436,1153.60,-930.27
1.71446,1143.51,-953.98
1.71456,1132.84,-977.28
1.71466,1121.56,-1000.19
1.71476,1109.65,-1022.68
1.71486,1097.11,-1044.76
1.71496,1083.89,-1066.41
1.71506,1069.99,-1087.62
1.71516,1055.36,-1108.36
1.71526,1040.00,-1128.63
1.71536,1023.86,-1148.39
1.71546,1006.92,-1167.63
1.71556,989.15,-1186.32
1.71566,970.52,-1204.43
1.71576,951.01,-1221.94
1.71586,930.57,-1238.80
1.71596,909.19,-1254.98
1.71606,886.83,-1270.45
1.71616,863.46,-1285.17
1.71626,839.06,-1299.09
1.71636,813.59,-1312.18
1.71646,787.04,-1324.38
1.71656,759.38,-1335.66
1.71666,730.58,-1345.97
1.71676,700.63,-1355.26
1.71686,669.50,-1363.47
1.71696,637.18,-1370.57
1.71706,603.66,-1376.50
1.71716,568.92,-1381.20
1.71726,532.96,-1384.63
1.71736,495.77,-1386.74
1.71746,457.34,-1387.48
1.71756,417.68,-1386.79
1.71766,376.80,-1384.62
1.71776,334.69,-1380.93
1.71786,291.37,-1375.66
1.71796,246.86,-1368.78
1.71806,201.18,-1360.22
1.71816,154.34,-1349.96
1.71826,106.38,-1337.95
1.71836,57.33,-1324.14
1.71846,7.22,-1308.50
1.71856,-43.91,-1290.99
1.71866,-96.01,-1271.59
1.71876,-149.04,-1250.26
1.71886,-202.94,-1226.97
1.71896,-257.66,-1201.71
1.71906,-313.13,-1174.45
1.71916,-369.29,-1145.17
1.71926,-426.07,-1113.87
1.71936,-483.39,-1080.54
1.71946,-541.18,-1045.16
1.71956,-599.36,-1007.76
1.71966,-657.85,-968.31
1.71976,-716.54,-926.85
1.71986,-775.36,-883.38
1.71996,-834.20,-837.92
1.72006,-892.97,-790.49
1.72016,-951.56,-741.13
1.72026,-1009.88,-689.87
1.72036,-1067.81,-636.74
1.72046,-1125.24,-581.80
1.72056,-1182.07,-525.08
1.72066,-1238.17,-466.65
1.72076,-1293.45,-406.56
1.72086,-1347.77,-344.88
1.72096,-1401.02,-281.69
1.72106,-1453.09,-217.04
1.72116,-1503.86,-151.03
1.72126,-1553.21,-83.73
1.72136,-1601.01,-15.24
1.72146,-1647.16,54.34
1.72156,-1691.53,124.93
1.72166,-1734.00,196.42
1.72176,-1774.47,268.70
1.72186,-1812.83,341.66
1.72196,-1848.94,415.18
1.72206,-1882.72,489.15
1.72216,-1914.05,563.45
1.72226,-1942.83,637.95
1.72236,-1968.96,712.51
1.72246,-1992.34,787.02
1.72256,-2012.88,861.34
1.72266,-2030.48,935.33
1.72276,-2045.08,1008.85
1.72286,-2056.57,1081.77
1.72296,-2064.89,1153.94
1.72306,-2069.98,1225.22
1.72316,-2071.75,1295.47
1.72326,-2070.16,1364.55
1.72336,-2065.16,1432.31
1.72346,-2056.69,1498.61
1.72356,-2044.71,1563.31
1.72366,-2029.19,1626.27
1.72376,-2010.11,1687.33
1.72386,-1987.44,1746.38
1.72396,-1961.17,1803.26
1.72406,-1931.29,1857.84
1.72416,-1897.81,1910.00
1.72426,-1860.72,1959.59
1.72436,-1820.06,2006.50
1.72446,-1775.85,2050.60
1.72456,-1728.10,2091.77
1.72466,-1676.88,2129.89
1.72476,-1622.21,2164.86
1.72486,-1564.16,2196.56
1.72496,-1502.79,2224.91
1.72506,-1438.17,2249.79
1.72516,-1370.38,2271.13
1.72526,-1299.50,2288.83
1.72536,-1225.63,2302.83
1.72546,-1148.87,2313.05
1.72556,-1069.32,2319.42
1.72566,-987.10,2321.89
1.72576,-902.34,2320.40
1.72586,-815.16,2314.93
1.72596,-725.69,2305.42
1.72606,-634.09,2291.86
1.72616,-540.49,2274.22
1.72626,-445.06,2252.49
1.72636,-347.94,2226.67
1.72646,-249.32,2196.76
1.72656,-149.35,2162.78
1.72666,-48.21,2124.76
1.72676,53.93,2082.71
1.72686,156.87,2036.67
1.72696,260.43,1986.71
1.72706,364.42,1932.87
1.72716,468.65,1875.21
1.72726,572.93,1813.81
1.72736,677.06,1748.74
1.72746,780.83,1680.11
1.72756,884.06,1608.00
1.72766,986.53,1532.52
1.72776,1088.05,1453.78
1.72786,1188.42,1371.91
1.72796,1287.44,1287.03
1.72806,1384.90,1199.27
1.72816,1480.61,1108.77
1.72826,1574.38,1015.70
1.72836,1666.00,920.19
1.72846,1755.29,822.42
1.72856,1842.07,722.55
1.72866,1926.14,620.74
1.72876,2007.32,517.19
1.72886,2085.45,412.07
1.72896,2160.34,305.57
1.72906,2231.83,197.88
1.72916,2299.77,89.20
1.72926,2364.00,-20.28
1.72936,2424.37,-130.35
1.72946,2480.73,-240.81
1.72956,2532.96,-351.45
1.72966,2580.93,-462.06
1.72976,2624.52,-572.43
1.72986,2663.62,-682.36
1.72996,2698.13,-791.63
1.73006,2727.95,-900.02
1.73016,2753.00,-1007.34
1.73026,2773.21,-1113.36
1.73036,2788.50,-1217.88
1.73046,2798.82,-1320.69
1.73056,2804.13,-1421.59
1.73066,2804.39,-1520.38
1.73076,2799.57,-1616.85
1.73086,2789.66,-1710.81
1.73096,2774.64,-1802.08
1.73106,2754.53,-1890.45
1.73116,2729.34,-1975.75
1.73126,2699.09,-2057.81
1.73136,2663.83,-2136.45
1.73146,2623.59,-2211.51
1.73156,2578.44,-2282.83
1.73166,2528.43,-2350.26
1.73176,2473.66,-2413.66
1.73186,2414.20,-2472.88
1.73196,2350.16,-2527.80
1.73206,2281.64,-2578.30
1.73216,2208.75,-2624.27
1.73226,2131.64,-2665.60
1.73236,2050.42,-2702.21
1.73246,1965.25,-2734.01
1.73256,1876.28,-2760.91
1.73266,1783.67,-2782.87
1.73276,1687.59,-2799.82
1.73286,1588.22,-2811.72
1.73296,1485.74,-2818.54
1.73306,1380.34,-2820.24
1.73316,1272.22,-2816.83
1.73326,1161.59,-2808.28
1.73336,1048.66,-2794.62
1.73346,933.63,-2775.85
1.73356,816.73,-2752.01
1.73366,698.19,-2723.13
1.73376,578.22,-2689.27
1.73386,457.07,-2650.47
1.73396,334.96,-2606.82
1.73406,212.14,-2558.39
1.73416,88.83,-2505.27
1.73426,-34.72,-2447.55
1.73436,-158.27,-2385.35
1.73446,-281.59,-2318.79
1.73456,-404.43,-2247.98
1.73466,-526.55,-2173.07
1.73476,-647.73,-2094.20
1.73486,-767.71,-2011.52
1.73496,-886.27,-1925.19
1.73506,-1003.18,-1835.37
1.73516,-1118.21,-1742.24
1.73526,-1231.13,-1645.99
1.73536,-1341.74,-1546.79
1.73546,-1449.81,-1444.84
1.73556,-1555.14,-1340.35
1.73566,-1657.52,-1233.51
1.73576,-1756.75,-1124.53
1.73586,-1852.65,-1013.63
1.73596,-1945.04,-901.02
1.73606,-2033.73,-786.92
1.73616,-2118.55,-671.56
1.73626,-2199.36,-555.15
1.73636,-2276.00,-437.94
1.73646,-2348.32,-320.13
1.73656,-2416.19,-201.98
1.73666,-2479.49,-83.69
1.73676,-2538.10,34.48
1.73686,-2591.93,152.33
1.73696,-2640.86,269.62
1.73706,-2684.83,386.12
1.73716,-2723.76,501.61
1.73726,-2757.58,615.87
1.73736,-2786.25,728.69
1.73746,-2809.72,839.83
1.73756,-2827.97,949.11
1.73766,-2840.97,1056.31
1.73776,-2848.72,1161.22
1.73786,-2851.22,1263.66
1.73796,-2848.48,1363.43
1.73806,-2840.53,1460.36
1.73816,-2827.42,1554.26
1.73826,-2809.17,1644.97
1.73836,-2785.85,1732.32
1.73846,-2757.54,1816.16
1.73856,-2724.30,1896.34
1.73866,-2686.22,1972.72
1.73876,-2643.41,2045.18
1.73886,-2595.97,2113.60
1.73896,-2544.01,2177.86
1.73906,-2487.66,2237.85
1.73916,-2427.06,2293.50
1.73926,-2362.35,2344.71
1.73936,-2293.67,2391.41
1.73946,-2221.19,2433.54
1.73956,-2145.07,2471.05
1.73966,-2065.47,2503.88
1.73976,-1982.59,2532.01
1.73986,-1896.59,2555.42
1.73996,-1807.67,2574.08
1.74006,-1716.02,2588.00
1.74016,-1621.84,2597.18
1.74026,-1525.34,2601.64
1.74036,-1426.70,2601.41
1.74046,-1326.15,2596.51
1.74056,-1223.89,2587.00
1.74066,-1120.14,2572.92
1.74076,-1015.10,2554.35
1.74086,-909.00,2531.35
1.74096,-802.04,2504.01
1.74106,-694.45,2472.40
1.74116,-586.43,2436.64
1.74126,-478.20,2396.82
1.74136,-369.98,2353.06
1.74146,-261.97,2305.47
1.74156,-154.37,2254.19
1.74166,-47.40,2199.34
1.74176,58.74,2141.07
1.74186,163.87,2079.52
1.74196,267.77,2014.83
1.74206,370.27,1947.17
1.74216,471.18,1876.69
1.74226,570.32,1803.57
1.74236,667.52,1727.96
1.74246,762.61,1650.03
1.74256,855.43,1569.97
1.74266,945.83,1487.95
1.74276,1033.65,1404.14
1.74286,1118.77,1318.73
1.74296,1201.04,1231.90
1.74306,1280.34,1143.83
1.74316,1356.55,1054.71
1.74326,1429.58,964.71
1.74336,1499.30,874.02
1.74346,1565.64,782.82
1.74356,1628.51,691.29
1.74366,1687.84,599.61
1.74376,1743.55,507.95
1.74386,1795.59,416.49
1.74396,1843.91,325.39
1.74406,1888.47,234.82
1.74416,1929.24,144.96
1.74426,1966.20,55.94
1.74436,1999.33,-32.06
1.74446,2028.63,-118.90
1.74456,2054.09,-204.44
1.74466,2075.74,-288.53
1.74476,2093.58,-371.04
1.74486,2107.65,-451.85
1.74496,2117.99,-530.82
1.74506,2124.62,-607.84
1.74516,2127.61,-682.81
1.74526,2127.01,-755.61
1.74536,2122.88,-826.16
1.74546,2115.29,-894.35
1.74556,2104.32,-960.11
1.74566,2090.06,-1023.36
1.74576,2072.58,-1084.03
1.74586,2051.98,-1142.06
1.74596,2028.36,-1197.38
1.74606,2001.82,-1249.96
1.74616,1972.47,-1299.75
1.74626,1940.41,-1346.71
1.74636,1905.77,-1390.82
1.74646,1868.65,-1432.05
1.74656,1829.18,-1470.39
1.74666,1787.48,-1505.84
1.74676,1743.67,-1538.38
1.74686,1697.88,-1568.03
1.74696,1650.24,-1594.79
1.74706,1600.88,-1618.69
1.74716,1549.91,-1639.74
1.74726,1497.48,-1657.97
1.74736,1443.71,-1673.42
1.74746,1388.72,-1686.12
1.74756,1332.66,-1696.11
1.74766,1275.63,-1703.46
1.74776,1217.77,-1708.20
1.74786,1159.21,-1710.39
1.74796,1100.05,-1710.11
1.74806,1040.43,-1707.40
1.74816,980.45,-1702.33
1.74826,920.24,-1694.99
1.74836,859.89,-1685.43
1.74846,799.53,-1673.75
1.74856,739.25,-1660.01
1.74866,679.16,-1644.29
1.74876,619.34,-1626.68
1.74886,559.90,-1607.27
1.74896,500.91,-1586.13
1.74906,442.48,-1563.35
1.74916,384.66,-1539.01
1.74926,327.55,-1513.21
1.74936,271.20,-1486.02
1.74946,215.69,-1457.54
1.74956,161.08,-1427.85
1.74966,107.42,-1397.03
1.74976,54.76,-1365.16
1.74986,3.16,-1332.33
1.74996,-47.36,-1298.62
1.75006,-96.74,-1264.11
1.75016,-144.97,-1228.87
1.75026,-192.00,-1192.97
1.75036,-237.82,-1156.50
1.75046,-282.41,-1119.52
1.75056,-325.75,-1082.09
1.75066,-367.83,-1044.28
1.75076,-408.65,-1006.16
1.75086,-448.21,-967.78
1.75096,-486.50,-929.19
1.75106,-523.53,-890.46
1.75116,-559.31,-851.62
1.75126,-593.85,-812.73
1.75136,-627.16,-773.83
1.75146,-659.26,-734.95
1.75156,-690.18,-696.14
1.75166,-719.93,-657.42
1.75176,-748.54,-618.83
1.75186,-776.03,-580.39
1.75196,-802.43,-542.12
1.75206,-827.77,-504.05
1.75216,-852.08,-466.20
1.75226,-875.40,-428.57
1.75236,-897.75,-391.17
1.75246,-919.16,-354.03
1.75256,-939.68,-317.13
1.75266,-959.32,-280.50
1.75276,-978.14,-244.12
1.75286,-996.14,-207.99
1.75296,-1013.38,-172.12
1.75306,-1029.87,-136.50
1.75316,-1045.65,-101.12
1.75326,-1060.74,-65.98
1.75336,-1075.18,-31.06
1.75346,-1088.98,3.65
1.75356,-1102.18,38.15
1.75366,-1114.79,72.46
1.75376,-1126.83,106.60
1.75386,-1138.32,140.57
1.75396,-1149.27,174.38
1.75406,-1159.70,208.06
1.75416,-1169.62,241.61
1.75426,-1179.04,275.05
1.75436,-1187.95,308.39
1.75446,-1196.37,341.64
1.75456,-1204.29,374.81
1.75466,-1211.71,407.90
1.75476,-1218.62,440.94
1.75486,-1225.02,473.92
1.75496,-1230.89,506.85
1.75506,-1236.22,539.73
1.75516,-1240.99,572.56
1.75526,-1245.19,605.34
1.75536,-1248.78,638.08
1.75546,-1251.76,670.75
1.75556,-1254.08,703.36
1.75566,-1255.73,735.90
1.75576,-1256.67,768.35
1.75586,-1256.86,800.69
1.75596,-1256.28,832.91
1.75606,-1254.88,864.99
1.75616,-1252.64,896.91
1.75626,-1249.50,928.63
1.75636,-1245.43,960.12
1.75646,-1240.38,991.37
1.75656,-1234.32,1022.32
1.75666,-1227.20,1052.95
1.75676,-1218.98,1083.21
1.75686,-1209.61,1113.05
1.75696,-1199.05,1142.44
1.75706,-1187.26,1171.33
1.75716,-1174.19,1199.66
1.75726,-1159.81,1227.38
1.75736,-1144.06,1254.44
1.75746,-1126.92,1280.77
1.75756,-1108.34,1306.33
1.75766,-1088.29,1331.04
1.75776,-1066.72,1354.85
1.75786,-1043.62,1377.69
1.75796,-1018.94,1399.50
1.75806,-992.66,1420.21
1.75816,-964.76,1439.75
1.75826,-935.21,1458.05
1.75836,-903.99,1475.05
1.75846,-871.09,1490.68
1.75856,-836.49,1504.87
1.75866,-800.19,1517.55
1.75876,-762.19,1528.65
1.75886,-722.47,1538.10
1.75896,-681.06,1545.84
1.75906,-637.95,1551.80
1.75916,-593.15,1555.92
1.75926,-546.69,1558.14
1.75936,-498.59,1558.39
1.75946,-448.87,1556.61
1.75956,-397.57,1552.76
1.75966,-344.72,1546.78
1.75976,-290.36,1538.61
1.75986,-234.55,1528.21
1.75996,-177.33,1515.53
1.76006,-118.75,1500.54
1.76016,-58.89,1483.20
1.76026,2.19,1463.47
1.76036,64.43,1441.33
1.76046,127.73,1416.76
1.76056,192.03,1389.72
1.76066,257.24,1360.22
1.76076,323.26,1328.23
1.76086,390.00,1293.76
1.76096,457.36,1256.80
1.76106,525.23,1217.36
1.76116,593.52,1175.45
1.76126,662.10,1131.09
1.76136,730.87,1084.31
1.76146,799.70,1035.12
1.76156,868.47,983.57
1.76166,937.06,929.70
1.76176,1005.33,873.55
1.76186,1073.17,815.17
1.76196,1140.44,754.62
1.76206,1207.01,691.96
1.76216,1272.73,627.28
1.76226,1337.48,560.63
1.76236,1401.11,492.10
1.76246,1463.50,421.79
1.76256,1524.50,349.78
1.76266,1583.97,276.17
1.76276,1641.77,201.06
1.76286,1697.78,124.56
1.76296,1751.85,46.79
1.76306,1803.85,-32.13
1.76316,1853.64,-112.09
1.76326,1901.11,-192.95
1.76336,1946.11,-274.59
1.76346,1988.52,-356.86
1.76356,2028.23,-439.63
1.76366,2065.12,-522.76
1.76376,2099.06,-606.09
1.76386,2129.96,-689.48
1.76396,2157.70,-772.78
1.76406,2182.18,-855.83
1.76416,2203.31,-938.49
1.76426,2221.00,-1020.58
1.76436,2235.16,-1101.95
1.76446,2245.71,-1182.44
1.76456,2252.59,-1261.89
1.76466,2255.72,-1340.14
1.76476,2255.05,-1417.02
1.76486,2250.53,-1492.39
1.76496,2242.11,-1566.06
1.76506,2229.75,-1637.90
1.76516,2213.42,-1707.73
1.76526,2193.11,-1775.41
1.76536,2168.79,-1840.78
1.76546,2140.47,-1903.69
1.76556,2108.14,-1964.00
1.76566,2071.82,-2021.55
1.76576,2031.52,-2076.21
1.76586,1987.27,-2127.83
1.76596,1939.12,-2176.30
1.76606,1887.09,-2221.48
1.76616,1831.26,-2263.25
1.76626,1771.67,-2301.49
1.76636,1708.41,-2336.10
1.76646,1641.54,-2366.96
1.76656,1571.17,-2393.98
1.76666,1497.37,-2417.07
1.76676,1420.26,-2436.14
1.76686,1339.95,-2451.12
1.76696,1256.56,-2461.94
1.76706,1170.22,-2468.53
1.76716,1081.06,-2470.84
1.76726,989.23,-2468.83
1.76736,894.86,-2462.46
1.76746,798.13,-2451.70
1.76756,699.20,-2436.53
1.76766,598.22,-2416.94
1.76776,495.39,-2392.93
1.76786,390.87,-2364.50
1.76796,284.86,-2331.68
1.76806,177.53,-2294.48
1.76816,69.10,-2252.95
1.76826,-40.24,-2207.12
1.76836,-150.29,-2157.06
1.76846,-260.85,-2102.81
1.76856,-371.71,-2044.45
1.76866,-482.64,-1982.07
1.76876,-593.45,-1915.75
1.76886,-703.92,-1845.59
1.76896,-813.83,-1771.69
1.76906,-922.97,-1694.18
1.76916,-1031.13,-1613.17
1.76926,-1138.07,-1528.79
1.76936,-1243.60,-1441.19
1.76946,-1347.50,-1350.51
1.76956,-1449.56,-1256.91
1.76966,-1549.57,-1160.53
1.76976,-1647.33,-1061.56
1.76986,-1742.62,-960.17
1.76996,-1835.26,-856.53
1.77006,-1925.05,-750.83
1.77016,-2011.80,-643.27
1.77026,-2095.31,-534.03
1.77036,-2175.43,-423.33
1.77046,-2251.96,-311.35
1.77056,-2324.75,-198.32
1.77066,-2393.63,-84.44
1.77076,-2458.45,30.07
1.77086,-2519.07,145.00
1.77096,-2575.34,260.12
1.77106,-2627.14,375.22
1.77116,-2674.34,490.07
1.77126,-2716.84,604.46
1.77136,-2754.53,718.15
1.77146,-2787.31,830.93
1.77156,-2815.11,942.58
1.77166,-2837.85,1052.87
1.77176,-2855.46,1161.58
1.77186,-2867.90,1268.52
1.77196,-2875.11,1373.45
1.77206,-2877.08,1476.16
1.77216,-2873.76,1576.47
1.77226,-2865.17,1674.15
1.77236,-2851.28,1769.02
1.77246,-2832.12,1860.88
1.77256,-2807.72,1949.55
1.77266,-2778.09,2034.84
1.77276,-2743.29,2116.59
1.77286,-2703.37,2194.62
1.77296,-2658.40,2268.78
1.77306,-2608.45,2338.91
1.77316,-2553.61,2404.87
1.77326,-2493.99,2466.52
1.77336,-2429.68,2523.74
1.77346,-2360.80,2576.40
1.77356,-2287.49,2624.41
1.77366,-2209.88,2667.66
1.77376,-2128.12,2706.05
1.77386,-2042.36,2739.51
1.77396,-1952.76,2767.98
1.77406,-1859.50,2791.39
1.77416,-1762.77,2809.68
1.77426,-1662.74,2822.83
1.77436,-1559.61,2830.81
1.77446,-1453.58,2833.60
1.77456,-1344.86,2831.19
1.77466,-1233.66,2823.59
1.77476,-1120.20,2810.81
1.77486,-1004.71,2792.88
1.77496,-887.40,2769.84
1.77506,-768.52,2741.73
1.77516,-648.30,2708.61
1.77526,-526.96,2670.55
1.77536,-404.76,2627.63
1.77546,-281.93,2579.93
1.77556,-158.71,2527.56
1.77566,-35.35,2470.63
1.77576,87.91,2409.24
1.77586,210.83,2343.52
1.77596,333.17,2273.62
1.77606,454.69,2199.67
1.77616,575.15,2121.83
1.77626,694.32,2040.25
1.77636,811.96,1955.11
1.77646,927.85,1866.57
1.77656,1041.77,1774.82
1.77666,1153.49,1680.04
1.77676,1262.80,1582.42
1.77686,1369.49,1482.17
1.77696,1473.36,1379.49
1.77706,1574.22,1274.59
1.77716,1671.87,1167.67
1.77726,1766.13,1058.95
1.77736,1856.83,948.65
1.77746,1943.80,837.00
1.77756,2026.89,724.20
1.77766,2105.94,610.50
1.77776,2180.81,496.12
1.77786,2251.38,381.27
1.77796,2317.53,266.19
1.77806,2379.13,151.11
1.77816,2436.10,36.25
1.77826,2488.34,-78.18
1.77836,2535.76,-191.93
1.77846,2578.31,-304.81
1.77856,2615.92,-416.59
1.77866,2648.54,-527.05
1.77876,2676.13,-636.00
1.77886,2698.67,-743.21
1.77896,2716.14,-848.51
1.77906,2728.55,-951.68
1.77916,2735.88,-1052.55
1.77926,2738.17,-1150.93
1.77936,2735.44,-1246.64
1.77946,2727.72,-1339.51
1.77956,2715.06,-1429.39
1.77966,2697.53,-1516.12
1.77976,2675.20,-1599.54
1.77986,2648.13,-1679.53
1.77996,2616.42,-1755.95
1.78006,2580.17,-1828.68
1.78016,2539.49,-1897.61
1.78026,2494.48,-1962.63
1.78036,2445.27,-2023.65
1.78046,2391.99,-2080.59
1.78056,2334.78,-2133.36
1.78066,2273.79,-2181.90
1.78076,2209.18,-2226.15
1.78086,2141.08,-2266.07
1.78096,2069.69,-2301.63
1.78106,1995.15,-2332.78
1.78116,1917.66,-2359.51
1.78126,1837.39,-2381.82
1.78136,1754.52,-2399.70
1.78146,1669.25,-2413.17
1.78156,1581.75,-2422.24
1.78166,1492.24,-2426.94
1.78176,1400.90,-2427.31
1.78186,1307.93,-2423.39
1.78196,1213.53,-2415.24
1.78206,1117.89,-2402.93
1.78216,1021.23,-2386.52
1.78226,923.74,-2366.09
1.78236,825.62,-2341.73
1.78246,727.07,-2313.53
1.78256,628.28,-2281.60
1.78266,529.45,-2246.03
1.78276,430.76,-2206.95
1.78286,332.42,-2164.47
1.78296,234.61,-2118.72
1.78306,137.50,-2069.82
1.78316,41.28,-2017.93
1.78326,-53.88,-1963.16
1.78336,-147.80,-1905.67
1.78346,-240.34,-1845.61
1.78356,-331.32,-1783.12
1.78366,-420.60,-1718.37
1.78376,-508.02,-1651.50
1.78386,-593.46,-1582.68
1.78396,-676.76,-1512.06
1.78406,-757.82,-1439.80
1.78416,-836.50,-1366.08
1.78426,-912.69,-1291.04
1.78436,-986.30,-1214.86
1.78446,-1057.21,-1137.70
1.78456,-1125.35,-1059.71
1.78466,-1190.62,-981.06
1.78476,-1252.96,-901.91
1.78486,-1312.30,-822.41
1.78496,-1368.57,-742.72
1.78506,-1421.73,-662.98
1.78516,-1471.74,-583.36
1.78526,-1518.56,-503.99
1.78536,-1562.16,-425.01
1.78546,-1602.52,-346.57
1.78556,-1639.64,-268.80
1.78566,-1673.50,-191.82
1.78576,-1704.11,-115.76
1.78586,-1731.48,-40.75
1.78596,-1755.63,33.11
1.78606,-1776.59,105.70
1.78616,-1794.38,176.92
1.78626,-1809.04,246.68
1.78636,-1820.61,314.87
1.78646,-1829.14,381.42
1.78656,-1834.70,446.23
1.78666,-1837.33,509.25
1.78676,-1837.11,570.39
1.78686,-1834.10,629.60
1.78696,-1828.38,686.82
1.78706,-1820.03,741.99
1.78716,-1809.13,795.08
1.78726,-1795.76,846.04
1.78736,-1780.02,894.85
1.78746,-1762.00,941.47
1.78756,-1741.78,985.89
1.78766,-1719.47,1028.09
1.78776,-1695.17,1068.05
1.78786,-1668.97,1105.78
1.78796,-1640.97,1141.28
1.78806,-1611.28,1174.55
1.78816,-1580.00,1205.60
1.78826,-1547.23,1234.45
1.78836,-1513.07,1261.12
1.78846,-1477.62,1285.63
1.78856,-1440.98,1308.01
1.78866,-1403.26,1328.30
1.78876,-1364.54,1346.52
1.78886,-1324.93,1362.72
1.78896,-1284.53,1376.94
1.78906,-1243.41,1389.23
1.78916,-1201.68,1399.63
1.78926,-1159.42,1408.19
1.78936,-1116.72,1414.96
1.78946,-1073.66,1420.01
1.78956,-1030.31,1423.38
1.78966,-986.75,1425.13
1.78976,-943.06,1425.32
1.78986,-899.30,1424.01
1.78996,-855.54,1421.26
1.79006,-811.84,1417.12
1.79016,-768.26,1411.66
1.79026,-724.85,1404.94
1.79036,-681.65,1397.01
1.79046,-638.72,1387.93
1.79056,-596.10,1377.77
1.79066,-553.83,1366.57
1.79076,-511.93,1354.40
1.79086,-470.44,1341.30
1.79096,-429.38,1327.33
1.79106,-388.78,1312.53
1.79116,-348.66,1296.97
1.79126,-309.02,1280.67
1.79136,-269.88,1263.69
1.79146,-231.26,1246.07
1.79156,-193.14,1227.84
1.79166,-155.54,1209.05
1.79176,-118.45,1189.72
1.79186,-81.86,1169.89
1.79196,-45.78,1149.58
1.79206,-10.19,1128.82
1.79216,24.92,1107.63
1.79226,59.57,1086.04
1.79236,93.77,1064.05
1.79246,127.54,1041.68
1.79256,160.89,1018.95
1.79266,193.85,995.86
1.79276,226.44,972.42
1.79286,258.67,948.63
1.79296,290.58,924.49
1.79306,322.18,900.00
1.79316,353.49,875.15
1.79326,384.55,849.95
1.79336,415.36,824.38
1.79346,445.95,798.43
1.79356,476.34,772.10
1.79366,506.55,745.36
1.79376,536.60,718.21
1.79386,566.50,690.62
1.79396,596.27,662.59
1.79406,625.92,634.09
1.79416,655.47,605.10
1.79426,684.91,575.62
1.79436,714.26,545.61
1.79446,743.51,515.07
1.79456,772.68,483.96
1.79466,801.76,452.28
1.79476,830.74,420.01
1.79486,859.62,387.13
1.79496,888.39,353.62
1.79506,917.03,319.47
1.79516,945.53,284.66
1.79526,973.86,249.19
1.79536,1002.01,213.05
1.79546,1029.94,176.22
1.79556,1057.63,138.71
1.79566,1085.05,100.50
1.79576,1112.15,61.60
1.79586,1138.91,22.01
1.79596,1165.27,-18.26
1.79606,1191.20,-59.22
1.79616,1216.64,-100.84
1.79626,1241.55,-143.11
1.79636,1265.87,-186.03
1.79646,1289.55,-229.55
1.79656,1312.52,-273.68
1.79666,1334.74,-318.36
1.79676,1356.13,-363.58
1.79686,1376.63,-409.30
1.79696,1396.17,-455.48
1.79706,1414.70,-502.08
1.79716,1432.13,-549.05
1.79726,1448.41,-596.35
1.79736,1463.46,-643.91
1.79746,1477.20,-691.70
1.79756,1489.58,-739.63
1.79766,1500.51,-787.66
1.79776,1509.93,-835.72
1.79786,1517.77,-883.72
1.79796,1523.95,-931.61
1.79806,1528.41,-979.30
1.79816,1531.08,-1026.72
1.79826,1531.90,-1073.79
1.79836,1530.79,-1120.41
1.79846,1527.71,-1166.50
1.79856,1522.58,-1211.97
1.79866,1515.35,-1256.74
1.79876,1505.97,-1300.70
1.79886,1494.38,-1343.77
1.79896,1480.54,-1385.84
1.79906,1464.40,-1426.83
1.79916,1445.93,-1466.62
1.79926,1425.08,-1505.13
1.79936,1401.83,-1542.25
1.79946,1376.14,-1577.89
1.79956,1348.00,-1611.94
1.79966,1317.38,-1644.31
1.79976,1284.27,-1674.89
1.79986,1248.68,-1703.60
1.79996,1210.58,-1730.32
1.80006,1170.00,-1754.98
1.80016,1126.93,-1777.48
1.80026,1081.39,-1797.73
1.80036,1033.41,-1815.63
1.80046,983.01,-1831.11
1.80056,930.22,-1844.08
1.80066,875.09,-1854.47
1.80076,817.65,-1862.19
1.80086,757.97,-1867.18
1.80096,696.10,-1869.37
1.80106,632.11,-1868.69
1.80116,566.06,-1865.10
1.80126,498.04,-1858.53
1.80136,428.12,-1848.94
1.80146,356.40,-1836.28
1.80156,282.97,-1820.52
1.80166,207.94,-1801.63
1.80176,131.41,-1779.57
1.80186,53.48,-1754.34
1.80196,-25.71,-1725.92
1.80206,-106.04,-1694.31
1.80216,-187.40,-1659.49
1.80226,-269.64,-1621.49
1.80236,-352.63,-1580.31
1.80246,-436.22,-1535.99
1.80256,-520.28,-1488.53
1.80266,-604.65,-1437.99
1.80276,-689.17,-1384.40
1.80286,-773.70,-1327.81
1.80296,-858.08,-1268.29
1.80306,-942.13,-1205.89
1.80316,-1025.71,-1140.68
1.80326,-1108.65,-1072.75
1.80336,-1190.77,-1002.18
1.80346,-1271.91,-929.06
1.80356,-1351.91,-853.49
1.80366,-1430.60,-775.57
1.80376,-1507.80,-695.42
1.80386,-1583.36,-613.16
1.80396,-1657.10,-528.92
1.80406,-1728.86,-442.81
1.80416,-1798.48,-354.98
1.80426,-1865.79,-265.57
1.80436,-1930.64,-174.73
1.80446,-1992.87,-82.61
1.80456,-2052.33,10.63
1.80466,-2108.87,104.84
1.80476,-2162.34,199.84
1.80486,-2212.61,295.48
1.80496,-2259.54,391.56
1.80506,-2303.01,487.93
1.80516,-2342.87,584.40
1.80526,-2379.03,680.78
1.80536,-2411.36,776.91
1.80546,-2439.77,872.58
1.80556,-2464.15,967.63
1.80566,-2484.40,1061.85
1.80576,-2500.46,1155.06
1.80586,-2512.23,1247.07
1.80596,-2519.66,1337.71
1.80606,-2522.69,1426.77
1.80616,-2521.25,1514.08
1.80626,-2515.32,1599.45
1.80636,-2504.85,1682.70
1.80646,-2489.83,1763.66
1.80656,-2470.24,1842.14
1.80666,-2446.06,1917.97
1.80676,-2417.32,1990.99
1.80686,-2384.01,2061.02
1.80696,-2346.16,2127.91
1.80706,-2303.81,2191.51
1.80716,-2257.00,2251.66
1.80726,-2205.78,2308.22
1.80736,-2150.21,2361.04
1.80746,-2090.37,2410.01
1.80756,-2026.33,2454.99
1.80766,-1958.19,2495.87
1.80776,-1886.04,2532.54
1.80786,-1810.00,2564.89
1.80796,-1730.19,2592.83
1.80806,-1646.72,2616.28
1.80816,-1559.75,2635.16
1.80826,-1469.40,2649.39
1.80836,-1375.84,2658.93
1.80846,-1279.23,2663.72
1.80856,-1179.72,2663.73
1.80866,-1077.51,2658.91
1.80876,-972.76,2649.26
1.80886,-865.68,2634.76
1.80896,-756.44,2615.41
1.80906,-645.26,2591.22
1.80916,-532.34,2562.22
1.80926,-417.89,2528.42
1.80936,-302.13,2489.87
1.80946,-185.27,2446.62
1.80956,-67.54,2398.73
1.80966,50.84,2346.27
1.80976,169.64,2289.32
1.80986,288.63,2227.97
1.80996,407.57,2162.32
1.81006,526.24,2092.47
1.81016,644.40,2018.55
1.81026,761.81,1940.68
1.81036,878.25,1859.00
1.81046,993.48,1773.65
1.81056,1107.27,1684.77
1.81066,1219.39,1592.54
1.81076,1329.62,1497.12
1.81086,1437.73,1398.69
1.81096,1543.51,1297.41
1.81106,1646.74,1193.50
1.81116,1747.20,1087.13
1.81126,1844.69,978.50
1.81136,1939.02,867.84
1.81146,2029.99,755.33
1.81156,2117.40,641.20
1.81166,2201.09,525.67
1.81176,2280.87,408.96
1.81186,2356.57,291.29
1.81196,2428.05,172.90
1.81206,2495.15,54.01
1.81216,2557.74,-65.15
1.81226,2615.67,-184.34
1.81236,2668.82,-303.34
1.81246,2717.10,-421.90
1.81256,2760.38,-539.79
1.81266,2798.58,-656.79
1.81276,2831.63,-772.65
1.81286,2859.44,-887.17
1.81296,2881.96,-1000.10
1.81306,2899.14,-1111.22
1.81316,2910.94,-1220.32
1.81326,2917.34,-1327.18
1.81336,2918.31,-1431.60
1.81346,2913.87,-1533.35
1.81356,2904.01,-1632.26
1.81366,2888.76,-1728.11
1.81376,2868.15,-1820.72
1.81386,2842.21,-1909.92
1.81396,2811.01,-1995.53
1.81406,2774.61,-2077.38
1.81416,2733.08,-2155.31
1.81426,2686.51,-2229.18
1.81436,2635.00,-2298.84
1.81446,2578.66,-2364.16
1.81456,2517.60,-2425.03
1.81466,2451.96,-2481.32
1.81476,2381.87,-2532.93
1.81486,2307.47,-2579.78
1.81496,2228.93,-2621.77
1.81506,2146.41,-2658.84
1.81516,2060.08,-2690.93
1.81526,1970.12,-2717.98
1.81536,1876.71,-2739.95
1.81546,1780.06,-2756.82
1.81556,1680.37,-2768.56
1.81566,1577.83,-2775.17
1.81576,1472.67,-2776.65
1.81586,1365.09,-2773.01
1.81596,1255.33,-2764.29
1.81606,1143.60,-2750.51
1.81616,1030.14,-2731.72
1.81626,915.17,-2707.97
1.81636,798.94,-2679.34
1.81646,681.67,-2645.91
1.81656,563.61,-2607.74
1.81666,444.99,-2564.96
1.81676,326.04,-2517.64
1.81686,207.01,-2465.93
1.81696,88.14,-2409.92
1.81706,-30.35,-2349.77
1.81716,-148.21,-2285.60
1.81726,-265.23,-2217.56
1.81736,-381.17,-2145.82
1.81746,-495.80,-2070.52
1.81756,-608.91,-1991.84
1.81766,-720.29,-1909.96
1.81776,-829.72,-1825.05
1.81786,-936.99,-1737.30
1.81796,-1041.91,-1646.90
1.81806,-1144.29,-1554.05
1.81816,-1243.94,-1458.94
1.81826,-1340.68,-1361.77
1.81836,-1434.33,-1262.76
1.81846,-1524.74,-1162.11
1.81856,-1611.75,-1060.02
1.81866,-1695.22,-956.72
1.81876,-1775.00,-852.41
1.81886,-1850.96,-747.30
1.81896,-1922.99,-641.61
1.81906,-1990.97,-535.55
1.81916,-2054.81,-429.33
1.81926,-2114.41,-323.17
1.81936,-2169.70,-217.26
1.81946,-2220.59,-111.82
1.81956,-2267.04,-7.04
1.81966,-2308.98,96.87
1.81976,-2346.39,199.72
1.81986,-2379.22,301.32
1.81996,-2407.47,401.49
1.82006,-2431.12,500.03
1.82016,-2450.17,596.78
1.82026,-2464.64,691.57
1.82036,-2474.54,784.22
1.82046,-2479.90,874.60
1.82056,-2480.77,962.53
1.82066,-2477.19,1047.89
1.82076,-2469.23,1130.54
1.82086,-2456.94,1210.34
1.82096,-2440.42,1287.18
1.82106,-2419.73,1360.94
1.82116,-2394.98,1431.52
1.82126,-2366.26,1498.83
1.82136,-2333.68,1562.77
1.82146,-2297.36,1623.27
1.82156,-2257.42,1680.26
1.82166,-2213.98,1733.67
1.82176,-2167.18,1783.46
1.82186,-2117.15,1829.57
1.82196,-2064.05,1871.97
1.82206,-2008.01,1910.64
1.82216,-1949.20,1945.56
1.82226,-1887.76,1976.70
1.82236,-1823.86,2004.09
1.82246,-1757.65,2027.71
1.82256,-1689.31,2047.59
1.82266,-1619.00,2063.74
1.82276,-1546.89,2076.20
1.82286,-1473.14,2085.01
1.82296,-1397.93,2090.20
1.82306,-1321.42,2091.84
1.82316,-1243.79,2089.97
1.82326,-1165.20,2084.67
1.82336,-1085.83,2076.01
1.82346,-1005.83,2064.06
1.82356,-925.37,2048.90
1.82366,-844.61,2030.63
1.82376,-763.72,2009.34
1.82386,-682.85,1985.12
1.82396,-602.15,1958.08
1.82406,-521.77,1928.33
1.82416,-441.86,1895.97
1.82426,-362.56,1861.12
1.82436,-284.00,1823.90
1.82446,-206.32,1784.42
1.82456,-129.64,1742.80
1.82466,-54.08,1699.18
1.82476,20.23,1653.66
1.82486,93.19,1606.38
1.82496,164.71,1557.47
1.82506,234.66,1507.04
1.82516,302.98,1455.24
1.82526,369.56,1402.17
1.82536,434.34,1347.98
1.82546,497.23,1292.78
1.82556,558.18,1236.69
1.82566,617.11,1179.85
1.82576,673.99,1122.36
1.82586,728.76,1064.35
1.82596,781.37,1005.93
1.82606,831.81,947.21
1.82616,880.03,888.30
1.82626,926.03,829.32
1.82636,969.77,770.35
1.82646,1011.26,711.50
1.82656,1050.49,652.87
1.82666,1087.46,594.54
1.82676,1122.19,536.61
1.82686,1154.67,479.14
1.82696,1184.94,422.23
1.82706,1213.01,365.95
1.82716,1238.91,310.36
1.82726,1262.67,255.53
1.82736,1284.33,201.52
1.82746,1303.93,148.38
1.82756,1321.51,96.16
1.82766,1337.12,44.92
1.82776,1350.81,-5.32
1.82786,1362.63,-54.51
1.82796,1372.63,-102.63
1.82806,1380.88,-149.64
1.82816,1387.43,-195.52
1.82826,1392.33,-240.26
1.82836,1395.66,-283.83
1.82846,1397.47,-326.24
1.82856,1397.83,-367.47
1.82866,1396.80,-407.52
1.82876,1394.45,-446.40
1.82886,1390.83,-484.09
1.82896,1386.01,-520.63
1.82906,1380.06,-556.00
1.82916,1373.02,-590.23
1.82926,1364.97,-623.34
1.82936,1355.97,-655.33
1.82946,1346.06,-686.24
1.82956,1335.30,-716.07
1.82966,1323.75,-744.87
1.82976,1311.46,-772.64
1.82986,1298.48,-799.43
1.82996,1284.85,-825.25
1.83006,1270.61,-850.13
1.83016,1255.81,-874.11
1.83026,1240.48,-897.21
1.83036,1224.66,-919.46
1.83046,1208.38,-940.89
1.83056,1191.67,-961.53
1.83066,1174.55,-981.41
1.83076,1157.05,-1000.55
1.83086,1139.18,-1018.98
1.83096,1120.97,-1036.73
1.83106,1102.41,-1053.82
1.83116,1083.52,-1070.27
1.83126,1064.31,-1086.11
1.83136,1044.78,-1101.34
1.83146,1024.93,-1116.00
1.83156,1004.76,-1130.09
1.83166,984.25,-1143.62
1.83176,963.41,-1156.61
1.83186,942.22,-1169.06
1.83196,920.67,-1180.98
1.83206,898.73,-1192.37
1.83216,876.40,-1203.23
1.83226,853.65,-1213.57
1.83236,830.47,-1223.36
1.83246,806.82,-1232.60
1.83256,782.68,-1241.29
1.83266,758.03,-1249.41
1.83276,732.84,-1256.94
1.83286,707.08,-1263.87
1.83296,680.72,-1270.16
1.83306,653.75,-1275.81
1.83316,626.12,-1280.77
1.83326,597.80,-1285.03
1.83336,568.78,-1288.55
1.83346,539.03,-1291.29
1.83356,508.51,-1293.23
1.83366,477.21,-1294.33
1.83376,445.10,-1294.54
1.83386,412.15,-1293.82
1.83396,378.36,-1292.15
1.83406,343.69,-1289.46
1.83416,308.14,-1285.72
1.83426,271.69,-1280.89
1.83436,234.33,-1274.92
1.83446,196.06,-1267.77
1.83456,156.86,-1259.38
1.83466,116.75,-1249.72
1.83476,75.71,-1238.74
1.83486,33.75,-1226.40
1.83496,-9.10,-1212.65
1.83506,-52.85,-1197.45
1.83516,-97.47,-1180.77
1.83526,-142.95,-1162.55
1.83536,-189.25,-1142.77
1.83546,-236.35,-1121.39
1.83556,-284.22,-1098.38
1.83566,-332.81,-1073.71
1.83576,-382.08,-1047.34
1.83586,-431.99,-1019.26
1.83596,-482.48,-989.44
1.83606,-533.50,-957.87
1.83616,-584.99,-924.52
1.83626,-636.89,-889.40
1.83636,-689.12,-852.49
1.83646,-741.61,-813.79
1.83656,-794.29,-773.30
1.83666,-847.08,-731.02
1.83676,-899.89,-686.98
1.83686,-952.64,-641.18
1.83696,-1005.23,-593.64
1.83706,-1057.58,-544.39
1.83716,-1109.57,-493.46
1.83726,-1161.12,-440.88
1.83736,-1212.13,-386.69
1.83746,-1262.47,-330.95
1.83756,-1312.06,-273.69
1.83766,-1360.78,-214.97
1.83776,-1408.51,-154.87
1.83786,-1455.16,-93.43
1.83796,-1500.60,-30.74
1.83806,-1544.72,33.14
1.83816,-1587.42,98.12
1.83826,-1628.56,164.11
1.83836,-1668.05,231.03
1.83846,-1705.76,298.78
1.83856,-1741.59,367.25
1.83866,-1775.42,436.36
1.83876,-1807.15,505.98
1.83886,-1836.66,576.01
1.83896,-1863.85,646.33
1.83906,-1888.62,716.81
1.83916,-1910.87,787.35
1.83926,-1930.50,857.81
1.83936,-1947.41,928.06
1.83946,-1961.53,997.98
1.83956,-1972.75,1067.42
1.83966,-1981.00,1136.26
1.83976,-1986.20,1204.36
1.83986,-1988.29,1271.57
1.83996,-1987.18,1337.76
1.84006,-1982.84,1402.78
1.84016,-1975.19,1466.50
1.84026,-1964.19,1528.78
1.84036,-1949.79,1589.47
1.84046,-1931.97,1648.44
1.84056,-1910.68,1705.53
1.84066,-1885.92,1760.63
1.84076,-1857.66,1813.58
1.84086,-1825.89,1864.25
1.84096,-1790.61,1912.52
1.84106,-1751.84,1958.25
1.84116,-1709.58,2001.32
1.84126,-1663.86,2041.60
1.84136,-1614.71,2078.97
1.84146,-1562.16,2113.32
1.84156,-1506.27,2144.54
1.84166,-1447.08,2172.51
1.84176,-1384.66,2197.15
1.84186,-1319.08,2218.35
1.84196,-1250.41,2236.02
1.84206,-1178.75,2250.09
1.84216,-1104.18,2260.47
1.84226,-1026.81,2267.09
1.84236,-946.74,2269.89
1.84246,-864.10,2268.81
1.84256,-779.01,2263.80
1.84266,-691.59,2254.83
1.84276,-601.98,2241.85
1.84286,-510.33,2224.84
1.84296,-416.79,2203.79
1.84306,-321.52,2178.68
1.84316,-224.67,2149.51
1.84326,-126.42,2116.29
1.84336,-26.93,2079.03
1.84346,73.61,2037.77
1.84356,175.03,1992.53
1.84366,277.13,1943.36
1.84376,379.73,1890.30
1.84386,482.63,1833.43
1.84396,585.64,1772.79
1.84406,688.56,1708.49
1.84416,791.19,1640.58
1.84426,893.33,1569.19
1.84436,994.77,1494.39
1.84446,1095.31,1416.32
1.84456,1194.74,1335.07
1.84466,1292.87,1250.79
1.84476,1389.49,1163.60
1.84486,1484.39,1073.65
1.84496,1577.38,981.08
1.84506,1668.26,886.05
1.84516,1756.83,788.72
1.84526,1842.89,689.26
1.84536,1926.27,587.85
1.84546,2006.77,484.66
1.84556,2084.22,379.87
1.84566,2158.43,273.69
1.84576,2229.25,166.30
1.84586,2296.49,57.90
1.84596,2360.00,-51.31
1.84606,2419.64,-161.12
1.84616,2475.25,-271.32
1.84626,2526.70,-381.70
1.84636,2573.86,-492.05
1.84646,2616.59,-602.16
1.84656,2654.80,-711.80
1.84666,2688.37,-820.77
1.84676,2717.21,-928.84
1.84686,2741.23,-1035.80
1.84696,2760.35,-1141.44
1.84706,2774.51,-1245.54
1.84716,2783.65,-1347.89
1.84726,2787.71,-1448.27
1.84736,2786.66,-1546.49
1.84746,2780.48,-1642.34
1.84756,2769.15,-1735.62
1.84766,2752.67,-1826.13
1.84776,2731.03,-1913.68
1.84786,2704.26,-1998.09
1.84796,2672.38,-2079.17
1.84806,2635.44,-2156.75
1.84816,2593.48,-2230.67
1.84826,2546.56,-2300.76
1.84836,2494.76,-2366.87
1.84846,2438.15,-2428.85
1.84856,2376.82,-2486.56
1.84866,2310.89,-2539.88
1.84876,2240.47,-2588.68
1.84886,2165.67,-2632.86
1.84896,2086.63,-2672.31
1.84906,2003.50,-2706.93
1.84916,1916.42,-2736.65
1.84926,1825.55,-2761.39
1.84936,1731.07,-2781.09
1.84946,1633.16,-2795.70
1.84956,1531.99,-2805.18
1.84966,1427.76,-2809.49
1.84976,1320.68,-2808.61
1.84986,1210.94,-2802.54
1.84996,1098.76,-2791.28
1.85006,984.36,-2774.84
1.85016,867.96,-2753.25
1.85026,749.79,-2726.53
1.85036,630.08,-2694.74
1.85046,509.08,-2657.94
1.85056,387.00,-2616.18
1.85066,264.11,-2569.55
1.85076,140.64,-2518.13
1.85086,16.84,-2462.03
1.85096,-107.05,-2401.35
1.85106,-230.78,-2336.21
1.85116,-354.10,-2266.73
1.85126,-476.77,-2193.06
1.85136,-598.54,-2115.33
1.85146,-719.17,-2033.71
1.85156,-838.42,-1948.35
1.85166,-956.06,-1859.42
1.85176,-1071.84,-1767.10
1.85186,-1185.55,-1671.59
1.85196,-1296.95,-1573.05
1.85206,-1405.82,-1471.71
1.85216,-1511.95,-1367.75
1.85226,-1615.13,-1261.39
1.85236,-1715.16,-1152.83
1.85246,-1811.84,-1042.31
1.85256,-1904.98,-930.04
1.85266,-1994.41,-816.24
1.85276,-2079.95,-701.15
1.85286,-2161.43,-585.00
1.85296,-2238.71,-468.01
1.85306,-2311.64,-350.42
1.85316,-2380.08,-232.47
1.85326,-2443.90,-114.39
1.85336,-2503.00,3.58
1.85346,-2557.26,121.21
1.85356,-2606.59,238.27
1.85366,-2650.91,354.52
1.85376,-2690.14,469.75
1.85386,-2724.23,583.71
1.85396,-2753.12,696.20
1.85406,-2776.77,806.99
1.85416,-2795.17,915.86
1.85426,-2808.28,1022.62
1.85436,-2816.11,1127.06
1.85446,-2818.67,1228.98
1.85456,-2815.97,1328.18
1.85466,-2808.04,1424.49
1.85476,-2794.93,1517.73
1.85486,-2776.69,1607.73
1.85496,-2753.37,1694.32
1.85506,-2725.06,1777.36
1.85516,-2691.84,1856.70
1.85526,-2653.81,1932.20
1.85536,-2611.06,2003.73
1.85546,-2563.71,2071.18
1.85556,-2511.89,2134.45
1.85566,-2455.73,2193.42
1.85576,-2395.37,2248.02
1.85586,-2330.95,2298.16
1.85596,-2262.64,2343.79
1.85606,-2190.60,2384.83
1.85616,-2115.00,2421.24
1.85626,-2036.02,2452.99
1.85636,-1953.85,2480.05
1.85646,-1868.66,2502.40
1.85656,-1780.66,2520.04
1.85666,-1690.05,2532.97
1.85676,-1597.02,2541.20
1.85686,-1501.78,2544.76
1.85696,-1404.55,2543.69
1.85706,-1305.53,2538.03
1.85716,-1204.94,2527.82
1.85726,-1102.99,2513.14
1.85736,-999.90,2494.05
1.85746,-895.89,2470.64
1.85756,-791.16,2442.99
1.85766,-685.94,2411.21
1.85776,-580.44,2375.39
1.85786,-474.87,2335.65
1.85796,-369.45,2292.11
1.85806,-264.37,2244.90
1.85816,-159.86,2194.14
1.85826,-56.09,2139.99
1.85836,46.72,2082.58
1.85846,148.39,2022.06
1.85856,248.72,1958.60
1.85866,347.54,1892.34
1.85876,444.66,1823.46
1.85886,539.92,1752.12
1.85896,633.16,1678.50
1.85906,724.21,1602.76
1.85916,812.92,1525.08
1.85926,899.16,1445.64
1.85936,982.78,1364.62
1.85946,1063.66,1282.20
1.85956,1141.67,1198.55
1.85966,1216.71,1113.87
1.85976,1288.67,1028.32
1.85986,1357.46,942.09
1.85996,1422.99,855.35
1.86006,1485.18,768.28
1.86016,1543.96,681.05
1.86026,1599.28,593.83
1.86036,1651.08,506.79
1.86046,1699.32,420.10
1.86056,1743.96,333.92
1.86066,1784.99,248.39
1.86076,1822.38,163.68
1.86086,1856.13,79.93
1.86096,1886.24,-2.72
1.86106,1912.71,-84.14
1.86116,1935.57,-164.18
1.86126,1954.84,-242.72
1.86136,1970.56,-319.66
1.86146,1982.76,-394.86
1.86156,1991.48,-468.23
1.86166,1996.80,-539.67
1.86176,1998.76,-609.07
1.86186,1997.43,-676.37
1.86196,1992.89,-741.47
1.86206,1985.22,-804.30
1.86216,1974.50,-864.80
1.86226,1960.82,-922.90
1.86236,1944.27,-978.57
1.86246,1924.95,-1031.74
1.86256,1902.97,-1082.39
1.86266,1878.43,-1130.47
1.86276,1851.44,-1175.98
1.86286,1822.10,-1218.88
1.86296,1790.55,-1259.17
1.86306,1756.88,-1296.84
1.86316,1721.21,-1331.89
1.86326,1683.68,-1364.33
1.86336,1644.39,-1394.17
1.86346,1603.46,-1421.43
1.86356,1561.02,-1446.13
1.86366,1517.19,-1468.31
1.86376,1472.08,-1487.99
1.86386,1425.81,-1505.22
1.86396,1378.50,-1520.04
1.86406,1330.27,-1532.49
1.86416,1281.23,-1542.63
1.86426,1231.48,-1550.51
1.86436,1181.15,-1556.19
1.86446,1130.33,-1559.73
1.86456,1079.14,-1561.19
1.86466,1027.66,-1560.65
1.86476,976.00,-1558.16
1.86486,924.24,-1553.81
1.86496,872.49,-1547.66
1.86506,820.82,-1539.78
1.86516,769.31,-1530.25
1.86526,718.05,-1519.15
1.86536,667.10,-1506.54
1.86546,616.53,-1492.51
1.86556,566.41,-1477.13
1.86566,516.79,-1460.48
1.86576,467.74,-1442.62
1.86586,419.29,-1423.63
1.86596,371.50,-1403.59
1.86606,324.39,-1382.57
1.86616,278.02,-1360.62
1.86626,232.41,-1337.82
1.86636,187.58,-1314.24
1.86646,143.57,-1289.93
1.86656,100.37,-1264.96
1.86666,58.02,-1239.38
1.86676,16.52,-1213.25
1.86686,-24.14,-1186.62
1.86696,-63.94,-1159.53
1.86706,-102.88,-1132.04
1.86716,-140.98,-1104.18
1.86726,-178.24,-1075.99
1.86736,-214.68,-1047.52
1.86746,-250.30,-1018.78
1.86756,-285.13,-989.82
1.86766,-319.19,-960.65
1.86776,-352.50,-931.30
1.86786,-385.07,-901.79
1.86796,-416.95,-872.13
1.86806,-448.15,-842.34
1.86816,-478.70,-812.43
1.86826,-508.63,-782.39
1.86836,-537.97,-752.24
1.86846,-566.75,-721.98
1.86856,-595.00,-691.60
1.86866,-622.75,-661.10
1.86876,-650.02,-630.48
1.86886,-676.85,-599.72
1.86896,-703.26,-568.81
1.86906,-729.29,-537.75
1.86916,-754.94,-506.51
1.86926,-780.26,-475.09
1.86936,-805.25,-443.46
1.86946,-829.95,-411.61
1.86956,-854.35,-379.51
1.86966,-878.49,-347.16
1.86976,-902.38,-314.52
1.86986,-926.01,-281.59
1.86996,-949.41,-248.34
1.87006,-972.57,-214.74
1.87016,-995.50,-180.79
1.87026,-1018.19,-146.47
1.87036,-1040.64,-111.75
1.87046,-1062.83,-76.62
1.87056,-1084.77,-41.07
1.87066,-1106.42,-5.09
1.87076,-1127.78,31.34
1.87086,-1148.82,68.22
1.87096,-1169.52,105.57
1.87106,-1189.85,143.38
1.87116,-1209.77,181.66
1.87126,-1229.25,220.40
1.87136,-1248.25,259.61
1.87146,-1266.73,299.27
1.87156,-1284.65,339.38
1.87166,-1301.95,379.92
1.87176,-1318.60,420.87
1.87186,-1334.53,462.22
1.87196,-1349.69,503.94
1.87206,-1364.03,546.01
1.87216,-1377.49,588.38
1.87226,-1390.00,631.03
1.87236,-1401.50,673.93
1.87246,-1411.93,717.02
1.87256,-1421.23,760.26
1.87266,-1429.33,803.60
1.87276,-1436.16,846.99
1.87286,-1441.65,890.37
1.87296,-1445.75,933.69
1.87306,-1448.38,976.87
1.87316,-1449.48,1019.86
1.87326,-1448.98,1062.58
1.87336,-1446.82,1104.95
1.87346,-1442.93,1146.91
1.87356,-1437.26,1188.37
1.87366,-1429.74,1229.25
1.87376,-1420.31,1269.47
1.87386,-1408.93,1308.94
1.87396,-1395.54,1347.58
1.87406,-1380.08,1385.29
1.87416,-1362.52,1421.99
1.87426,-1342.80,1457.58
1.87436,-1320.90,1491.96
1.87446,-1296.78,1525.05
1.87456,-1270.40,1556.75
1.87466,-1241.73,1586.96
1.87476,-1210.77,1615.59
1.87486,-1177.48,1642.54
1.87496,-1141.86,1667.72
1.87506,-1103.90,1691.04
1.87516,-1063.61,1712.40
1.87526,-1020.97,1731.72
1.87536,-976.02,1748.89
1.87546,-928.75,1763.85
1.87556,-879.20,1776.50
1.87566,-827.39,1786.77
1.87576,-773.35,1794.57
1.87586,-717.13,1799.82
1.87596,-658.78,1802.47
1.87606,-598.34,1802.43
1.87616,-535.87,1799.65
1.87626,-471.45,1794.07
1.87636,-405.15,1785.63
1.87646,-337.03,1774.28
1.87656,-267.19,1759.99
1.87666,-195.72,1742.70
1.87676,-122.72,1722.39
1.87686,-48.28,1699.03
1.87696,27.48,1672.60
1.87706,104.46,1643.09
1.87716,182.53,1610.48
1.87726,261.56,1574.78
1.87736,341.44,1535.99
1.87746,422.02,1494.13
1.87756,503.16,1449.20
1.87766,584.73,1401.24
1.87776,666.58,1350.29
1.87786,748.56,1296.37
1.87796,830.50,1239.55
1.87806,912.27,1179.87
1.87816,993.70,1117.40
1.87826,1074.62,1052.21
1.87836,1154.87,984.37
1.87846,1234.30,913.97
1.87856,1312.73,841.09
1.87866,1390.00,765.84
1.87876,1465.93,688.33
1.87886,1540.37,608.65
1.87896,1613.15,526.93
1.87906,1684.10,443.30
1.87916,1753.05,357.88
1.87926,1819.85,270.81
1.87936,1884.33,182.22
1.87946,1946.33,92.28
1.87956,2005.71,1.13
1.87966,2062.30,-91.08
1.87976,2115.96,-184.19
1.87986,2166.55,-278.01
1.87996,2213.92,-372.40
1.88006,2257.94,-467.17
1.88016,2298.49,-562.15
1.88026,2335.43,-657.16
1.88036,2368.65,-752.01
1.88046,2398.05,-846.53
1.88056,2423.50,-940.53
1.88066,2444.92,-1033.82
1.88076,2462.22,-1126.21
1.88086,2475.31,-1217.52
1.88096,2484.12,-1307.56
1.88106,2488.59,-1396.13
1.88116,2488.64,-1483.06
1.88126,2484.25,-1568.16
1.88136,2475.36,-1651.24
1.88146,2461.94,-1732.12
1.88156,2443.98,-1810.63
1.88166,2421.45,-1886.58
1.88176,2394.37,-1959.80
1.88186,2362.73,-2030.13
1.88196,2326.55,-2097.40
1.88206,2285.85,-2161.45
1.88216,2240.69,-2222.12
1.88226,2191.09,-2279.27
1.88236,2137.12,-2332.76
1.88246,2078.85,-2382.44
1.88256,2016.34,-2428.19
1.88266,1949.70,-2469.88
1.88276,1879.00,-2507.40
1.88286,1804.37,-2540.65
1.88296,1725.91,-2569.51
1.88306,1643.74,-2593.91
1.88316,1558.00,-2613.76
1.88326,1468.84,-2628.98
1.88336,1376.40,-2639.51
1.88346,1280.83,-2645.30
1.88356,1182.32,-2646.31
1.88366,1081.02,-2642.49
1.88376,977.13,-2633.83
1.88386,870.82,-2620.30
1.88396,762.30,-2601.91
1.88406,651.77,-2578.66
1.88416,539.42,-2550.56
1.88426,425.48,-2517.64
1.88436,310.16,-2479.94
1.88446,193.68,-2437.51
1.88456,76.27,-2390.39
1.88466,-41.85,-2338.67
1.88476,-160.45,-2282.42
1.88486,-279.29,-2221.72
1.88496,-398.14,-2156.68
1.88506,-516.76,-2087.39
1.88516,-634.92,-2013.98
1.88526,-752.37,-1936.58
1.88536,-868.89,-1855.32
1.88546,-984.23,-1770.34
1.88556,-1098.16,-1681.79
1.88566,-1210.45,-1589.84
1.88576,-1320.87,-1494.65
1.88586,-1429.19,-1396.40
1.88596,-1535.19,-1295.28
1.88606,-1638.64,-1191.47
1.88616,-1739.34,-1085.17
1.88626,-1837.07,-976.59
1.88636,-1931.63,-865.92
1.88646,-2022.82,-753.39
1.88656,-2110.44,-639.20
1.88666,-2194.32,-523.59
1.88676,-2274.28,-406.78
1.88686,-2350.14,-289.00
1.88696,-2421.75,-170.47
1.88706,-2488.95,-51.44
1.88716,-2551.60,67.87
1.88726,-2609.56,187.21
1.88736,-2662.72,306.35
1.88746,-2710.95,425.05
1.88756,-2754.15,543.08
1.88766,-2792.22,660.19
1.88776,-2825.10,776.16
1.88786,-2852.69,890.75
1.88796,-2874.95,1003.74
1.88806,-2891.83,1114.89
1.88816,-2903.28,1223.99
1.88826,-2909.28,1330.81
1.88836,-2909.82,1435.14
1.88846,-2904.89,1536.78
1.88856,-2894.51,1635.51
1.88866,-2878.69,1731.16
1.88876,-2857.47,1823.51
1.88886,-2830.90,1912.40
1.88896,-2799.03,1997.64
1.88906,-2761.92,2079.07
1.88916,-2719.67,2156.53
1.88926,-2672.35,2229.87
1.88936,-2620.08,2298.95
1.88946,-2562.95,2363.64
1.88956,-2501.10,2423.80
1.88966,-2434.66,2479.34
1.88976,-2363.77,2530.15
1.88986,-2288.58,2576.14
1.88996,-2209.25,2617.22
1.89006,-2125.95,2653.33
1.89016,-2038.87,2684.41
1.89026,-1948.17,2710.41
1.89036,-1854.07,2731.29
1.89046,-1756.76,2747.02
1.89056,-1656.44,2757.59
1.89066,-1553.32,2763.01
1.89076,-1447.63,2763.26
1.89086,-1339.59,2758.38
1.89096,-1229.41,2748.39
1.89106,-1117.35,2733.34
1.89116,-1003.61,2713.26
1.89126,-888.45,2688.24
1.89136,-772.11,2658.33
1.89146,-654.81,2623.62
1.89156,-536.81,2584.20
1.89166,-418.34,2540.18
1.89176,-299.64,2491.67
1.89186,-180.96,2438.78
1.89196,-62.53,2381.64
1.89206,55.41,2320.40
1.89216,172.62,2255.20
1.89226,288.88,2186.19
1.89236,403.95,2113.54
1.89246,517.61,2037.40
1.89256,629.64,1957.97
1.89266,739.82,1875.40
1.89276,847.95,1789.90
1.89286,953.82,1701.65
1.89296,1057.24,1610.85
1.89306,1158.01,1517.70
1.89316,1255.95,1422.40
1.89326,1350.88,1325.15
1.89336,1442.65,1226.18
1.89346,1531.07,1125.68
1.89356,1616.02,1023.87
1.89366,1697.34,920.97
1.89376,1774.90,817.18
1.89386,1848.58,712.73
1.89396,1918.27,607.83
1.89406,1983.86,502.69
1.89416,2045.25,397.52
1.89426,2102.37,292.54
1.89436,2155.15,187.94
1.89446,2203.51,83.94
1.89456,2247.41,-19.27
1.89466,2286.80,-121.49
1.89476,2321.65,-222.52
1.89486,2351.96,-322.19
1.89496,2377.69,-420.30
1.89506,2398.86,-516.68
1.89516,2415.47,-611.16
1.89526,2427.54,-703.57
1.89536,2435.11,-793.77
1.89546,2438.21,-881.58
1.89556,2436.90,-966.89
1.89566,2431.23,-1049.54
1.89576,2421.27,-1129.40
1.89586,2407.10,-1206.37
1.89596,2388.81,-1280.32
1.89606,2366.48,-1351.16
1.89616,2340.21,-1418.78
1.89626,2310.13,-1483.11
1.89636,2276.33,-1544.06
1.89646,2238.94,-1601.56
1.89656,2198.10,-1655.56
1.89666,2153.93,-1706.00
1.89676,2106.57,-1752.85
1.89686,2056.17,-1796.05
1.89696,2002.87,-1835.60
1.89706,1946.84,-1871.47
1.89716,1888.22,-1903.66
1.89726,1827.17,-1932.17
1.89736,1763.85,-1957.00
1.89746,1698.44,-1978.17
1.89756,1631.09,-1995.71
1.89766,1561.97,-2009.64
1.89776,1491.25,-2020.02
1.89786,1419.10,-2026.87
1.89796,1345.68,-2030.27
1.89806,1271.16,-2030.26
1.89816,1195.71,-2026.92
1.89826,1119.50,-2020.32
1.89836,1042.68,-2010.53
1.89846,965.41,-1997.64
1.89856,887.86,-1981.75
1.89866,810.18,-1962.93
1.89876,732.53,-1941.30
1.89886,655.04,-1916.95
1.89896,577.87,-1890.00
1.89906,501.15,-1860.54
1.89916,425.03,-1828.70
1.89926,349.62,-1794.59
1.89936,275.06,-1758.32
1.89946,201.47,-1720.01
1.89956,128.95,-1679.80
1.89966,57.63,-1637.78
1.89976,-12.40,-1594.10
1.89986,-81.04,-1548.87
1.89996,-148.20,-1502.21
1.90006,-213.79,-1454.25
1.90016,-277.74,-1405.11
1.90026,-339.98,-1354.91
1.90036,-400.44,-1303.77
1.90046,-459.06,-1251.80
1.90056,-515.80,-1199.12
1.90066,-570.60,-1145.85
1.90076,-623.42,-1092.09
1.90086,-674.24,-1037.95
1.90096,-723.03,-983.54
1.90106,-769.77,-928.96
1.90116,-814.44,-874.30
1.90126,-857.03,-819.65
1.90136,-897.55,-765.12
1.90146,-936.00,-710.78
1.90156,-972.38,-656.72
1.90166,-1006.71,-603.00
1.90176,-1039.01,-549.71
1.90186,-1069.30,-496.92
1.90196,-1097.61,-444.68
1.90206,-1123.97,-393.05
1.90216,-1148.42,-342.09
1.90226,-1170.99,-291.84
1.90236,-1191.73,-242.36
1.90246,-1210.69,-193.68
1.90256,-1227.91,-145.83
1.90266,-1243.45,-98.85
1.90276,-1257.36,-52.76
1.90286,-1269.68,-7.59
1.90296,-1280.49,36.65
1.90306,-1289.83,79.95
1.90316,-1297.77,122.29
1.90326,-1304.36,163.67
1.90336,-1309.67,204.09
1.90346,-1313.74,243.56
1.90356,-1316.65,282.07
1.90366,-1318.45,319.63
1.90376,-1319.19,356.25
1.90386,-1318.93,391.96
1.90396,-1317.74,426.76
1.90406,-1315.65,460.67
1.90416,-1312.73,493.72
1.90426,-1309.03,525.92
1.90436,-1304.58,557.31
1.90446,-1299.43,587.89
1.90456,-1293.64,617.71
1.90466,-1287.23,646.79
1.90476,-1280.24,675.15
1.90486,-1272.71,702.82
1.90496,-1264.66,729.83
1.90506,-1256.14,756.22
1.90516,-1247.15,781.99
1.90526,-1237.71,807.19
1.90536,-1227.86,831.84
1.90546,-1217.59,855.95
1.90556,-1206.93,879.56
1.90566,-1195.87,902.69
1.90576,-1184.42,925.35
1.90586,-1172.58,947.57
1.90596,-1160.35,969.35
1.90606,-1147.71,990.72
1.90616,-1134.67,1011.69
1.90626,-1121.21,1032.26
1.90636,-1107.31,1052.44
1.90646,-1092.95,1072.23
1.90656,-1078.11,1091.64
1.90666,-1062.77,1110.66
1.90676,-1046.91,1129.28
1.90686,-1030.49,1147.51
1.90696,-1013.48,1165.32
1.90706,-995.85,1182.70
1.90716,-977.58,1199.64
1.90726,-958.62,1216.11
1.90736,-938.93,1232.09
1.90746,-918.49,1247.56
1.90756,-897.26,1262.48
1.90766,-875.19,1276.82
1.90776,-852.25,1290.54
1.90786,-828.41,1303.62
1.90796,-803.62,1316.00
1.90806,-777.86,1327.64
1.90816,-751.08,1338.50
1.90826,-723.25,1348.53
1.90836,-694.34,1357.69
1.90846,-664.32,1365.91
1.90856,-633.17,1373.15
1.90866,-600.84,1379.35
1.90876,-567.33,1384.45
1.90886,-532.61,1388.41
1.90896,-496.66,1391.16
1.90906,-459.48,1392.64
1.90916,-421.03,1392.80
1.90926,-381.33,1391.58
1.90936,-340.37,1388.92
1.90946,-298.14,1384.76
1.90956,-254.66,1379.05
1.90966,-209.92,1371.73
1.90976,-163.95,1362.75
1.90986,-116.76,1352.05
1.90996,-68.38,1339.59
1.91006,-18.82,1325.31
1.91016,31.86,1309.17
1.91026,83.65,1291.13
1.91036,136.49,1271.14
1.91046,190.34,1249.17
1.91056,245.14,1225.19
1.91066,300.84,1199.15
1.91076,357.38,1171.04
1.91086,414.68,1140.84
1.91096,472.69,1108.52
1.91106,531.31,1074.08
1.91116,590.46,1037.49
1.91126,650.07,998.77
1.91136,710.03,957.90
1.91146,770.26,914.91
1.91156,830.66,869.79
1.91166,891.12,822.57
1.91176,951.53,773.26
1.91186,1011.78,721.90
1.91196,1071.77,668.53
1.91206,1131.37,613.17
1.91216,1190.46,555.88
1.91226,1248.93,496.71
1.91236,1306.64,435.72
1.91246,1363.47,372.97
1.91256,1419.30,308.53
1.91266,1473.99,242.47
1.91276,1527.41,174.88
1.91286,1579.44,105.85
1.91296,1629.94,35.45
1.91306,1678.79,-36.19
1.91316,1725.84,-108.99
1.91326,1770.98,-182.84
1.91336,1814.07,-257.61
1.91346,1854.99,-333.20
1.91356,1893.61,-409.48
1.91366,1929.82,-486.33
1.91376,1963.48,-563.60
1.91386,1994.49,-641.17
1.91396,2022.72,-718.91
1.91406,2048.08,-796.66
1.91416,2070.45,-874.28
1.91426,2089.74,-951.62
1.91436,2105.84,-1028.54
1.91446,2118.67,-1104.87
1.91456,2128.15,-1180.48
1.91466,2134.18,-1255.19
1.91476,2136.70,-1328.86
1.91486,2135.63,-1401.33
1.91496,2130.93,-1472.44
1.91506,2122.53,-1542.03
1.91516,2110.39,-1609.94
1.91526,2094.47,-1676.02
1.91536,2074.73,-1740.11
1.91546,2051.16,-1802.07
1.91556,2023.73,-1861.73
1.91566,1992.45,-1918.95
1.91576,1957.30,-1973.58
1.91586,1918.30,-2025.48
1.91596,1875.47,-2074.51
1.91606,1828.83,-2120.53
1.91616,1778.42,-2163.42
1.91626,1724.28,-2203.04
1.91636,1666.47,-2239.28
1.91646,1605.04,-2272.02
1.91656,1540.07,-2301.14
1.91666,1471.64,-2326.55
1.91676,1399.83,-2348.15
1.91686,1324.75,-2365.85
1.91696,1246.49,-2379.56
1.91706,1165.17,-2389.21
1.91716,1080.91,-2394.73
1.91726,993.84,-2396.07
1.91736,904.11,-2393.16
1.91746,811.84,-2385.97
1.91756,717.20,-2374.46
1.91766,620.35,-2358.60
1.91776,521.45,-2338.39
1.91786,420.67,-2313.81
1.91796,318.19,-2284.86
1.91806,214.20,-2251.56
1.91816,108.89,-2213.93
1.91826,2.44,-2171.99
1.91836,-104.93,-2125.79
1.91846,-213.03,-2075.38
1.91856,-321.65,-2020.81
1.91866,-430.58,-1962.16
1.91876,-539.61,-1899.50
1.91886,-648.52,-1832.91
1.91896,-757.09,-1762.50
1.91906,-865.11,-1688.38
1.91916,-972.36,-1610.64
1.91926,-1078.62,-1529.43
1.91936,-1183.67,-1444.86
1.91946,-1287.29,-1357.08
1.91956,-1389.26,-1266.24
1.91966,-1489.37,-1172.50
1.91976,-1587.41,-1076.00
1.91986,-1683.16,-976.93
1.91996,-1776.42,-875.47
1.92006,-1866.98,-771.78
1.92016,-1954.64,-666.08
1.92026,-2039.22,-558.54
1.92036,-2120.51,-449.37
1.92046,-2198.35,-338.77
1.92056,-2272.54,-226.96
1.92066,-2342.92,-114.15
1.92076,-2409.32,-0.55
1.92086,-2471.59,113.62
1.92096,-2529.58,228.12
1.92106,-2583.15,342.74
1.92116,-2632.16,457.26
1.92126,-2676.50,571.43
1.92136,-2716.05,685.04
1.92146,-2750.70,797.86
1.92156,-2780.37,909.65
1.92166,-2804.97,1020.20
1.92176,-2824.42,1129.27
1.92186,-2838.66,1236.64
1.92196,-2847.65,1342.09
1.92206,-2851.34,1445.41
1.92216,-2849.70,1546.37
1.92226,-2842.72,1644.77
1.92236,-2830.38,1740.41
1.92246,-2812.70,1833.07
1.92256,-2789.69,1922.57
1.92266,-2761.38,2008.72
1.92276,-2727.81,2091.33
1.92286,-2689.03,2170.23
1.92296,-2645.11,2245.26
1.92306,-2596.11,2316.24
1.92316,-2542.13,2383.04
1.92326,-2483.27,2445.50
1.92336,-2419.62,2503.49
1.92346,-2351.31,2556.89
1.92356,-2278.48,2605.58
1.92366,-2201.25,2649.45
1.92376,-2119.77,2688.42
1.92386,-2034.21,2722.39
1.92396,-1944.74,2751.30
1.92406,-1851.52,2775.08
1.92416,-1754.75,2793.67
1.92426,-1654.61,2807.04
1.92436,-1551.32,2815.16
1.92446,-1445.06,2818.01
1.92456,-1336.07,2815.57
1.92466,-1224.56,2807.87
1.92476,-1110.75,2794.91
1.92486,-994.88,2776.71
1.92496,-877.18,2753.33
1.92506,-757.89,2724.80
1.92516,-637.25,2691.19
1.92526,-515.51,2652.58
1.92536,-392.92,2609.03
1.92546,-269.72,2560.65
1.92556,-146.17,2507.55
1.92566,-22.51,2449.82
1.92576,100.99,2387.60
1.92586,224.11,2321.03
1.92596,346.57,2250.23
1.92606,468.14,2175.36
1.92616,588.58,2096.59
1.92626,707.63,2014.08
1.92636,825.07,1928.00
1.92646,940.66,1838.54
1.92656,1054.16,1745.88
1.92666,1165.36,1650.23
1.92676,1274.04,1551.78
1.92686,1379.97,1450.74
1.92696,1482.97,1347.32
1.92706,1582.82,1241.75
1.92716,1679.34,1134.23
1.92726,1772.34,1025.00
1.92736,1861.65,914.29
1.92746,1947.10,802.31
1.92756,2028.54,689.31
1.92766,2105.82,575.51
1.92776,2178.79,461.15
1.92786,2247.34,346.46
1.92796,2311.34,231.67
1.92806,2370.69,117.03
1.92816,2425.30,2.74
1.92826,2475.07,-110.94
1.92836,2519.93,-223.81
1.92846,2559.83,-335.63
1.92856,2594.71,-446.19
1.92866,2624.53,-555.27
1.92876,2649.26,-662.66
1.92886,2668.89,-768.16
1.92896,2683.42,-871.57
1.92906,2692.84,-972.70
1.92916,2697.18,-1071.35
1.92926,2696.47,-1167.34
1.92936,2690.74,-1260.52
1.92946,2680.06,-1350.70
1.92956,2664.47,-1437.73
1.92966,2644.05,-1521.47
1.92976,2618.89,-1601.78
1.92986,2589.07,-1678.51
1.92996,2554.70,-1751.56
1.93006,2515.90,-1820.81
1.93016,2472.77,-1886.15
1.93026,2425.45,-1947.49
1.93036,2374.08,-2004.76
1.93046,2318.80,-2057.87
1.93056,2259.76,-2106.76
1.93066,2197.12,-2151.38
1.93076,2131.04,-2191.68
1.93086,2061.70,-2227.64
1.93096,1989.28,-2259.22
1.93106,1913.94,-2286.42
1.93116,1835.89,-2309.23
1.93126,1755.31,-2327.66
1.93136,1672.38,-2341.73
1.93146,1587.32,-2351.46
1.93156,1500.30,-2356.88
1.93166,1411.55,-2358.04
1.93176,1321.24,-2354.99
1.93186,1229.60,-2347.80
1.93196,1136.81,-2336.53
1.93206,1043.08,-2321.26
1.93216,948.62,-2302.08
1.93226,853.61,-2279.09
1.93236,758.26,-2252.37
1.93246,662.77,-2222.04
1.93256,567.33,-2188.22
1.93266,472.12,-2151.02
1.93276,377.33,-2110.56
1.93286,283.15,-2066.99
1.93296,189.76,-2020.42
1.93306,97.32,-1971.02
1.93316,6.00,-1918.90
1.93326,-84.03,-1864.24
1.93336,-172.61,-1807.17
1.93346,-259.60,-1747.84
1.93356,-344.86,-1686.43
1.93366,-428.24,-1623.07
1.93376,-509.62,-1557.93
1.93386,-588.87,-1491.18
1.93396,-665.87,-1422.96
1.93406,-740.53,-1353.45
1.93416,-812.74,-1282.79
1.93426,-882.40,-1211.15
1.93436,-949.44,-1138.69
1.93446,-1013.77,-1065.56
1.93456,-1075.33,-991.91
1.93466,-1134.06,-917.91
1.93476,-1189.90,-843.68
1.93486,-1242.82,-769.40
1.93496,-1292.78,-695.18
1.93506,-1339.74,-621.18
1.93516,-1383.70,-547.52
1.93526,-1424.63,-474.34
1.93536,-1462.54,-401.76
1.93546,-1497.43,-329.90
1.93556,-1529.30,-258.88
1.93566,-1558.17,-188.81
1.93576,-1584.07,-119.78
1.93586,-1607.04,-51.91
1.93596,-1627.10,14.73
1.93606,-1644.29,80.03
1.93616,-1658.68,143.93
1.93626,-1670.31,206.34
1.93636,-1679.24,267.20
1.93646,-1685.54,326.44
1.93656,-1689.27,384.02
1.93666,-1690.51,439.87
1.93676,-1689.33,493.95
1.93686,-1685.82,546.24
1.93696,-1680.06,596.68
1.93706,-1672.12,645.27
1.93716,-1662.11,691.97
1.93726,-1650.11,736.77
1.93736,-1636.21,779.67
1.93746,-1620.50,820.66
1.93756,-1603.08,859.74
1.93766,-1584.04,896.92
1.93776,-1563.48,932.21
1.93786,-1541.48,965.61
1.93796,-1518.15,997.17
1.93806,-1493.57,1026.88
1.93816,-1467.84,1054.80
1.93826,-1441.04,1080.93
1.93836,-1413.27,1105.33
1.93846,-1384.61,1128.02
1.93856,-1355.14,1149.05
1.93866,-1324.95,1168.46
1.93876,-1294.11,1186.29
1.93886,-1262.70,1202.59
1.93896,-1230.79,1217.41
1.93906,-1198.45,1230.79
1.93916,-1165.75,1242.80
1.93926,-1132.75,1253.47
1.93936,-1099.50,1262.87
1.93946,-1066.07,1271.04
1.93956,-1032.50,1278.03
1.93966,-998.83,1283.90
1.93976,-965.12,1288.69
1.93986,-931.39,1292.47
1.93996,-897.68,1295.26
1.94006,-864.03,1297.14
1.94016,-830.45,1298.13
1.94026,-796.97,1298.28
1.94036,-763.61,1297.64
1.94046,-730.37,1296.24
1.94056,-697.28,1294.13
1.94066,-664.33,1291.33
1.94076,-631.52,1287.89
1.94086,-598.86,1283.82
1.94096,-566.34,1279.17
1.94106,-533.95,1273.94
1.94116,-501.69,1268.17
1.94126,-469.53,1261.86
1.94136,-437.46,1255.04
1.94146,-405.47,1247.71
1.94156,-373.53,1239.89
1.94166,-341.62,1231.58
1.94176,-309.71,1222.77
1.94186,-277.78,1213.48
1.94196,-245.81,1203.68
1.94206,-213.76,1193.39
1.94216,-181.60,1182.58
1.94226,-149.31,1171.24
1.94236,-116.86,1159.35
1.94246,-84.22,1146.90
1.94256,-51.36,1133.87
1.94266,-18.25,1120.23
1.94276,15.12,1105.96
1.94286,48.80,1091.03
1.94296,82.80,1075.40
1.94306,117.14,1059.06
1.94316,151.85,1041.96
1.94326,186.94,1024.07
1.94336,222.43,1005.36
1.94346,258.32,985.80
1.94356,294.64,965.34
1.94366,331.38,943.95
1.94376,368.55,921.61
1.94386,406.14,898.26
1.94396,444.17,873.88
1.94406,482.61,848.44
1.94416,521.46,821.90
1.94426,560.70,794.22
1.94436,600.31,765.39
1.94446,640.28,735.36
1.94456,680.56,704.13
1.94466,721.14,671.65
1.94476,761.96,637.92
1.94486,803.01,602.91
1.94496,844.22,566.61
1.94506,885.55,529.01
1.94516,926.95,490.09
1.94526,968.35,449.86
1.94536,1009.71,408.31
1.94546,1050.95,365.44
1.94556,1092.01,321.27
1.94566,1132.81,275.80
1.94576,1173.28,229.05
1.94586,1213.34,181.04
1.94596,1252.90,131.80
1.94606,1291.88,81.35
1.94616,1330.19,29.73
1.94626,1367.75,-23.01
1.94636,1404.45,-76.85
1.94646,1440.21,-131.71
1.94656,1474.92,-187.57
1.94666,1508.50,-244.34
1.94676,1540.83,-301.97
1.94686,1571.82,-360.39
1.94696,1601.38,-419.53
1.94706,1629.39,-479.30
1.94716,1655.75,-539.63
1.94726,1680.38,-600.43
1.94736,1703.16,-661.60
1.94746,1723.99,-723.05
1.94756,1742.79,-784.68
1.94766,1759.46,-846.38
1.94776,1773.89,-908.05
1.94786,1786.01,-969.58
1.94796,1795.72,-1030.85
1.94806,1802.93,-1091.74
1.94816,1807.57,-1152.14
1.94826,1809.56,-1211.93
1.94836,1808.82,-1270.97
1.94846,1805.28,-1329.15
1.94856,1798.88,-1386.33
1.94866,1789.56,-1442.40
1.94876,1777.26,-1497.20
1.94886,1761.93,-1550.63
1.94896,1743.53,-1602.54
1.94906,1722.03,-1652.81
1.94916,1697.39,-1701.30
1.94926,1669.58,-1747.89
1.94936,1638.59,-1792.44
1.94946,1604.41,-1834.84
1.94956,1567.03,-1874.96
1.94966,1526.46,-1912.67
1.94976,1482.70,-1947.85
1.94986,1435.79,-1980.40
1.94996,1385.73,-2010.19
1.95006,1332.57,-2037.11
1.95016,1276.34,-2061.06
1.95026,1217.10,-2081.94
1.95036,1154.90,-2099.65
1.95046,1089.81,-2114.10
1.95056,1021.91,-2125.21
1.95066,951.26,-2132.89
1.95076,877.96,-2137.07
1.95086,802.11,-2137.68
1.95096,723.81,-2134.66
1.95106,643.17,-2127.96
1.95116,560.31,-2117.53
1.95126,475.35,-2103.33
1.95136,388.43,-2085.33
1.95146,299.69,-2063.50
1.95156,209.26,-2037.82
1.95166,117.31,-2008.30
1.95176,23.99,-1974.93
1.95186,-70.53,-1937.72
1.95196,-166.10,-1896.69
1.95206,-262.53,-1851.85
1.95216,-359.65,-1803.26
1.95226,-457.28,-1750.95
1.95236,-555.23,-1694.96
1.95246,-653.31,-1635.38
1.95256,-751.33,-1572.26
1.95266,-849.09,-1505.67
1.95276,-946.41,-1435.72
1.95286,-1043.07,-1362.49
1.95296,-1138.89,-1286.09
1.95306,-1233.66,-1206.63
1.95316,-1327.18,-1124.23
1.95326,-1419.25,-1039.02
1.95336,-1509.67,-951.13
1.95346,-1598.25,-860.70
1.95356,-1684.78,-767.89
1.95366,-1769.08,-672.85
1.95376,-1850.95,-575.75
1.95386,-1930.21,-476.75
1.95396,-2006.66,-376.03
1.95406,-2080.13,-273.77
1.95416,-2150.44,-170.16
1.95426,-2217.42,-65.38
1.95436,-2280.90,40.36
1.95446,-2340.73,146.87
1.95456,-2396.75,253.94
1.95466,-2448.81,361.37
1.95476,-2496.78,468.95
1.95486,-2540.51,576.46
1.95496,-2579.90,683.70
1.95506,-2614.82,790.45
1.95516,-2645.16,896.49
1.95526,-2670.83,1001.61
1.95536,-2691.73,1105.59
1.95546,-2707.79,1208.22
1.95556,-2718.95,1309.28
1.95566,-2725.12,1408.56
1.95576,-2726.28,1505.85
1.95586,-2722.38,1600.94
1.95596,-2713.40,1693.64
1.95606,-2699.30,1783.72
1.95616,-2680.10,1871.01
1.95626,-2655.80,1955.31
1.95636,-2626.40,2036.43
1.95646,-2591.95,2114.19
1.95656,-2552.47,2188.41
1.95666,-2508.02,2258.93
1.95676,-2458.65,2325.58
1.95686,-2404.45,2388.21
1.95696,-2345.50,2446.68
1.95706,-2281.88,2500.84
1.95716,-2213.70,2550.57
1.95726,-2141.09,2595.74
1.95736,-2064.16,2636.24
1.95746,-1983.05,2671.97
1.95756,-1897.90,2702.85
1.95766,-1808.88,2728.78
1.95776,-1716.15,2749.69
1.95786,-1619.87,2765.53
1.95796,-1520.24,2776.24
1.95806,-1417.44,2781.79
1.95816,-1311.66,2782.15
1.95826,-1203.13,2777.29
1.95836,-1092.03,2767.23
1.95846,-978.61,2751.95
1.95856,-863.07,2731.48
1.95866,-745.64,2705.84
1.95876,-626.57,2675.08
1.95886,-506.09,2639.25
1.95896,-384.44,2598.40
1.95906,-261.86,2552.62
1.95916,-138.60,2501.98
1.95926,-14.92,2446.58
1.95936,108.94,2386.52
1.95946,232.72,2321.92
1.95956,356.18,2252.91
1.95966,479.06,2179.62
1.95976,601.11,2102.20
1.95986,722.08,2020.79
1.95996,841.73,1935.56
1.96006,959.81,1846.68
1.96016,1076.08,1754.33
1.96026,1190.30,1658.70
1.96036,1302.24,1559.98
1.96046,1411.67,1458.37
1.96056,1518.37,1354.07
1.96066,1622.13,1247.30
1.96076,1722.72,1138.28
1.96086,1819.96,1027.22
1.96096,1913.64,914.37
1.96106,2003.58,799.93
1.96116,2089.60,684.16
1.96126,2171.52,567.28
1.96136,2249.19,449.54
1.96146,2322.45,331.18
1.96156,2391.17,212.43
1.96166,2455.20,93.54
1.96176,2514.44,-25.25
1.96186,2568.77,-143.70
1.96196,2618.08,-261.57
1.96206,2662.30,-378.63
1.96216,2701.35,-494.62
1.96226,2735.17,-609.34
1.96236,2763.69,-722.53
1.96246,2786.88,-833.99
1.96256,2804.72,-943.48
1.96266,2817.18,-1050.81
1.96276,2824.26,-1155.74
1.96286,2825.96,-1258.09
1.96296,2822.32,-1357.66
1.96306,2813.35,-1454.25
1.96316,2799.11,-1547.68
1.96326,2779.64,-1637.78
1.96336,2755.02,-1724.39
1.96346,2725.32,-1807.34
1.96356,2690.62,-1886.48
1.96366,2651.03,-1961.69
1.96376,2606.67,-2032.83
1.96386,2557.63,-2099.77
1.96396,2504.07,-2162.42
1.96406,2446.11,-2220.66
1.96416,2383.90,-2274.42
1.96426,2317.61,-2323.61
1.96436,2247.38,-2368.17
1.96446,2173.41,-2408.04
1.96456,2095.85,-2443.17
1.96466,2014.91,-2473.53
1.96476,1930.77,-2499.10
1.96486,1843.63,-2519.86
1.96496,1753.69,-2535.81
1.96506,1661.17,-2546.96
1.96516,1566.26,-2553.33
1.96526,1469.19,-2554.95
1.96536,1370.18,-2551.86
1.96546,1269.43,-2544.10
1.96556,1167.19,-2531.74
1.96566,1063.66,-2514.85
1.96576,959.07,-2493.51
1.96586,853.65,-2467.80
1.96596,747.62,-2437.83
1.96606,641.20,-2403.69
1.96616,534.61,-2365.50
1.96626,428.07,-2323.38
1.96636,321.80,-2277.46
1.96646,216.01,-2227.88
1.96656,110.91,-2174.78
1.96666,6.71,-2118.30
1.96676,-96.40,-2058.61
1.96686,-198.22,-1995.85
1.96696,-298.56,-1930.20
1.96706,-397.23,-1861.83
1.96716,-494.06,-1790.90
1.96726,-588.87,-1717.59
1.96736,-681.50,-1642.08
1.96746,-771.79,-1564.56
1.96756,-859.59,-1485.20
1.96766,-944.77,-1404.19
1.96776,-1027.18,-1321.71
1.96786,-1106.70,-1237.96
1.96796,-1183.22,-1153.12
1.96806,-1256.63,-1067.37
1.96816,-1326.82,-980.90
1.96826,-1393.72,-893.89
1.96836,-1457.23,-806.52
1.96846,-1517.30,-718.97
1.96856,-1573.85,-631.43
1.96866,-1626.83,-544.05
1.96876,-1676.20,-457.01
1.96886,-1721.93,-370.47
1.96896,-1764.00,-284.60
1.96906,-1802.38,-199.55
1.96916,-1837.07,-115.47
1.96926,-1868.07,-32.51
1.96936,-1895.40,49.19
1.96946,-1919.07,129.51
1.96956,-1939.12,208.30
1.96966,-1955.57,285.46
1.96976,-1968.47,360.87
1.96986,-1977.88,434.41
1.96996,-1983.85,506.00
1.97006,-1986.44,575.53
1.97016,-1985.74,642.92
1.97026,-1981.81,708.08
1.97036,-1974.74,770.96
1.97046,-1964.62,831.49
1.97056,-1951.55,889.60
1.97066,-1935.61,945.25
1.97076,-1916.93,998.39
1.97086,-1895.59,1048.99
1.97096,-1871.73,1097.03
1.97106,-1845.43,1142.48
1.97116,-1816.84,1185.33
1.97126,-1786.05,1225.57
1.97136,-1753.20,1263.20
1.97146,-1718.40,1298.22
1.97156,-1681.77,1330.65
1.97166,-1643.44,1360.50
1.97176,-1603.54,1387.81
1.97186,-1562.18,1412.59
1.97196,-1519.49,1434.88
1.97206,-1475.59,1454.73
1.97216,-1430.59,1472.16
1.97226,-1384.62,1487.25
1.97236,-1337.80,1500.03
1.97246,-1290.23,1510.56
1.97256,-1242.03,1518.90
1.97266,-1193.30,1525.12
1.97276,-1144.16,1529.27
1.97286,-1094.70,1531.44
1.97296,-1045.02,1531.68
1.97306,-995.22,1530.08
1.97316,-945.38,1526.70
1.97326,-895.59,1521.62
1.97336,-845.93,1514.92
1.97346,-796.49,1506.67
1.97356,-747.32,1496.94
1.97366,-698.50,1485.83
1.97376,-650.09,1473.39
1.97386,-602.14,1459.71
1.97396,-554.72,1444.87
1.97406,-507.85,1428.93
1.97416,-461.60,1411.97
1.97426,-415.99,1394.05
1.97436,-371.06,1375.25
1.97446,-326.83,1355.63
1.97456,-283.32,1335.25
1.97466,-240.56,1314.18
1.97476,-198.55,1292.47
1.97486,-157.31,1270.18
1.97496,-116.84,1247.36
1.97506,-77.14,1224.06
1.97516,-38.20,1200.32
1.97526,-0.02,1176.18
1.97536,37.42,1151.69
1.97546,74.12,1126.87
1.97556,110.12,1101.76
1.97566,145.41,1076.39
1.97576,180.04,1050.77
1.97586,214.02,1024.93
1.97596,247.39,998.88
1.97606,280.17,972.64
1.97616,312.39,946.21
1.97626,344.08,919.60
1.97636,375.28,892.81
1.97646,406.02,865.85
1.97656,436.33,838.70
1.97666,466.25,811.36
1.97676,495.80,783.82
1.97686,525.03,756.07
1.97696,553.97,728.09
1.97706,582.64,699.87
1.97716,611.07,671.38
1.97726,639.30,642.61
1.97736,667.34,613.53
1.97746,695.23,584.12
1.97756,722.98,554.36
1.97766,750.61,524.21
1.97776,778.14,493.66
1.97786,805.58,462.67
1.97796,832.94,431.22
1.97806,860.23,399.29
1.97816,887.45,366.84
1.97826,914.61,333.85
1.97836,941.69,300.30
1.97846,968.69,266.16
1.97856,995.60,231.41
1.97866,1022.41,196.03
1.97876,1049.09,160.01
1.97886,1075.62,123.32
1.97896,1101.98,85.96
1.97906,1128.13,47.91
1.97916,1154.04,9.16
1.97926,1179.67,-30.29
1.97936,1204.98,-70.44
1.97946,1229.92,-111.30
1.97956,1254.45,-152.85
1.97966,1278.50,-195.10
1.97976,1302.03,-238.02
1.97986,1324.96,-281.60
1.97996,1347.25,-325.82
1.98006,1368.83,-370.66
1.98016,1389.62,-416.08
1.98026,1409.56,-462.06
1.98036,1428.57,-508.56
1.98046,1446.59,-555.53
1.98056,1463.53,-602.93
1.98066,1479.31,-650.70
1.98076,1493.86,-698.81
1.98086,1507.11,-747.17
1.98096,1518.96,-795.74
1.98106,1529.34,-844.45
1.98116,1538.17,-893.21
1.98126,1545.37,-941.97
1.98136,1550.86,-990.64
1.98146,1554.56,-1039.13
1.98156,1556.40,-1087.36
1.98166,1556.31,-1135.24
1.98176,1554.20,-1182.69
1.98186,1550.00,-1229.59
1.98196,1543.66,-1275.86
1.98206,1535.11,-1321.40
1.98216,1524.28,-1366.10
1.98226,1511.11,-1409.85
1.98236,1495.56,-1452.56
1.98246,1477.57,-1494.11
1.98256,1457.09,-1534.40
1.98266,1434.09,-1573.31
1.98276,1408.53,-1610.74
1.98286,1380.38,-1646.57
1.98296,1349.61,-1680.70
1.98306,1316.21,-1713.02
1.98316,1280.15,-1743.41
1.98326,1241.44,-1771.78
1.98336,1200.08,-1798.01
1.98346,1156.06,-1822.01
1.98356,1109.40,-1843.66
1.98366,1060.12,-1862.88
1.98376,1008.25,-1879.56
1.98386,953.81,-1893.62
1.98396,896.85,-1904.96
1.98406,837.42,-1913.49
1.98416,775.56,-1919.15
1.98426,711.35,-1921.84
1.98436,644.84,-1921.51
1.98446,576.12,-1918.07
1.98456,505.26,-1911.48
1.98466,432.37,-1901.68
1.98476,357.52,-1888.62
1.98486,280.84,-1872.25
1.98496,202.42,-1852.54
1.98506,122.38,-1829.47
1.98516,40.85,-1803.00
1.98526,-42.04,-1773.13
1.98536,-126.16,-1739.85
1.98546,-211.37,-1703.15
1.98556,-297.52,-1663.05
1.98566,-384.46,-1619.55
1.98576,-472.04,-1572.70
1.98586,-560.09,-1522.51
1.98596,-648.45,-1469.02
1.98606,-736.95,-1412.29
1.98616,-825.42,-1352.36
1.98626,-913.69,-1289.31
1.98636,-1001.57,-1223.21
1.98646,-1088.89,-1154.13
1.98656,-1175.47,-1082.17
1.98666,-1261.12,-1007.41
1.98676,-1345.67,-929.97
1.98686,-1428.91,-849.96
1.98696,-1510.69,-767.48
1.98706,-1590.79,-682.68
1.98716,-1669.06,-595.68
1.98726,-1745.29,-506.62
1.98736,-1819.32,-415.65
1.98746,-1890.97,-322.92
1.98756,-1960.06,-228.59
1.98766,-2026.41,-132.82
1.98776,-2089.87,-35.79
1.98786,-2150.27,62.34
1.98796,-2207.45,161.37
1.98806,-2261.25,261.13
1.98816,-2311.53,361.44
1.98826,-2358.14,462.09
1.98836,-2400.94,562.90
1.98846,-2439.82,663.66
1.98856,-2474.63,764.19
1.98866,-2505.28,864.26
1.98876,-2531.64,963.70
1.98886,-2553.62,1062.28
1.98896,-2571.14,1159.80
1.98906,-2584.10,1256.07
1.98916,-2592.44,1350.87
1.98926,-2596.08,1444.01
1.98936,-2594.99,1535.29
1.98946,-2589.10,1624.49
1.98956,-2578.39,1711.43
1.98966,-2562.84,1795.92
1.98976,-2542.43,1877.76
1.98986,-2517.16,1956.76
1.98996,-2487.03,2032.75
1.99006,-2452.06,2105.54
1.99016,-2412.29,2174.97
1.99026,-2367.75,2240.86
1.99036,-2318.50,2303.06
1.99046,-2264.60,2361.42
1.99056,-2206.11,2415.78
1.99066,-2143.13,2466.02
1.99076,-2075.75,2511.99
1.99086,-2004.06,2553.58
1.99096,-1928.20,2590.67
1.99106,-1848.28,2623.16
1.99116,-1764.43,2650.95
1.99126,-1676.81,2673.96
1.99136,-1585.56,2692.11
1.99146,-1490.85,2705.34
1.99156,-1392.85,2713.59
1.99166,-1291.75,2716.81
1.99176,-1187.72,2714.98
1.99186,-1080.96,2708.06
1.99196,-971.68,2696.05
1.99206,-860.09,2678.95
1.99216,-746.40,2656.76
1.99226,-630.83,2629.51
1.99236,-513.62,2597.23
1.99246,-394.99,2559.96
1.99256,-275.17,2517.76
1.99266,-154.41,2470.69
1.99276,-32.95,2418.83
1.99286,88.96,2362.28
1.99296,211.09,2301.11
1.99306,333.17,2235.45
1.99316,454.96,2165.42
1.99326,576.22,2091.13
1.99336,696.69,2012.74
1.99346,816.11,1930.38
1.99356,934.26,1844.22
1.99366,1050.88,1754.41
1.99376,1165.72,1661.14
1.99386,1278.56,1564.58
1.99396,1389.15,1464.93
1.99406,1497.27,1362.38
1.99416,1602.69,1257.13
1.99426,1705.19,1149.40
1.99436,1804.55,1039.40
1.99446,1900.57,927.34
1.99456,1993.04,813.46
1.99466,2081.78,697.99
1.99476,2166.60,581.16
1.99486,2247.32,463.20
1.99496,2323.77,344.36
1.99506,2395.80,224.88
1.99516,2463.25,105.00
1.99526,2526.00,-15.04
1.99536,2583.90,-134.98
1.99546,2636.84,-254.59
1.99556,2684.71,-373.63
1.99566,2727.43,-491.84
1.99576,2764.90,-608.98
1.99586,2797.06,-724.83
1.99596,2823.83,-839.14
1.99606,2845.18,-951.69
1.99616,2861.08,-1062.24
1.99626,2871.48,-1170.57
1.99636,2876.39,-1276.47
1.99646,2875.81,-1379.73
1.99656,2869.74,-1480.13
1.99666,2858.21,-1577.49
1.99676,2841.27,-1671.60
1.99686,2818.96,-1762.29
1.99696,2791.34,-1849.38
1.99706,2758.48,-1932.71
1.99716,2720.48,-2012.11
1.99726,2677.43,-2087.44
1.99736,2629.43,-2158.56
1.99746,2576.60,-2225.34
1.99756,2519.07,-2287.66
1.99766,2456.99,-2345.42
1.99776,2390.49,-2398.51
1.99786,2319.75,-2446.85
1.99796,2244.91,-2490.37
1.99806,2166.16,-2528.99
1.99816,2083.69,-2562.68
1.99826,1997.67,-2591.38
1.99836,1908.31,-2615.06
1.99846,1815.82,-2633.72
1.99856,1720.39,-2647.33
1.99866,1622.26,-2655.90
1.99876,1521.62,-2659.45
1.99886,1418.72,-2658.01
1.99896,1313.78,-2651.61
1.99906,1207.02,-2640.30
1.99916,1098.68,-2624.13
1.99926,989.00,-2603.18
1.99936,878.21,-2577.53
1.99946,766.55,-2547.27
1.99956,654.25,-2512.48
1.99966,541.55,-2473.29
1.99976,428.69,-2429.81
1.99986,315.90,-2382.17
1.99996,203.41,-2330.49
2.00000,155.45,-2306.68
