time (s),I phase a at 632 (A),I phase c at 632 (A)
0.00000,-370.56,-414.26
0.00010,-396.54,-386.81
0.00020,-421.96,-358.82
0.00030,-446.78,-330.31
0.00040,-470.97,-301.33
0.00050,-494.49,-271.92
0.00060,-517.31,-242.13
0.00070,-539.39,-211.99
0.00080,-560.71,-181.55
0.00090,-581.23,-150.85
0.00100,-600.92,-119.94
0.00110,-619.76,-88.86
0.00120,-637.71,-57.65
0.00130,-654.76,-26.36
0.00140,-670.88,4.97
0.00150,-686.04,36.29
0.00160,-700.23,67.56
0.00170,-713.43,98.73
0.00180,-725.60,129.76
0.00190,-736.75,160.60
0.00200,-746.85,191.22
0.00210,-755.89,221.56
0.00220,-763.86,251.59
0.00230,-770.74,281.26
0.00240,-776.53,310.53
0.00250,-781.21,339.36
0.00260,-784.79,367.71
0.00270,-787.25,395.54
0.00280,-788.59,422.80
0.00290,-788.81,449.46
0.00300,-787.91,475.48
0.00310,-785.90,500.83
0.00320,-782.76,525.47
0.00330,-778.51,549.35
0.00340,-773.16,572.46
0.00350,-766.70,594.76
0.00360,-759.16,616.21
0.00370,-750.54,636.78
0.00380,-740.85,656.45
0.00390,-730.10,675.19
0.00400,-718.32,692.97
0.00410,-705.52,709.76
0.00420,-691.71,725.55
0.00430,-676.93,740.30
0.00440,-661.18,754.00
0.00450,-644.49,766.63
0.00460,-626.88,778.17
0.00470,-608.39,788.61
0.00480,-589.03,797.92
0.00490,-568.83,806.10
0.00500,-547.83,813.13
0.00510,-526.04,819.01
0.00520,-503.52,823.73
0.00530,-480.27,827.27
0.00540,-456.34,829.64
0.00550,-431.77,830.83
0.00560,-406.58,830.83
0.00570,-380.81,829.66
0.00580,-354.50,827.31
0.00590,-327.69,823.78
0.00600,-300.41,819.08
0.00610,-272.70,813.22
0.00620,-244.61,806.20
0.00630,-216.17,798.04
0.00640,-187.42,788.74
0.00650,-158.40,778.33
0.00660,-129.16,766.80
0.00670,-99.74,754.19
0.00680,-70.17,740.50
0.00690,-40.51,725.77
0.00700,-10.79,710.00
0.00710,18.95,693.22
0.00720,48.66,675.46
0.00730,78.30,656.73
0.00740,107.83,637.08
0.00750,137.21,616.52
0.00760,166.39,595.08
0.00770,195.33,572.79
0.00780,224.00,549.70
0.00790,252.35,525.82
0.00800,280.34,501.19
0.00810,307.93,475.85
0.00820,335.08,449.84
0.00830,361.76,423.19
0.00840,387.93,395.93
0.00850,413.54,368.11
0.00860,438.57,339.77
0.00870,462.97,310.95
0.00880,486.72,281.68
0.00890,509.77,252.02
0.00900,532.10,221.99
0.00910,553.67,191.65
0.00920,574.46,161.04
0.00930,594.43,130.20
0.00940,613.56,99.18
0.00950,631.81,68.01
0.00960,649.16,36.75
0.00970,665.60,5.43
0.00980,681.08,-25.89
0.00990,695.60,-57.17
0.01000,709.13,-88.38
0.01010,721.65,-119.46
0.01020,733.15,-150.37
0.01030,743.60,-181.06
0.01040,753.00,-211.50
0.01050,761.32,-241.64
0.01060,768.57,-271.43
0.01070,774.72,-300.84
0.01080,779.78,-329.83
0.01090,783.72,-358.34
0.01100,786.55,-386.34
0.01110,788.27,-413.80
0.01120,788.86,-440.67
0.01130,788.34,-466.91
0.01140,786.69,-492.48
0.01150,783.92,-517.36
0.01160,780.05,-541.50
0.01170,775.06,-564.88
0.01180,768.97,-587.45
0.01190,761.79,-609.18
0.01200,753.52,-630.05
0.01210,744.19,-650.02
0.01220,733.79,-669.07
0.01230,722.36,-687.17
0.01240,709.89,-704.29
0.01250,696.42,-720.42
0.01260,681.96,-735.51
0.01270,666.53,-749.57
0.01280,650.15,-762.55
0.01290,632.85,-774.46
0.01300,614.65,-785.26
0.01310,595.58,-794.95
0.01320,575.66,-803.51
0.01330,554.92,-810.92
0.01340,533.39,-817.18
0.01350,511.11,-822.29
0.01360,488.10,-826.22
0.01370,464.39,-828.98
0.01380,440.03,-830.56
0.01390,415.04,-830.97
0.01400,389.46,-830.19
0.01410,363.33,-828.23
0.01420,336.68,-825.09
0.01430,309.55,-820.79
0.01440,281.98,-815.31
0.01450,254.01,-808.68
0.01460,225.68,-800.90
0.01470,197.03,-791.98
0.01480,168.10,-781.93
0.01490,138.93,-770.77
0.01500,109.57,-758.52
0.01510,80.04,-745.19
0.01520,50.41,-730.80
0.01530,20.70,-715.37
0.01540,-9.04,-698.93
0.01550,-38.76,-681.49
0.01560,-68.43,-663.08
0.01570,-98.00,-643.73
0.01580,-127.43,-623.47
0.01590,-156.69,-602.32
0.01600,-185.71,-580.32
0.01610,-214.48,-557.49
0.01620,-242.94,-533.86
0.01630,-271.05,-509.48
0.01640,-298.78,-484.38
0.01650,-326.09,-458.59
0.01660,-352.93,-432.14
0.01670,-379.27,-405.08
0.01680,-405.07,-377.45
0.01690,-430.30,-349.28
0.01700,-454.91,-320.61
0.01710,-478.88,-291.49
0.01720,-502.16,-261.95
0.01730,-524.74,-232.04
0.01740,-546.57,-201.80
0.01750,-567.62,-171.28
0.01760,-587.86,-140.51
0.01770,-607.27,-109.54
0.01780,-625.82,-78.41
0.01790,-643.48,-47.18
0.01800,-660.22,-15.88
0.01810,-676.02,15.45
0.01820,-690.87,46.75
0.01830,-704.73,77.99
0.01840,-717.59,109.12
0.01850,-729.43,140.09
0.01860,-740.23,170.86
0.01870,-749.98,201.39
0.01880,-758.67,231.63
0.01890,-766.28,261.55
0.01900,-772.80,291.09
0.01910,-778.22,320.22
0.01920,-782.53,348.89
0.01930,-785.74,377.07
0.01940,-787.82,404.71
0.01950,-788.79,431.78
0.01960,-788.64,458.23
0.01970,-787.36,484.03
0.01980,-784.97,509.15
0.01990,-781.46,533.54
0.02000,-776.84,557.17
0.02010,-771.12,580.01
0.02020,-764.30,602.03
0.02030,-756.40,623.19
0.02040,-747.41,643.46
0.02050,-737.37,662.82
0.02060,-726.28,681.24
0.02070,-714.16,698.69
0.02080,-701.02,715.15
0.02090,-686.89,730.59
0.02100,-671.78,745.00
0.02110,-655.72,758.34
0.02120,-638.72,770.61
0.02130,-620.82,781.78
0.02140,-602.03,791.85
0.02150,-582.39,800.78
0.02160,-561.92,808.58
0.02170,-540.65,815.23
0.02180,-518.62,820.72
0.02190,-495.85,825.04
0.02200,-472.37,828.20
0.02210,-448.22,830.17
0.02220,-423.44,830.97
0.02230,-398.05,830.58
0.02240,-372.10,829.01
0.02250,-345.61,826.27
0.02260,-318.64,822.35
0.02270,-291.22,817.26
0.02280,-263.38,811.02
0.02290,-235.16,803.62
0.02300,-206.62,795.07
0.02310,-177.77,785.40
0.02320,-148.68,774.61
0.02330,-119.38,762.72
0.02340,-89.90,749.75
0.02350,-60.30,735.71
0.02360,-30.61,720.63
0.02370,-0.88,704.52
0.02380,28.86,687.41
0.02390,58.55,669.32
0.02400,88.16,650.29
0.02410,117.64,630.32
0.02420,146.96,609.47
0.02430,176.06,587.74
0.02440,204.92,565.19
0.02450,233.49,541.82
0.02460,261.72,517.69
0.02470,289.58,492.83
0.02480,317.04,467.26
0.02490,344.04,441.03
0.02500,370.55,414.17
0.02510,396.53,386.72
0.02520,421.95,358.73
0.02530,446.78,330.22
0.02540,470.96,301.24
0.02550,494.48,271.84
0.02560,517.30,242.05
0.02570,539.38,211.92
0.02580,560.69,181.48
0.02590,581.21,150.79
0.02600,600.90,119.88
0.02610,619.73,88.80
0.02620,637.69,57.60
0.02630,654.74,26.31
0.02640,670.86,-5.01
0.02650,686.03,-36.32
0.02660,700.22,-67.59
0.02670,713.41,-98.76
0.02680,725.60,-129.78
0.02690,736.75,-160.63
0.02700,746.85,-191.24
0.02710,755.89,-221.59
0.02720,763.86,-251.61
0.02730,770.75,-281.28
0.02740,776.53,-310.56
0.02750,781.22,-339.39
0.02760,784.79,-367.73
0.02770,787.25,-395.56
0.02780,788.59,-422.82
0.02790,788.81,-449.48
0.02800,787.91,-475.51
0.02810,785.89,-500.85
0.02820,782.75,-525.49
0.02830,778.50,-549.38
0.02840,773.15,-572.49
0.02850,766.69,-594.78
0.02860,759.15,-616.23
0.02870,750.53,-636.81
0.02880,740.84,-656.47
0.02890,730.09,-675.21
0.02900,718.31,-692.99
0.02910,705.51,-709.78
0.02920,691.71,-725.56
0.02930,676.92,-740.31
0.02940,661.18,-754.01
0.02950,644.49,-766.64
0.02960,626.88,-778.18
0.02970,608.39,-788.62
0.02980,589.03,-797.93
0.02990,568.84,-806.11
0.03000,547.83,-813.14
0.03010,526.05,-819.02
0.03020,503.52,-823.73
0.03030,480.27,-827.27
0.03040,456.34,-829.64
0.03050,431.77,-830.83
0.03060,406.58,-830.84
0.03070,380.81,-829.67
0.03080,354.50,-827.31
0.03090,327.68,-823.79
0.03100,300.41,-819.09
0.03110,272.70,-813.23
0.03120,244.61,-806.21
0.03130,216.17,-798.05
0.03140,187.42,-788.75
0.03150,158.40,-778.33
0.03160,129.16,-766.81
0.03170,99.74,-754.19
0.03180,70.18,-740.51
0.03190,40.51,-725.77
0.03200,10.79,-710.00
0.03210,-18.95,-693.22
0.03220,-48.66,-675.46
0.03230,-78.30,-656.74
0.03240,-107.83,-637.08
0.03250,-137.21,-616.52
0.03260,-166.39,-595.08
0.03270,-195.33,-572.80
0.03280,-224.00,-549.70
0.03290,-252.35,-525.82
0.03300,-280.34,-501.19
0.03310,-307.93,-475.86
0.03320,-335.09,-449.84
0.03330,-361.77,-423.19
0.03340,-387.93,-395.93
0.03350,-413.55,-368.12
0.03360,-438.57,-339.77
0.03370,-462.97,-310.95
0.03380,-486.72,-281.69
0.03390,-509.77,-252.02
0.03400,-532.10,-222.00
0.03410,-553.67,-191.66
0.03420,-574.46,-161.05
0.03430,-594.43,-130.21
0.03440,-613.55,-99.18
0.03450,-631.80,-68.01
0.03460,-649.16,-36.75
0.03470,-665.59,-5.43
0.03480,-681.08,25.89
0.03490,-695.60,57.17
0.03500,-709.13,88.38
0.03510,-721.65,119.46
0.03520,-733.15,150.37
0.03530,-743.60,181.07
0.03540,-753.00,211.50
0.03550,-761.33,241.64
0.03560,-768.57,271.44
0.03570,-774.73,300.85
0.03580,-779.78,329.83
0.03590,-783.73,358.34
0.03600,-786.56,386.34
0.03610,-788.27,413.80
0.03620,-788.87,440.66
0.03630,-788.34,466.91
0.03640,-786.69,492.48
0.03650,-783.92,517.36
0.03660,-780.04,541.50
0.03670,-775.06,564.87
0.03680,-768.97,587.44
0.03690,-761.78,609.18
0.03700,-753.52,630.05
0.03710,-744.18,650.02
0.03720,-733.79,669.07
0.03730,-722.36,687.17
0.03740,-709.89,704.29
0.03750,-696.42,720.41
0.03760,-681.96,735.51
0.03770,-666.53,749.57
0.03780,-650.15,762.55
0.03790,-632.85,774.46
0.03800,-614.65,785.26
0.03810,-595.58,794.95
0.03820,-575.66,803.51
0.03830,-554.92,810.92
0.03840,-533.39,817.19
0.03850,-511.11,822.29
0.03860,-488.10,826.22
0.03870,-464.39,828.98
0.03880,-440.03,830.57
0.03890,-415.04,830.97
0.03900,-389.46,830.19
0.03910,-363.33,828.23
0.03920,-336.68,825.09
0.03930,-309.55,820.79
0.03940,-281.98,815.31
0.03950,-254.01,808.68
0.03960,-225.68,800.89
0.03970,-197.03,791.97
0.03980,-168.10,781.93
0.03990,-138.93,770.77
0.04000,-109.57,758.52
0.04010,-80.04,745.19
0.04020,-50.41,730.80
0.04030,-20.70,715.37
0.04040,9.04,698.93
0.04050,38.76,681.49
0.04060,68.43,663.08
0.04070,98.00,643.73
0.04080,127.43,623.47
0.04090,156.68,602.32
0.04100,185.71,580.32
0.04110,214.48,557.49
0.04120,242.94,533.86
0.04130,271.05,509.48
0.04140,298.78,484.38
0.04150,326.09,458.59
0.04160,352.93,432.14
0.04170,379.27,405.08
0.04180,405.07,377.45
0.04190,430.30,349.28
0.04200,454.91,320.61
0.04210,478.88,291.49
0.04220,502.17,261.95
0.04230,524.74,232.04
0.04240,546.57,201.80
0.04250,567.62,171.28
0.04260,587.86,140.51
0.04270,607.27,109.54
0.04280,625.82,78.41
0.04290,643.47,47.18
0.04300,660.22,15.88
0.04310,676.02,-15.45
0.04320,690.87,-46.75
0.04330,704.73,-77.99
0.04340,717.59,-109.12
0.04350,729.43,-140.09
0.04360,740.23,-170.86
0.04370,749.98,-201.39
0.04380,758.67,-231.63
0.04390,766.28,-261.55
0.04400,772.80,-291.09
0.04410,778.22,-320.22
0.04420,782.53,-348.89
0.04430,785.74,-377.07
0.04440,787.82,-404.71
0.04450,788.79,-431.78
0.04460,788.64,-458.23
0.04470,787.36,-484.03
0.04480,784.97,-509.15
0.04490,781.46,-533.54
0.04500,776.84,-557.17
0.04510,771.12,-580.01
0.04520,764.30,-602.03
0.04530,756.39,-623.19
0.04540,747.41,-643.46
0.04550,737.37,-662.82
0.04560,726.28,-681.24
0.04570,714.16,-698.69
0.04580,701.02,-715.15
0.04590,686.89,-730.59
0.04600,671.78,-745.00
0.04610,655.72,-758.34
0.04620,638.72,-770.61
0.04630,620.82,-781.78
0.04640,602.03,-791.84
0.04650,582.39,-800.78
0.04660,561.92,-808.58
0.04670,540.65,-815.23
0.04680,518.62,-820.72
0.04690,495.85,-825.04
0.04700,472.37,-828.19
0.04710,448.22,-830.17
0.04720,423.44,-830.96
0.04730,398.05,-830.58
0.04740,372.10,-829.01
0.04750,345.61,-826.27
0.04760,318.64,-822.35
0.04770,291.22,-817.26
0.04780,263.38,-811.02
0.04790,235.16,-803.62
0.04800,206.62,-795.07
0.04810,177.77,-785.40
0.04820,148.68,-774.61
0.04830,119.38,-762.72
0.04840,89.90,-749.75
0.04850,60.30,-735.71
0.04860,30.61,-720.63
0.04870,0.88,-704.52
0.04880,-28.86,-687.41
0.04890,-58.55,-669.32
0.04900,-88.16,-650.29
0.04910,-117.64,-630.32
0.04920,-146.96,-609.47
0.04930,-176.06,-587.74
0.04940,-204.92,-565.19
0.04950,-233.49,-541.82
0.04960,-261.72,-517.69
0.04970,-289.58,-492.83
0.04980,-317.04,-467.26
0.04990,-344.04,-441.03
0.05000,-370.55,-414.17
0.05010,-396.53,-386.72
0.05020,-421.95,-358.72
0.05030,-446.78,-330.22
0.05040,-470.96,-301.24
0.05050,-494.48,-271.84
0.05060,-517.30,-242.05
0.05070,-539.38,-211.92
0.05080,-560.69,-181.48
0.05090,-581.21,-150.79
0.05100,-600.90,-119.88
0.05110,-619.73,-88.80
0.05120,-637.69,-57.60
0.05130,-654.74,-26.32
0.05140,-670.86,5.01
0.05150,-686.03,36.32
0.05160,-700.22,67.59
0.05170,-713.41,98.76
0.05180,-725.60,129.78
0.05190,-736.75,160.63
0.05200,-746.85,191.24
0.05210,-755.89,221.59
0.05220,-763.86,251.61
0.05230,-770.75,281.28
0.05240,-776.53,310.56
0.05250,-781.22,339.39
0.05260,-784.79,367.73
0.05270,-787.25,395.56
0.05280,-788.59,422.82
0.05290,-788.81,449.48
0.05300,-787.91,475.51
0.05310,-785.89,500.85
0.05320,-782.75,525.49
0.05330,-778.50,549.38
0.05340,-773.15,572.49
0.05350,-766.69,594.78
0.05360,-759.15,616.23
0.05370,-750.53,636.81
0.05380,-740.84,656.47
0.05390,-730.09,675.21
0.05400,-718.31,692.99
0.05410,-705.51,709.78
0.05420,-691.71,725.56
0.05430,-676.92,740.31
0.05440,-661.18,754.01
0.05450,-644.49,766.64
0.05460,-626.88,778.18
0.05470,-608.39,788.62
0.05480,-589.03,797.93
0.05490,-568.84,806.11
0.05500,-547.83,813.14
0.05510,-526.05,819.02
0.05520,-503.52,823.73
0.05530,-480.27,827.27
0.05540,-456.34,829.64
0.05550,-431.77,830.83
0.05560,-406.58,830.84
0.05570,-380.81,829.67
0.05580,-354.50,827.31
0.05590,-327.69,823.79
0.05600,-300.41,819.09
0.05610,-272.70,813.23
0.05620,-244.61,806.21
0.05630,-216.17,798.05
0.05640,-187.42,788.75
0.05650,-158.40,778.33
0.05660,-129.16,766.81
0.05670,-99.74,754.19
0.05680,-70.18,740.51
0.05690,-40.51,725.77
0.05700,-10.79,710.00
0.05710,18.95,693.22
0.05720,48.66,675.46
0.05730,78.30,656.74
0.05740,107.83,637.08
0.05750,137.21,616.52
0.05760,166.39,595.08
0.05770,195.33,572.80
0.05780,224.00,549.70
0.05790,252.35,525.82
0.05800,280.34,501.19
0.05810,307.93,475.86
0.05820,335.09,449.84
0.05830,361.77,423.19
0.05840,387.93,395.93
0.05850,413.55,368.12
0.05860,438.57,339.78
0.05870,462.97,310.95
0.05880,486.72,281.69
0.05890,509.77,252.02
0.05900,532.10,222.00
0.05910,553.67,191.66
0.05920,574.46,161.05
0.05930,594.43,130.21
0.05940,613.55,99.18
0.05950,631.80,68.01
0.05960,649.16,36.75
0.05970,665.59,5.43
0.05980,681.08,-25.89
0.05990,695.60,-57.17
0.06000,709.13,-88.38
0.06010,721.65,-119.46
0.06020,733.15,-150.37
0.06030,743.60,-181.06
0.06040,753.00,-211.50
0.06050,761.33,-241.64
0.06060,768.57,-271.44
0.06070,774.73,-300.85
0.06080,779.78,-329.83
0.06090,783.73,-358.34
0.06100,786.56,-386.34
0.06110,788.27,-413.80
0.06120,788.87,-440.66
0.06130,788.34,-466.90
0.06140,786.69,-492.48
0.06150,783.92,-517.36
0.06160,780.04,-541.50
0.06170,775.06,-564.87
0.06180,768.97,-587.44
0.06190,761.78,-609.18
0.06200,753.52,-630.05
0.06210,744.18,-650.02
0.06220,733.79,-669.07
0.06230,722.36,-687.17
0.06240,709.89,-704.29
0.06250,696.42,-720.41
0.06260,681.96,-735.51
0.06270,666.53,-749.57
0.06280,650.15,-762.55
0.06290,632.85,-774.46
0.06300,614.65,-785.26
0.06310,595.58,-794.95
0.06320,575.66,-803.51
0.06330,554.92,-810.92
0.06340,533.39,-817.19
0.06350,511.11,-822.29
0.06360,488.10,-826.22
0.06370,464.39,-828.98
0.06380,440.03,-830.57
0.06390,415.04,-830.97
0.06400,389.46,-830.19
0.06410,363.33,-828.23
0.06420,336.68,-825.09
0.06430,309.55,-820.79
0.06440,281.98,-815.31
0.06450,254.01,-808.68
0.06460,225.68,-800.89
0.06470,197.03,-791.97
0.06480,168.10,-781.93
0.06490,138.93,-770.77
0.06500,109.57,-758.52
0.06510,80.04,-745.19
0.06520,50.41,-730.80
0.06530,20.70,-715.37
0.06540,-9.04,-698.93
0.06550,-38.76,-681.49
0.06560,-68.43,-663.08
0.06570,-98.00,-643.73
0.06580,-127.43,-623.47
0.06590,-156.68,-602.32
0.06600,-185.71,-580.32
0.06610,-214.48,-557.49
0.06620,-242.94,-533.86
0.06630,-271.05,-509.48
0.06640,-298.78,-484.38
0.06650,-326.09,-458.59
0.06660,-352.93,-432.14
0.06670,-379.27,-405.08
0.06680,-405.07,-377.45
0.06690,-430.30,-349.28
0.06700,-454.91,-320.61
0.06710,-478.88,-291.49
0.06720,-502.17,-261.95
0.06730,-524.74,-232.04
0.06740,-546.57,-201.80
0.06750,-567.62,-171.28
0.06760,-587.86,-140.51
0.06770,-607.27,-109.54
0.06780,-625.82,-78.41
0.06790,-643.47,-47.18
0.06800,-660.22,-15.88
0.06810,-676.02,15.45
0.06820,-690.87,46.75
0.06830,-704.73,77.99
0.06840,-717.59,109.12
0.06850,-729.43,140.09
0.06860,-740.23,170.86
0.06870,-749.98,201.39
0.06880,-758.67,231.63
0.06890,-766.28,261.55
0.06900,-772.80,291.09
0.06910,-778.22,320.22
0.06920,-782.53,348.89
0.06930,-785.74,377.07
0.06940,-787.82,404.71
0.06950,-788.79,431.78
0.06960,-788.64,458.23
0.06970,-787.36,484.03
0.06980,-784.97,509.15
0.06990,-781.46,533.54
0.07000,-776.84,557.17
0.07010,-771.12,580.01
0.07020,-764.30,602.03
0.07030,-756.39,623.19
0.07040,-747.41,643.46
0.07050,-737.37,662.82
0.07060,-726.28,681.24
0.07070,-714.16,698.69
0.07080,-701.02,715.15
0.07090,-686.89,730.59
0.07100,-671.78,745.00
0.07110,-655.72,758.34
0.07120,-638.72,770.61
0.07130,-620.82,781.78
0.07140,-602.03,791.84
0.07150,-582.39,800.78
0.07160,-561.92,808.58
0.07170,-540.66,815.23
0.07180,-518.62,820.72
0.07190,-495.85,825.04
0.07200,-472.37,828.19
0.07210,-448.22,830.17
0.07220,-423.44,830.96
0.07230,-398.05,830.58
0.07240,-372.10,829.01
0.07250,-345.61,826.27
0.07260,-318.64,822.35
0.07270,-291.22,817.26
0.07280,-263.38,811.02
0.07290,-235.16,803.62
0.07300,-206.62,795.07
0.07310,-177.77,785.40
0.07320,-148.68,774.61
0.07330,-119.38,762.72
0.07340,-89.90,749.75
0.07350,-60.30,735.71
0.07360,-30.61,720.63
0.07370,-0.88,704.52
0.07380,28.86,687.41
0.07390,58.55,669.32
0.07400,88.16,650.29
0.07410,117.64,630.32
0.07420,146.96,609.47
0.07430,176.06,587.74
0.07440,204.92,565.19
0.07450,233.49,541.82
0.07460,261.72,517.69
0.07470,289.58,492.83
0.07480,317.04,467.26
0.07490,344.04,441.03
0.07500,370.55,414.17
0.07510,396.53,386.72
0.07520,421.95,358.73
0.07530,446.78,330.22
0.07540,470.96,301.24
0.07550,494.48,271.84
0.07560,517.30,242.05
0.07570,539.38,211.92
0.07580,560.69,181.48
0.07590,581.21,150.79
0.07600,600.90,119.88
0.07610,619.73,88.80
0.07620,637.69,57.60
0.07630,654.74,26.32
0.07640,670.86,-5.01
0.07650,686.03,-36.32
0.07660,700.22,-67.59
0.07670,713.41,-98.76
0.07680,725.60,-129.78
0.07690,736.75,-160.63
0.07700,746.85,-191.24
0.07710,755.89,-221.59
0.07720,763.86,-251.61
0.07730,770.75,-281.28
0.07740,776.53,-310.56
0.07750,781.22,-339.39
0.07760,784.79,-367.73
0.07770,787.25,-395.56
0.07780,788.59,-422.82
0.07790,788.81,-449.48
0.07800,787.91,-475.51
0.07810,785.89,-500.85
0.07820,782.75,-525.49
0.07830,778.50,-549.38
0.07840,773.15,-572.49
0.07850,766.69,-594.78
0.07860,759.15,-616.23
0.07870,750.53,-636.81
0.07880,740.84,-656.47
0.07890,730.09,-675.21
0.07900,718.31,-692.99
0.07910,705.51,-709.78
0.07920,691.71,-725.56
0.07930,676.92,-740.31
0.07940,661.18,-754.01
0.07950,644.49,-766.64
0.07960,626.88,-778.18
0.07970,608.39,-788.62
0.07980,589.03,-797.93
0.07990,568.84,-806.11
0.08000,547.83,-813.14
0.08010,526.05,-819.02
0.08020,503.52,-823.73
0.08030,480.27,-827.27
0.08040,456.34,-829.64
0.08050,431.77,-830.83
0.08060,406.58,-830.84
0.08070,380.81,-829.67
0.08080,354.50,-827.31
0.08090,327.69,-823.79
0.08100,300.41,-819.09
0.08110,272.70,-813.23
0.08120,244.61,-806.21
0.08130,216.17,-798.05
0.08140,187.42,-788.75
0.08150,158.40,-778.33
0.08160,129.16,-766.81
0.08170,99.74,-754.19
0.08180,70.18,-740.51
0.08190,40.51,-725.77
0.08200,10.79,-710.00
0.08210,-18.95,-693.22
0.08220,-48.66,-675.46
0.08230,-78.30,-656.74
0.08240,-107.83,-637.08
0.08250,-137.21,-616.52
0.08260,-166.39,-595.08
0.08270,-195.33,-572.80
0.08280,-224.00,-549.70
0.08290,-252.35,-525.82
0.08300,-280.34,-501.19
0.08310,-307.93,-475.86
0.08320,-335.09,-449.84
0.08330,-361.77,-423.19
0.08340,-387.93,-395.93
0.08350,-413.55,-368.12
0.08360,-438.57,-339.78
0.08370,-462.97,-310.95
0.08380,-486.72,-281.69
0.08390,-509.77,-252.02
0.08400,-532.10,-222.00
0.08410,-553.67,-191.66
0.08420,-574.46,-161.05
0.08430,-594.43,-130.21
0.08440,-613.55,-99.18
0.08450,-631.80,-68.01
0.08460,-649.16,-36.75
0.08470,-665.59,-5.43
0.08480,-681.08,25.89
0.08490,-695.60,57.17
0.08500,-709.13,88.38
0.08510,-721.65,119.46
0.08520,-733.15,150.37
0.08530,-743.60,181.06
0.08540,-753.00,211.50
0.08550,-761.33,241.64
0.08560,-768.57,271.44
0.08570,-774.73,300.85
0.08580,-779.78,329.83
0.08590,-783.73,358.34
0.08600,-786.56,386.34
0.08610,-788.27,413.80
0.08620,-788.87,440.66
0.08630,-788.34,466.90
0.08640,-786.69,492.48
0.08650,-783.92,517.36
0.08660,-780.04,541.50
0.08670,-775.06,564.87
0.08680,-768.97,587.44
0.08690,-761.78,609.18
0.08700,-753.52,630.05
0.08710,-744.18,650.02
0.08720,-733.79,669.07
0.08730,-722.36,687.17
0.08740,-709.89,704.29
0.08750,-696.42,720.41
0.08760,-681.96,735.51
0.08770,-666.53,749.57
0.08780,-650.15,762.55
0.08790,-632.85,774.46
0.08800,-614.65,785.26
0.08810,-595.58,794.95
0.08820,-575.66,803.51
0.08830,-554.92,810.92
0.08840,-533.39,817.19
0.08850,-511.11,822.29
0.08860,-488.10,826.22
0.08870,-464.39,828.98
0.08880,-440.03,830.57
0.08890,-415.04,830.97
0.08900,-389.46,830.19
0.08910,-363.33,828.23
0.08920,-336.68,825.09
0.08930,-309.55,820.79
0.08940,-281.98,815.31
0.08950,-254.01,808.68
0.08960,-225.68,800.89
0.08970,-197.03,791.97
0.08980,-168.10,781.93
0.08990,-138.93,770.77
0.09000,-109.57,758.52
0.09010,-80.05,745.19
0.09020,-50.41,730.80
0.09030,-20.70,715.37
0.09040,9.04,698.93
0.09050,38.76,681.49
0.09060,68.43,663.08
0.09070,98.00,643.73
0.09080,127.43,623.47
0.09090,156.68,602.32
0.09100,185.71,580.32
0.09110,214.48,557.49
0.09120,242.94,533.86
0.09130,271.05,509.48
0.09140,298.78,484.38
0.09150,326.09,458.59
0.09160,352.93,432.14
0.09170,379.27,405.08
0.09180,405.07,377.45
0.09190,430.30,349.28
0.09200,454.91,320.61
0.09210,478.88,291.49
0.09220,502.17,261.95
0.09230,524.74,232.04
0.09240,546.57,201.80
0.09250,567.62,171.28
0.09260,587.86,140.51
0.09270,607.27,109.54
0.09280,625.82,78.42
0.09290,643.47,47.18
0.09300,660.22,15.88
0.09310,676.02,-15.45
0.09320,690.86,-46.75
0.09330,704.73,-77.99
0.09340,717.59,-109.12
0.09350,729.43,-140.09
0.09360,740.23,-170.86
0.09370,749.98,-201.39
0.09380,758.67,-231.63
0.09390,766.28,-261.55
0.09400,772.80,-291.09
0.09410,778.22,-320.22
0.09420,782.53,-348.89
0.09430,785.74,-377.07
0.09440,787.82,-404.71
0.09450,788.79,-431.78
0.09460,788.64,-458.23
0.09470,787.36,-484.03
0.09480,784.97,-509.15
0.09490,781.46,-533.54
0.09500,776.84,-557.17
0.09510,771.12,-580.01
0.09520,764.30,-602.03
0.09530,756.39,-623.19
0.09540,747.41,-643.46
0.09550,737.37,-662.82
0.09560,726.28,-681.24
0.09570,714.16,-698.69
0.09580,701.02,-715.15
0.09590,686.89,-730.59
0.09600,671.78,-745.00
0.09610,655.72,-758.34
0.09620,638.72,-770.61
0.09630,620.82,-781.78
0.09640,602.03,-791.84
0.09650,582.39,-800.78
0.09660,561.92,-808.58
0.09670,540.66,-815.23
0.09680,518.62,-820.72
0.09690,495.85,-825.04
0.09700,472.37,-828.19
0.09710,448.22,-830.17
0.09720,423.44,-830.96
0.09730,398.05,-830.58
0.09740,372.10,-829.01
0.09750,345.61,-826.27
0.09760,318.64,-822.35
0.09770,291.22,-817.26
0.09780,263.38,-811.02
0.09790,235.16,-803.62
0.09800,206.62,-795.07
0.09810,177.77,-785.40
0.09820,148.68,-774.61
0.09830,119.38,-762.72
0.09840,89.90,-749.75
0.09850,60.30,-735.71
0.09860,30.61,-720.63
0.09870,0.88,-704.52
0.09880,-28.86,-687.41
0.09890,-58.55,-669.32
0.09900,-88.16,-650.29
0.09910,-117.64,-630.32
0.09920,-146.96,-609.47
0.09930,-176.06,-587.74
0.09940,-204.92,-565.19
0.09950,-233.49,-541.82
0.09960,-261.72,-517.69
0.09970,-289.58,-492.83
0.09980,-317.04,-467.26
0.09990,-344.04,-441.03
0.10000,-370.55,-414.17
0.10010,-396.53,-386.72
0.10020,-421.95,-358.73
0.10030,-446.78,-330.22
0.10040,-470.96,-301.24
0.10050,-494.48,-271.84
0.10060,-517.30,-242.05
0.10070,-539.38,-211.92
0.10080,-560.69,-181.48
0.10090,-581.21,-150.79
0.10100,-600.90,-119.88
0.10110,-619.73,-88.80
0.10120,-637.69,-57.60
0.10130,-654.74,-26.32
0.10140,-670.86,5.01
0.10150,-686.03,36.32
0.10160,-700.22,67.59
0.10170,-713.41,98.76
0.10180,-725.60,129.78
0.10190,-736.75,160.63
0.10200,-746.85,191.24
0.10210,-755.89,221.58
0.10220,-763.86,251.61
0.10230,-770.75,281.28
0.10240,-776.53,310.56
0.10250,-781.22,339.39
0.10260,-784.79,367.73
0.10270,-787.25,395.56
0.10280,-788.59,422.82
0.10290,-788.81,449.48
0.10300,-787.91,475.51
0.10310,-785.89,500.85
0.10320,-782.75,525.49
0.10330,-778.50,549.38
0.10340,-773.15,572.49
0.10350,-766.69,594.78
0.10360,-759.15,616.23
0.10370,-750.53,636.81
0.10380,-740.84,656.47
0.10390,-730.09,675.21
0.10400,-718.31,692.99
0.10410,-705.51,709.78
0.10420,-691.71,725.56
0.10430,-676.92,740.31
0.10440,-661.18,754.01
0.10450,-644.49,766.64
0.10460,-626.89,778.18
0.10470,-608.39,788.62
0.10480,-589.03,797.93
0.10490,-568.84,806.11
0.10500,-547.83,813.14
0.10510,-526.05,819.02
0.10520,-503.52,823.73
0.10530,-480.27,827.27
0.10540,-456.34,829.64
0.10550,-431.77,830.83
0.10560,-406.58,830.84
0.10570,-380.81,829.67
0.10580,-354.50,827.31
0.10590,-327.69,823.79
0.10600,-300.41,819.09
0.10610,-272.70,813.23
0.10620,-244.61,806.21
0.10630,-216.17,798.05
0.10640,-187.42,788.75
0.10650,-158.40,778.33
0.10660,-129.17,766.81
0.10670,-99.74,754.19
0.10680,-70.18,740.51
0.10690,-40.51,725.77
0.10700,-10.79,710.00
0.10710,18.95,693.22
0.10720,48.66,675.46
0.10730,78.30,656.74
0.10740,107.83,637.08
0.10750,137.21,616.52
0.10760,166.39,595.08
0.10770,195.33,572.80
0.10780,224.00,549.70
0.10790,252.35,525.82
0.10800,280.34,501.19
0.10810,307.93,475.86
0.10820,335.09,449.84
0.10830,361.77,423.19
0.10840,387.93,395.93
0.10850,413.54,368.12
0.10860,438.57,339.78
0.10870,462.97,310.95
0.10880,486.72,281.69
0.10890,509.77,252.02
0.10900,532.10,222.00
0.10910,553.67,191.66
0.10920,574.46,161.05
0.10930,594.43,130.21
0.10940,613.55,99.18
0.10950,631.80,68.01
0.10960,649.16,36.75
0.10970,665.59,5.44
0.10980,681.08,-25.89
0.10990,695.60,-57.17
0.11000,709.13,-88.38
0.11010,721.65,-119.46
0.11020,733.15,-150.37
0.11030,743.60,-181.06
0.11040,753.00,-211.50
0.11050,761.33,-241.64
0.11060,768.57,-271.44
0.11070,774.73,-300.85
0.11080,779.78,-329.83
0.11090,783.73,-358.34
0.11100,786.56,-386.34
0.11110,788.27,-413.80
0.11120,788.87,-440.66
0.11130,788.34,-466.90
0.11140,786.69,-492.48
0.11150,783.92,-517.36
0.11160,780.04,-541.50
0.11170,775.06,-564.87
0.11180,768.97,-587.44
0.11190,761.78,-609.18
0.11200,753.52,-630.05
0.11210,744.18,-650.02
0.11220,733.79,-669.07
0.11230,722.36,-687.17
0.11240,709.89,-704.29
0.11250,696.42,-720.41
0.11260,681.96,-735.51
0.11270,666.53,-749.57
0.11280,650.15,-762.55
0.11290,632.85,-774.46
0.11300,614.65,-785.26
0.11310,595.58,-794.95
0.11320,575.66,-803.51
0.11330,554.92,-810.92
0.11340,533.39,-817.19
0.11350,511.11,-822.29
0.11360,488.10,-826.22
0.11370,464.39,-828.98
0.11380,440.03,-830.57
0.11390,415.04,-830.97
0.11400,389.46,-830.19
0.11410,363.33,-828.23
0.11420,336.68,-825.09
0.11430,309.55,-820.79
0.11440,281.98,-815.31
0.11450,254.01,-808.68
0.11460,225.68,-800.89
0.11470,197.03,-791.97
0.11480,168.10,-781.93
0.11490,138.93,-770.77
0.11500,109.57,-758.52
0.11510,80.05,-745.19
0.11520,50.41,-730.80
0.11530,20.70,-715.37
0.11540,-9.04,-698.93
0.11550,-38.76,-681.49
0.11560,-68.43,-663.08
0.11570,-98.00,-643.73
0.11580,-127.43,-623.47
0.11590,-156.68,-602.32
0.11600,-185.71,-580.32
0.11610,-214.48,-557.49
0.11620,-242.94,-533.86
0.11630,-271.05,-509.48
0.11640,-298.78,-484.38
0.11650,-326.09,-458.59
0.11660,-352.93,-432.14
0.11670,-379.27,-405.08
0.11680,-405.07,-377.45
0.11690,-430.30,-349.28
0.11700,-454.91,-320.61
0.11710,-478.88,-291.49
0.11720,-502.17,-261.95
0.11730,-524.74,-232.04
0.11740,-546.57,-201.80
0.11750,-567.62,-171.28
0.11760,-587.86,-140.51
0.11770,-607.27,-109.54
0.11780,-625.82,-78.42
0.11790,-643.47,-47.18
0.11800,-660.22,-15.88
0.11810,-676.02,15.45
0.11820,-690.86,46.75
0.11830,-704.73,77.99
0.11840,-717.59,109.12
0.11850,-729.43,140.09
0.11860,-740.23,170.86
0.11870,-749.98,201.39
0.11880,-758.67,231.63
0.11890,-766.28,261.55
0.11900,-772.80,291.09
0.11910,-778.22,320.22
0.11920,-782.53,348.89
0.11930,-785.74,377.07
0.11940,-787.82,404.71
0.11950,-788.79,431.78
0.11960,-788.64,458.23
0.11970,-787.36,484.03
0.11980,-784.97,509.15
0.11990,-781.46,533.54
0.12000,-776.84,557.17
0.12010,-771.12,580.01
0.12020,-764.30,602.03
0.12030,-756.39,623.19
0.12040,-747.41,643.46
0.12050,-737.37,662.82
0.12060,-726.28,681.24
0.12070,-714.16,698.69
0.12080,-701.02,715.15
0.12090,-686.89,730.59
0.12100,-671.78,745.00
0.12110,-655.72,758.34
0.12120,-638.72,770.61
0.12130,-620.82,781.78
0.12140,-602.03,791.84
0.12150,-582.39,800.78
0.12160,-561.92,808.58
0.12170,-540.66,815.23
0.12180,-518.62,820.72
0.12190,-495.85,825.04
0.12200,-472.37,828.19
0.12210,-448.22,830.17
0.12220,-423.44,830.96
0.12230,-398.05,830.58
0.12240,-372.10,829.01
0.12250,-345.62,826.27
0.12260,-318.64,822.35
0.12270,-291.22,817.26
0.12280,-263.38,811.02
0.12290,-235.16,803.62
0.12300,-206.62,795.07
0.12310,-177.78,785.40
0.12320,-148.68,774.61
0.12330,-119.38,762.72
0.12340,-89.90,749.75
0.12350,-60.30,735.71
0.12360,-30.61,720.63
0.12370,-0.88,704.52
0.12380,28.86,687.41
0.12390,58.55,669.32
0.12400,88.16,650.29
0.12410,117.64,630.33
0.12420,146.96,609.47
0.12430,176.06,587.74
0.12440,204.92,565.19
0.12450,233.49,541.82
0.12460,261.72,517.69
0.12470,289.58,492.83
0.12480,317.04,467.26
0.12490,344.04,441.03
0.12500,370.55,414.17
0.12510,396.53,386.72
0.12520,421.95,358.73
0.12530,446.78,330.22
0.12540,470.96,301.24
0.12550,494.48,271.84
0.12560,517.30,242.05
0.12570,539.38,211.92
0.12580,560.69,181.48
0.12590,581.21,150.79
0.12600,600.90,119.88
0.12610,619.73,88.80
0.12620,637.69,57.60
0.12630,654.74,26.32
0.12640,670.86,-5.01
0.12650,686.02,-36.32
0.12660,700.22,-67.59
0.12670,713.41,-98.76
0.12680,725.60,-129.78
0.12690,736.75,-160.63
0.12700,746.85,-191.24
0.12710,755.89,-221.58
0.12720,763.86,-251.61
0.12730,770.75,-281.28
0.12740,776.53,-310.56
0.12750,781.22,-339.38
0.12760,784.79,-367.73
0.12770,787.25,-395.56
0.12780,788.59,-422.82
0.12790,788.81,-449.48
0.12800,787.91,-475.51
0.12810,785.89,-500.85
0.12820,782.75,-525.49
0.12830,778.50,-549.38
0.12840,773.15,-572.49
0.12850,766.69,-594.78
0.12860,759.15,-616.23
0.12870,750.53,-636.80
0.12880,740.84,-656.47
0.12890,730.09,-675.21
0.12900,718.31,-692.99
0.12910,705.51,-709.78
0.12920,691.71,-725.56
0.12930,676.92,-740.31
0.12940,661.18,-754.01
0.12950,644.49,-766.64
0.12960,626.89,-778.18
0.12970,608.39,-788.61
0.12980,589.03,-797.93
0.12990,568.84,-806.11
0.13000,547.83,-813.14
0.13010,526.05,-819.02
0.13020,503.52,-823.73
0.13030,480.27,-827.27
0.13040,456.34,-829.64
0.13050,431.77,-830.83
0.13060,406.58,-830.84
0.13070,380.81,-829.67
0.13080,354.50,-827.31
0.13090,327.69,-823.79
0.13100,300.41,-819.09
0.13110,272.70,-813.23
0.13120,244.61,-806.21
0.13130,216.17,-798.05
0.13140,187.42,-788.75
0.13150,158.40,-778.33
0.13160,129.17,-766.81
0.13170,99.74,-754.19
0.13180,70.18,-740.51
0.13190,40.51,-725.77
0.13200,10.79,-710.00
0.13210,-18.95,-693.22
0.13220,-48.66,-675.46
0.13230,-78.30,-656.74
0.13240,-107.83,-637.08
0.13250,-137.21,-616.52
0.13260,-166.39,-595.08
0.13270,-195.33,-572.80
0.13280,-224.00,-549.70
0.13290,-252.35,-525.82
0.13300,-280.34,-501.19
0.13310,-307.93,-475.86
0.13320,-335.09,-449.84
0.13330,-361.77,-423.19
0.13340,-387.93,-395.93
0.13350,-413.54,-368.12
0.13360,-438.57,-339.78
0.13370,-462.97,-310.95
0.13380,-486.72,-281.69
0.13390,-509.77,-252.02
0.13400,-532.10,-222.00
0.13410,-553.67,-191.66
0.13420,-574.46,-161.05
0.13430,-594.43,-130.21
0.13440,-613.55,-99.18
0.13450,-631.80,-68.01
0.13460,-649.16,-36.75
0.13470,-665.59,-5.44
0.13480,-681.08,25.89
0.13490,-695.60,57.17
0.13500,-709.13,88.38
0.13510,-721.65,119.46
0.13520,-733.15,150.37
0.13530,-743.60,181.06
0.13540,-753.00,211.50
0.13550,-761.33,241.64
0.13560,-768.57,271.44
0.13570,-774.73,300.84
0.13580,-779.78,329.83
0.13590,-783.73,358.34
0.13600,-786.56,386.34
0.13610,-788.27,413.80
0.13620,-788.87,440.66
0.13630,-788.34,466.90
0.13640,-786.69,492.48
0.13650,-783.92,517.36
0.13660,-780.04,541.50
0.13670,-775.06,564.87
0.13680,-768.97,587.44
0.13690,-761.78,609.18
0.13700,-753.52,630.05
0.13710,-744.18,650.02
0.13720,-733.79,669.07
0.13730,-722.36,687.17
0.13740,-709.89,704.29
0.13750,-696.42,720.41
0.13760,-681.96,735.51
0.13770,-666.53,749.57
0.13780,-650.15,762.55
0.13790,-632.85,774.46
0.13800,-614.65,785.26
0.13810,-595.58,794.95
0.13820,-575.66,803.51
0.13830,-554.92,810.92
0.13840,-533.39,817.19
0.13850,-511.11,822.29
0.13860,-488.10,826.22
0.13870,-464.39,828.98
0.13880,-440.03,830.57
0.13890,-415.04,830.97
0.13900,-389.46,830.19
0.13910,-363.33,828.23
0.13920,-336.68,825.09
0.13930,-309.55,820.79
0.13940,-281.98,815.31
0.13950,-254.01,808.68
0.13960,-225.68,800.89
0.13970,-197.03,791.97
0.13980,-168.10,781.93
0.13990,-138.93,770.77
0.14000,-109.57,758.52
0.14010,-80.05,745.19
0.14020,-50.41,730.80
0.14030,-20.70,715.37
0.14040,9.03,698.93
0.14050,38.76,681.49
0.14060,68.43,663.08
0.14070,98.00,643.73
0.14080,127.43,623.47
0.14090,156.68,602.32
0.14100,185.71,580.32
0.14110,214.48,557.49
0.14120,242.94,533.86
0.14130,271.05,509.48
0.14140,298.78,484.38
0.14150,326.09,458.59
0.14160,352.93,432.14
0.14170,379.27,405.08
0.14180,405.07,377.45
0.14190,430.30,349.28
0.14200,454.91,320.61
0.14210,478.88,291.49
0.14220,502.16,261.95
0.14230,524.74,232.04
0.14240,546.57,201.80
0.14250,567.62,171.28
0.14260,587.86,140.51
0.14270,607.27,109.54
0.14280,625.82,78.42
0.14290,643.47,47.18
0.14300,660.22,15.88
0.14310,676.02,-15.45
0.14320,690.86,-46.75
0.14330,704.73,-77.99
0.14340,717.59,-109.12
0.14350,729.43,-140.09
0.14360,740.23,-170.86
0.14370,749.98,-201.39
0.14380,758.67,-231.63
0.14390,766.28,-261.55
0.14400,772.80,-291.09
0.14410,778.22,-320.22
0.14420,782.53,-348.89
0.14430,785.74,-377.07
0.14440,787.82,-404.71
0.14450,788.79,-431.78
0.14460,788.64,-458.23
0.14470,787.36,-484.03
0.14480,784.97,-509.15
0.14490,781.46,-533.54
0.14500,776.84,-557.17
0.14510,771.12,-580.01
0.14520,764.30,-602.03
0.14530,756.39,-623.19
0.14540,747.41,-643.46
0.14550,737.37,-662.82
0.14560,726.28,-681.24
0.14570,714.16,-698.69
0.14580,701.02,-715.15
0.14590,686.89,-730.59
0.14600,671.78,-745.00
0.14610,655.72,-758.34
0.14620,638.72,-770.61
0.14630,620.82,-781.78
0.14640,602.03,-791.84
0.14650,582.39,-800.78
0.14660,561.92,-808.58
0.14670,540.66,-815.23
0.14680,518.62,-820.72
0.14690,495.85,-825.04
0.14700,472.37,-828.19
0.14710,448.22,-830.17
0.14720,423.44,-830.96
0.14730,398.05,-830.58
0.14740,372.10,-829.01
0.14750,345.62,-826.27
0.14760,318.64,-822.35
0.14770,291.22,-817.26
0.14780,263.38,-811.02
0.14790,235.16,-803.62
0.14800,206.62,-795.07
0.14810,177.78,-785.40
0.14820,148.68,-774.61
0.14830,119.38,-762.72
0.14840,89.90,-749.75
0.14850,60.30,-735.71
0.14860,30.61,-720.63
0.14870,0.88,-704.52
0.14880,-28.85,-687.41
0.14890,-58.55,-669.32
0.14900,-88.16,-650.29
0.14910,-117.64,-630.33
0.14920,-146.96,-609.47
0.14930,-176.06,-587.74
0.14940,-204.92,-565.19
0.14950,-233.49,-541.82
0.14960,-261.72,-517.69
0.14970,-289.58,-492.83
0.14980,-317.04,-467.26
0.14990,-344.04,-441.03
0.15000,-370.55,-414.17
0.15010,-396.53,-386.72
0.15020,-421.95,-358.73
0.15030,-446.78,-330.22
0.15040,-470.96,-301.24
0.15050,-494.48,-271.84
0.15060,-517.30,-242.05
0.15070,-539.38,-211.92
0.15080,-560.69,-181.48
0.15090,-581.21,-150.79
0.15100,-600.90,-119.88
0.15110,-619.73,-88.80
0.15120,-637.69,-57.60
0.15130,-654.74,-26.32
0.15140,-670.86,5.01
0.15150,-686.02,36.32
0.15160,-700.22,67.59
0.15170,-713.41,98.75
0.15180,-725.60,129.78
0.15190,-736.75,160.63
0.15200,-746.85,191.24
0.15210,-755.89,221.58
0.15220,-763.86,251.61
0.15230,-770.75,281.28
0.15240,-776.53,310.55
0.15250,-781.22,339.38
0.15260,-784.79,367.73
0.15270,-787.25,395.56
0.15280,-788.59,422.82
0.15290,-788.81,449.48
0.15300,-787.91,475.51
0.15310,-785.89,500.85
0.15320,-782.75,525.49
0.15330,-778.51,549.38
0.15340,-773.15,572.49
0.15350,-766.69,594.78
0.15360,-759.15,616.23
0.15370,-750.53,636.80
0.15380,-740.84,656.47
0.15390,-730.09,675.21
0.15400,-718.31,692.99
0.15410,-705.51,709.78
0.15420,-691.71,725.56
0.15430,-676.92,740.31
0.15440,-661.18,754.01
0.15450,-644.49,766.64
0.15460,-626.89,778.18
0.15470,-608.39,788.61
0.15480,-589.03,797.93
0.15490,-568.84,806.11
0.15500,-547.83,813.14
0.15510,-526.05,819.02
0.15520,-503.52,823.73
0.15530,-480.27,827.27
0.15540,-456.34,829.64
0.15550,-431.77,830.83
0.15560,-406.58,830.84
0.15570,-380.81,829.67
0.15580,-354.50,827.31
0.15590,-327.69,823.79
0.15600,-300.41,819.09
0.15610,-272.70,813.23
0.15620,-244.61,806.21
0.15630,-216.17,798.05
0.15640,-187.42,788.75
0.15650,-158.40,778.33
0.15660,-129.17,766.81
0.15670,-99.74,754.19
0.15680,-70.18,740.51
0.15690,-40.51,725.77
0.15700,-10.79,710.00
0.15710,18.95,693.22
0.15720,48.66,675.46
0.15730,78.30,656.74
0.15740,107.83,637.08
0.15750,137.20,616.52
0.15760,166.39,595.08
0.15770,195.33,572.80
0.15780,224.00,549.70
0.15790,252.35,525.82
0.15800,280.34,501.19
0.15810,307.93,475.86
0.15820,335.09,449.84
0.15830,361.77,423.19
0.15840,387.93,395.93
0.15850,413.54,368.12
0.15860,438.57,339.78
0.15870,462.97,310.95
0.15880,486.72,281.69
0.15890,509.77,252.02
0.15900,532.10,222.00
0.15910,553.67,191.66
0.15920,574.46,161.05
0.15930,594.43,130.21
0.15940,613.55,99.18
0.15950,631.80,68.01
0.15960,649.16,36.75
0.15970,665.59,5.44
0.15980,681.08,-25.89
0.15990,695.60,-57.17
0.16000,709.13,-88.38
0.16010,721.65,-119.46
0.16020,733.14,-150.37
0.16030,743.60,-181.06
0.16040,753.00,-211.50
0.16050,761.33,-241.64
0.16060,768.57,-271.44
0.16070,774.73,-300.84
0.16080,779.78,-329.83
0.16090,783.73,-358.34
0.16100,786.56,-386.34
0.16110,788.27,-413.80
0.16120,788.87,-440.66
0.16130,788.34,-466.90
0.16140,786.69,-492.48
0.16150,783.92,-517.36
0.16160,780.04,-541.50
0.16170,775.06,-564.87
0.16180,768.97,-587.44
0.16190,761.79,-609.18
0.16200,753.52,-630.05
0.16210,744.18,-650.02
0.16220,733.79,-669.07
0.16230,722.36,-687.17
0.16240,709.89,-704.29
0.16250,696.42,-720.41
0.16260,681.96,-735.51
0.16270,666.53,-749.57
0.16280,650.15,-762.55
0.16290,632.85,-774.46
0.16300,614.65,-785.26
0.16310,595.58,-794.95
0.16320,575.66,-803.51
0.16330,554.92,-810.92
0.16340,533.39,-817.19
0.16350,511.11,-822.29
0.16360,488.10,-826.22
0.16370,464.39,-828.98
0.16380,440.03,-830.57
0.16390,415.04,-830.97
0.16400,389.46,-830.19
0.16410,363.33,-828.23
0.16420,336.68,-825.09
0.16430,309.55,-820.79
0.16440,281.98,-815.31
0.16450,254.01,-808.68
0.16460,225.68,-800.89
0.16470,197.03,-791.97
0.16480,168.10,-781.93
0.16490,138.93,-770.77
0.16500,109.57,-758.52
0.16510,80.05,-745.19
0.16520,50.41,-730.80
0.16530,20.70,-715.37
0.16540,-9.03,-698.93
0.16550,-38.76,-681.49
0.16560,-68.43,-663.08
0.16570,-98.00,-643.73
0.16580,-127.43,-623.47
0.16590,-156.68,-602.32
0.16600,-185.71,-580.32
0.16610,-214.48,-557.49
0.16620,-242.94,-533.87
0.16630,-271.05,-509.48
0.16640,-298.78,-484.38
0.16650,-326.09,-458.59
0.16660,-352.93,-432.14
0.16670,-379.27,-405.08
0.16680,-405.07,-377.45
0.16690,-430.30,-349.28
0.16700,-454.91,-320.61
0.16710,-478.88,-291.49
0.16720,-502.16,-261.95
0.16730,-524.74,-232.04
0.16740,-546.57,-201.80
0.16750,-567.62,-171.28
0.16760,-587.86,-140.51
0.16770,-607.27,-109.54
0.16780,-625.82,-78.42
0.16790,-643.47,-47.18
0.16800,-660.22,-15.88
0.16810,-676.02,15.45
0.16820,-690.86,46.75
0.16830,-704.73,77.99
0.16840,-717.59,109.12
0.16850,-729.43,140.09
0.16860,-740.23,170.86
0.16870,-749.98,201.39
0.16880,-758.67,231.63
0.16890,-766.28,261.54
0.16900,-772.80,291.09
0.16910,-778.22,320.22
0.16920,-782.53,348.89
0.16930,-785.74,377.07
0.16940,-787.82,404.71
0.16950,-788.79,431.78
0.16960,-788.64,458.23
0.16970,-787.36,484.03
0.16980,-784.97,509.15
0.16990,-781.46,533.54
0.17000,-776.84,557.17
0.17010,-771.12,580.01
0.17020,-764.30,602.03
0.17030,-756.39,623.19
0.17040,-747.41,643.46
0.17050,-737.37,662.82
0.17060,-726.28,681.24
0.17070,-714.16,698.69
0.17080,-701.02,715.15
0.17090,-686.89,730.59
0.17100,-671.78,745.00
0.17110,-655.72,758.34
0.17120,-638.72,770.61
0.17130,-620.82,781.78
0.17140,-602.03,791.84
0.17150,-582.39,800.78
0.17160,-561.92,808.58
0.17170,-540.66,815.23
0.17180,-518.62,820.72
0.17190,-495.85,825.04
0.17200,-472.37,828.19
0.17210,-448.22,830.17
0.17220,-423.44,830.96
0.17230,-398.05,830.58
0.17240,-372.10,829.01
0.17250,-345.62,826.27
0.17260,-318.64,822.35
0.17270,-291.22,817.26
0.17280,-263.38,811.02
0.17290,-235.16,803.62
0.17300,-206.62,795.07
0.17310,-177.78,785.40
0.17320,-148.68,774.61
0.17330,-119.38,762.72
0.17340,-89.90,749.75
0.17350,-60.30,735.71
0.17360,-30.61,720.63
0.17370,-0.88,704.52
0.17380,28.85,687.41
0.17390,58.55,669.32
0.17400,88.16,650.29
0.17410,117.64,630.33
0.17420,146.96,609.47
0.17430,176.06,587.74
0.17440,204.92,565.19
0.17450,233.49,541.83
0.17460,261.72,517.69
0.17470,289.58,492.83
0.17480,317.03,467.26
0.17490,344.04,441.03
0.17500,370.55,414.17
0.17510,396.53,386.72
0.17520,421.95,358.73
0.17530,446.78,330.22
0.17540,470.96,301.24
0.17550,494.48,271.84
0.17560,517.30,242.05
0.17570,539.38,211.92
0.17580,560.69,181.48
0.17590,581.21,150.79
0.17600,600.90,119.88
0.17610,619.73,88.81
0.17620,637.69,57.60
0.17630,654.74,26.32
0.17640,670.86,-5.01
0.17650,686.02,-36.32
0.17660,700.22,-67.59
0.17670,713.41,-98.75
0.17680,725.60,-129.78
0.17690,736.75,-160.63
0.17700,746.85,-191.24
0.17710,755.89,-221.58
0.17720,763.86,-251.61
0.17730,770.75,-281.28
0.17740,776.53,-310.55
0.17750,781.22,-339.38
0.17760,784.79,-367.73
0.17770,787.25,-395.56
0.17780,788.59,-422.82
0.17790,788.81,-449.48
0.17800,787.91,-475.51
0.17810,785.89,-500.85
0.17820,782.75,-525.49
0.17830,778.51,-549.38
0.17840,773.15,-572.49
0.17850,766.69,-594.78
0.17860,759.15,-616.23
0.17870,750.53,-636.80
0.17880,740.84,-656.47
0.17890,730.09,-675.21
0.17900,718.31,-692.99
0.17910,705.51,-709.78
0.17920,691.71,-725.56
0.17930,676.92,-740.31
0.17940,661.18,-754.01
0.17950,644.49,-766.64
0.17960,626.89,-778.18
0.17970,608.39,-788.61
0.17980,589.03,-797.93
0.17990,568.84,-806.11
0.18000,547.83,-813.14
0.18010,526.05,-819.02
0.18020,503.52,-823.73
0.18030,480.27,-827.27
0.18040,456.34,-829.64
0.18050,431.77,-830.83
0.18060,406.58,-830.84
0.18070,380.81,-829.67
0.18080,354.50,-827.31
0.18090,327.69,-823.79
0.18100,300.41,-819.09
0.18110,272.70,-813.23
0.18120,244.61,-806.21
0.18130,216.17,-798.05
0.18140,187.42,-788.75
0.18150,158.40,-778.33
0.18160,129.17,-766.81
0.18170,99.74,-754.19
0.18180,70.18,-740.51
0.18190,40.51,-725.77
0.18200,10.79,-710.00
0.18210,-18.95,-693.22
0.18220,-48.66,-675.46
0.18230,-78.30,-656.74
0.18240,-107.83,-637.08
0.18250,-137.20,-616.52
0.18260,-166.39,-595.08
0.18270,-195.33,-572.80
0.18280,-224.00,-549.70
0.18290,-252.35,-525.82
0.18300,-280.34,-501.20
0.18310,-307.93,-475.86
0.18320,-335.09,-449.84
0.18330,-361.77,-423.19
0.18340,-387.93,-395.93
0.18350,-413.54,-368.12
0.18360,-438.57,-339.78
0.18370,-462.97,-310.95
0.18380,-486.72,-281.69
0.18390,-509.77,-252.02
0.18400,-532.10,-222.00
0.18410,-553.67,-191.66
0.18420,-574.46,-161.05
0.18430,-594.43,-130.21
0.18440,-613.55,-99.18
0.18450,-631.80,-68.01
0.18460,-649.16,-36.75
0.18470,-665.59,-5.44
0.18480,-681.08,25.89
0.18490,-695.60,57.17
0.18500,-709.13,88.38
0.18510,-721.65,119.46
0.18520,-733.14,150.37
0.18530,-743.60,181.06
0.18540,-753.00,211.50
0.18550,-761.33,241.64
0.18560,-768.57,271.44
0.18570,-774.73,300.84
0.18580,-779.78,329.83
0.18590,-783.73,358.34
0.18600,-786.56,386.34
0.18610,-788.27,413.80
0.18620,-788.87,440.66
0.18630,-788.34,466.90
0.18640,-786.69,492.48
0.18650,-783.92,517.36
0.18660,-780.04,541.50
0.18670,-775.06,564.87
0.18680,-768.97,587.44
0.18690,-761.79,609.18
0.18700,-753.52,630.05
0.18710,-744.18,650.02
0.18720,-733.79,669.07
0.18730,-722.36,687.17
0.18740,-709.89,704.29
0.18750,-696.42,720.41
0.18760,-681.96,735.51
0.18770,-666.53,749.57
0.18780,-650.15,762.55
0.18790,-632.85,774.46
0.18800,-614.65,785.26
0.18810,-595.58,794.95
0.18820,-575.66,803.51
0.18830,-554.92,810.92
0.18840,-533.39,817.19
0.18850,-511.11,822.29
0.18860,-488.10,826.22
0.18870,-464.39,828.98
0.18880,-440.03,830.57
0.18890,-415.04,830.97
0.18900,-389.46,830.19
0.18910,-363.33,828.23
0.18920,-336.68,825.09
0.18930,-309.55,820.79
0.18940,-281.98,815.31
0.18950,-254.01,808.68
0.18960,-225.68,800.89
0.18970,-197.03,791.97
0.18980,-168.10,781.93
0.18990,-138.93,770.77
0.19000,-109.57,758.52
0.19010,-80.05,745.19
0.19020,-50.41,730.80
0.19030,-20.70,715.37
0.19040,9.03,698.93
0.19050,38.76,681.49
0.19060,68.43,663.08
0.19070,98.00,643.73
0.19080,127.43,623.47
0.19090,156.68,602.32
0.19100,185.71,580.32
0.19110,214.48,557.49
0.19120,242.94,533.87
0.19130,271.05,509.48
0.19140,298.78,484.38
0.19150,326.09,458.59
0.19160,352.93,432.14
0.19170,379.27,405.08
0.19180,405.07,377.45
0.19190,430.30,349.28
0.19200,454.91,320.61
0.19210,478.88,291.49
0.19220,502.16,261.95
0.19230,524.74,232.04
0.19240,546.57,201.80
0.19250,567.62,171.28
0.19260,587.86,140.51
0.19270,607.27,109.54
0.19280,625.82,78.42
0.19290,643.47,47.18
0.19300,660.22,15.88
0.19310,676.02,-15.45
0.19320,690.86,-46.75
0.19330,704.73,-77.99
0.19340,717.59,-109.12
0.19350,729.43,-140.09
0.19360,740.23,-170.86
0.19370,749.98,-201.39
0.19380,758.67,-231.63
0.19390,766.28,-261.54
0.19400,772.80,-291.09
0.19410,778.22,-320.22
0.19420,782.53,-348.89
0.19430,785.74,-377.07
0.19440,787.82,-404.71
0.19450,788.79,-431.78
0.19460,788.64,-458.23
0.19470,787.36,-484.03
0.19480,784.97,-509.15
0.19490,781.46,-533.54
0.19500,776.84,-557.17
0.19510,771.12,-580.01
0.19520,764.30,-602.03
0.19530,756.39,-623.19
0.19540,747.41,-643.46
0.19550,737.37,-662.82
0.19560,726.28,-681.24
0.19570,714.16,-698.69
0.19580,701.02,-715.15
0.19590,686.89,-730.59
0.19600,671.78,-745.00
0.19610,655.72,-758.34
0.19620,638.72,-770.61
0.19630,620.82,-781.78
0.19640,602.03,-791.84
0.19650,582.39,-800.78
0.19660,561.92,-808.58
0.19670,540.66,-815.23
0.19680,518.62,-820.72
0.19690,495.85,-825.04
0.19700,472.37,-828.19
0.19710,448.22,-830.17
0.19720,423.44,-830.96
0.19730,398.05,-830.58
0.19740,372.10,-829.01
0.19750,345.62,-826.27
0.19760,318.64,-822.35
0.19770,291.22,-817.26
0.19780,263.38,-811.02
0.19790,235.16,-803.62
0.19800,206.62,-795.07
0.19810,177.78,-785.40
0.19820,148.68,-774.61
0.19830,119.38,-762.72
0.19840,89.90,-749.75
0.19850,60.30,-735.71
0.19860,30.61,-720.63
0.19870,0.88,-704.52
0.19880,-28.85,-687.41
0.19890,-58.55,-669.32
0.19900,-88.16,-650.29
0.19910,-117.64,-630.33
0.19920,-146.96,-609.47
0.19930,-176.06,-587.75
0.19940,-204.92,-565.19
0.19950,-233.49,-541.83
0.19960,-261.72,-517.69
0.19970,-289.58,-492.83
0.19980,-317.03,-467.26
0.19990,-344.04,-441.03
0.20000,-370.55,-414.17
0.20010,-396.53,-386.72
0.20020,-421.95,-358.73
0.20030,-446.78,-330.22
0.20040,-470.96,-301.24
0.20050,-494.48,-271.84
0.20060,-517.29,-242.05
0.20070,-539.37,-211.92
0.20080,-560.69,-181.48
0.20090,-581.21,-150.79
0.20100,-600.90,-119.88
0.20110,-619.73,-88.81
0.20120,-637.69,-57.60
0.20130,-654.74,-26.32
0.20140,-670.86,5.01
0.20150,-686.02,36.32
0.20160,-700.22,67.59
0.20170,-713.41,98.75
0.20180,-725.59,129.78
0.20190,-736.75,160.63
0.20200,-746.85,191.24
0.20210,-755.89,221.58
0.20220,-763.86,251.61
0.20230,-770.75,281.28
0.20240,-776.53,310.55
0.20250,-781.22,339.38
0.20260,-784.79,367.73
0.20270,-787.25,395.56
0.20280,-788.59,422.82
0.20290,-788.81,449.48
0.20300,-787.91,475.51
0.20310,-785.89,500.85
0.20320,-782.75,525.49
0.20330,-778.51,549.38
0.20340,-773.15,572.49
0.20350,-766.69,594.78
0.20360,-759.15,616.23
0.20370,-750.53,636.80
0.20380,-740.84,656.47
0.20390,-730.09,675.21
0.20400,-718.31,692.99
0.20410,-705.51,709.78
0.20420,-691.71,725.56
0.20430,-676.92,740.31
0.20440,-661.18,754.01
0.20450,-644.49,766.64
0.20460,-626.89,778.18
0.20470,-608.39,788.61
0.20480,-589.03,797.93
0.20490,-568.84,806.11
0.20500,-547.83,813.14
0.20510,-526.05,819.02
0.20520,-503.52,823.73
0.20530,-480.27,827.27
0.20540,-456.34,829.64
0.20550,-431.77,830.83
0.20560,-406.58,830.84
0.20570,-380.81,829.67
0.20580,-354.50,827.31
0.20590,-327.69,823.79
0.20600,-300.41,819.09
0.20610,-272.70,813.23
0.20620,-244.61,806.21
0.20630,-216.17,798.05
0.20640,-187.42,788.75
0.20650,-158.41,778.33
0.20660,-129.17,766.81
0.20670,-99.74,754.19
0.20680,-70.18,740.51
0.20690,-40.51,725.77
0.20700,-10.79,710.00
0.20710,18.95,693.22
0.20720,48.66,675.46
0.20730,78.30,656.74
0.20740,107.83,637.08
0.20750,137.20,616.52
0.20760,166.39,595.08
0.20770,195.33,572.80
0.20780,224.00,549.70
0.20790,252.35,525.82
0.20800,280.34,501.20
0.20810,307.93,475.86
0.20820,335.09,449.84
0.20830,361.77,423.19
0.20840,387.93,395.93
0.20850,413.54,368.12
0.20860,438.57,339.78
0.20870,462.97,310.95
0.20880,486.72,281.69
0.20890,509.77,252.02
0.20900,532.10,222.00
0.20910,553.67,191.66
0.20920,574.46,161.05
0.20930,594.43,130.21
0.20940,613.55,99.18
0.20950,631.80,68.01
0.20960,649.16,36.75
0.20970,665.59,5.44
0.20980,681.08,-25.89
0.20990,695.60,-57.17
0.21000,709.13,-88.38
0.21010,721.65,-119.46
0.21020,733.14,-150.37
0.21030,743.60,-181.06
0.21040,753.00,-211.50
0.21050,761.33,-241.64
0.21060,768.57,-271.44
0.21070,774.73,-300.84
0.21080,779.78,-329.83
0.21090,783.73,-358.34
0.21100,786.56,-386.34
0.21110,788.27,-413.80
0.21120,788.87,-440.66
0.21130,788.34,-466.90
0.21140,786.69,-492.48
0.21150,783.92,-517.36
0.21160,780.04,-541.50
0.21170,775.06,-564.87
0.21180,768.97,-587.44
0.21190,761.79,-609.18
0.21200,753.52,-630.05
0.21210,744.18,-650.02
0.21220,733.79,-669.07
0.21230,722.36,-687.17
0.21240,709.89,-704.29
0.21250,696.42,-720.41
0.21260,681.96,-735.51
0.21270,666.53,-749.57
0.21280,650.15,-762.55
0.21290,632.85,-774.46
0.21300,614.65,-785.26
0.21310,595.58,-794.95
0.21320,575.66,-803.51
0.21330,554.92,-810.92
0.21340,533.39,-817.19
0.21350,511.11,-822.29
0.21360,488.10,-826.22
0.21370,464.39,-828.98
0.21380,440.03,-830.57
0.21390,415.04,-830.97
0.21400,389.46,-830.19
0.21410,363.33,-828.23
0.21420,336.68,-825.09
0.21430,309.55,-820.79
0.21440,281.98,-815.31
0.21450,254.01,-808.68
0.21460,225.68,-800.89
0.21470,197.03,-791.97
0.21480,168.10,-781.93
0.21490,138.93,-770.77
0.21500,109.57,-758.52
0.21510,80.05,-745.19
0.21520,50.41,-730.80
0.21530,20.70,-715.37
0.21540,-9.03,-698.93
0.21550,-38.76,-681.49
0.21560,-68.43,-663.08
0.21570,-98.00,-643.73
0.21580,-127.43,-623.47
0.21590,-156.68,-602.32
0.21600,-185.71,-580.32
0.21610,-214.48,-557.49
0.21620,-242.94,-533.87
0.21630,-271.05,-509.48
0.21640,-298.78,-484.38
0.21650,-326.09,-458.59
0.21660,-352.93,-432.14
0.21670,-379.27,-405.08
0.21680,-405.07,-377.45
0.21690,-430.30,-349.28
0.21700,-454.91,-320.61
0.21710,-478.88,-291.49
0.21720,-502.16,-261.95
0.21730,-524.74,-232.04
0.21740,-546.57,-201.80
0.21750,-567.62,-171.28
0.21760,-587.86,-140.51
0.21770,-607.27,-109.54
0.21780,-625.82,-78.42
0.21790,-643.47,-47.18
0.21800,-660.22,-15.88
0.21810,-676.02,15.45
0.21820,-690.86,46.75
0.21830,-704.73,77.99
0.21840,-717.59,109.11
0.21850,-729.43,140.09
0.21860,-740.23,170.86
0.21870,-749.98,201.39
0.21880,-758.67,231.63
0.21890,-766.28,261.54
0.21900,-772.80,291.09
0.21910,-778.22,320.22
0.21920,-782.53,348.89
0.21930,-785.74,377.07
0.21940,-787.82,404.71
0.21950,-788.79,431.78
0.21960,-788.64,458.23
0.21970,-787.36,484.03
0.21980,-784.97,509.15
0.21990,-781.46,533.54
0.22000,-776.84,557.17
0.22010,-771.12,580.01
0.22020,-764.30,602.03
0.22030,-756.39,623.19
0.22040,-747.41,643.46
0.22050,-737.37,662.82
0.22060,-726.28,681.24
0.22070,-714.16,698.69
0.22080,-701.02,715.15
0.22090,-686.89,730.59
0.22100,-671.78,745.00
0.22110,-655.72,758.34
0.22120,-638.72,770.61
0.22130,-620.82,781.78
0.22140,-602.03,791.84
0.22150,-582.39,800.78
0.22160,-561.92,808.58
0.22170,-540.66,815.23
0.22180,-518.62,820.72
0.22190,-495.85,825.04
0.22200,-472.37,828.19
0.22210,-448.22,830.17
0.22220,-423.44,830.96
0.22230,-398.05,830.58
0.22240,-372.10,829.01
0.22250,-345.62,826.27
0.22260,-318.64,822.35
0.22270,-291.22,817.26
0.22280,-263.38,811.02
0.22290,-235.16,803.62
0.22300,-206.62,795.07
0.22310,-177.78,785.40
0.22320,-148.68,774.61
0.22330,-119.38,762.72
0.22340,-89.90,749.75
0.22350,-60.30,735.71
0.22360,-30.61,720.63
0.22370,-0.88,704.52
0.22380,28.85,687.41
0.22390,58.55,669.32
0.22400,88.16,650.29
0.22410,117.64,630.33
0.22420,146.96,609.47
0.22430,176.06,587.75
0.22440,204.92,565.19
0.22450,233.49,541.83
0.22460,261.72,517.69
0.22470,289.58,492.83
0.22480,317.03,467.26
0.22490,344.04,441.03
0.22500,370.55,414.17
0.22510,396.53,386.72
0.22520,421.95,358.73
0.22530,446.77,330.22
0.22540,470.96,301.24
0.22550,494.48,271.84
0.22560,517.29,242.05
0.22570,539.37,211.92
0.22580,560.69,181.48
0.22590,581.20,150.79
0.22600,600.90,119.88
0.22610,619.73,88.81
0.22620,637.69,57.60
0.22630,654.74,26.32
0.22640,670.86,-5.01
0.22650,686.02,-36.32
0.22660,700.22,-67.59
0.22670,713.41,-98.75
0.22680,725.59,-129.78
0.22690,736.75,-160.63
0.22700,746.85,-191.24
0.22710,755.89,-221.58
0.22720,763.86,-251.61
0.22730,770.75,-281.28
0.22740,776.53,-310.55
0.22750,781.22,-339.38
0.22760,784.79,-367.73
0.22770,787.25,-395.56
0.22780,788.59,-422.82
0.22790,788.81,-449.48
0.22800,787.91,-475.51
0.22810,785.89,-500.85
0.22820,782.75,-525.49
0.22830,778.51,-549.38
0.22840,773.15,-572.49
0.22850,766.69,-594.78
0.22860,759.15,-616.23
0.22870,750.53,-636.80
0.22880,740.84,-656.47
0.22890,730.09,-675.21
0.22900,718.32,-692.99
0.22910,705.51,-709.78
0.22920,691.71,-725.56
0.22930,676.92,-740.31
0.22940,661.18,-754.01
0.22950,644.49,-766.64
0.22960,626.89,-778.18
0.22970,608.39,-788.61
0.22980,589.03,-797.93
0.22990,568.84,-806.11
0.23000,547.83,-813.14
0.23010,526.05,-819.02
0.23020,503.52,-823.73
0.23030,480.27,-827.27
0.23040,456.34,-829.64
0.23050,431.77,-830.83
0.23060,406.58,-830.84
0.23070,380.81,-829.67
0.23080,354.50,-827.31
0.23090,327.69,-823.79
0.23100,300.41,-819.09
0.23110,272.70,-813.23
0.23120,244.61,-806.21
0.23130,216.17,-798.05
0.23140,187.42,-788.75
0.23150,158.41,-778.33
0.23160,129.17,-766.81
0.23170,99.74,-754.19
0.23180,70.18,-740.51
0.23190,40.51,-725.77
0.23200,10.79,-710.00
0.23210,-18.95,-693.22
0.23220,-48.66,-675.46
0.23230,-78.30,-656.74
0.23240,-107.83,-637.08
0.23250,-137.20,-616.52
0.23260,-166.39,-595.08
0.23270,-195.33,-572.80
0.23280,-224.00,-549.70
0.23290,-252.35,-525.82
0.23300,-280.34,-501.20
0.23310,-307.93,-475.86
0.23320,-335.09,-449.84
0.23330,-361.77,-423.19
0.23340,-387.93,-395.93
0.23350,-413.54,-368.12
0.23360,-438.57,-339.78
0.23370,-462.97,-310.95
0.23380,-486.72,-281.69
0.23390,-509.77,-252.02
0.23400,-532.10,-222.00
0.23410,-553.67,-191.66
0.23420,-574.46,-161.05
0.23430,-594.43,-130.21
0.23440,-613.55,-99.18
0.23450,-631.80,-68.01
0.23460,-649.16,-36.75
0.23470,-665.59,-5.44
0.23480,-681.08,25.89
0.23490,-695.60,57.17
0.23500,-709.13,88.38
0.23510,-721.65,119.46
0.23520,-733.14,150.37
0.23530,-743.60,181.06
0.23540,-753.00,211.50
0.23550,-761.33,241.64
0.23560,-768.57,271.44
0.23570,-774.73,300.84
0.23580,-779.78,329.83
0.23590,-783.73,358.34
0.23600,-786.56,386.34
0.23610,-788.27,413.80
0.23620,-788.87,440.66
0.23630,-788.34,466.90
0.23640,-786.69,492.48
0.23650,-783.92,517.36
0.23660,-780.04,541.50
0.23670,-775.06,564.87
0.23680,-768.97,587.44
0.23690,-761.79,609.18
0.23700,-753.52,630.05
0.23710,-744.18,650.02
0.23720,-733.79,669.07
0.23730,-722.36,687.17
0.23740,-709.89,704.29
0.23750,-696.42,720.41
0.23760,-681.96,735.51
0.23770,-666.53,749.56
0.23780,-650.15,762.55
0.23790,-632.85,774.46
0.23800,-614.65,785.26
0.23810,-595.58,794.95
0.23820,-575.66,803.51
0.23830,-554.92,810.92
0.23840,-533.39,817.19
0.23850,-511.11,822.29
0.23860,-488.10,826.22
0.23870,-464.39,828.98
0.23880,-440.03,830.57
0.23890,-415.04,830.97
0.23900,-389.46,830.19
0.23910,-363.33,828.23
0.23920,-336.68,825.09
0.23930,-309.55,820.79
0.23940,-281.98,815.31
0.23950,-254.01,808.68
0.23960,-225.68,800.89
0.23970,-197.03,791.97
0.23980,-168.10,781.93
0.23990,-138.93,770.77
0.24000,-109.57,758.52
0.24010,-80.05,745.19
0.24020,-50.41,730.80
0.24030,-20.70,715.37
0.24040,9.03,698.93
0.24050,38.76,681.49
0.24060,68.43,663.08
0.24070,98.00,643.73
0.24080,127.43,623.47
0.24090,156.68,602.32
0.24100,185.71,580.32
0.24110,214.48,557.49
0.24120,242.94,533.87
0.24130,271.05,509.48
0.24140,298.78,484.38
0.24150,326.09,458.59
0.24160,352.93,432.14
0.24170,379.27,405.08
0.24180,405.07,377.45
0.24190,430.30,349.28
0.24200,454.91,320.61
0.24210,478.88,291.49
0.24220,502.16,261.95
0.24230,524.74,232.04
0.24240,546.57,201.80
0.24250,567.62,171.28
0.24260,587.86,140.51
0.24270,607.27,109.54
0.24280,625.82,78.42
0.24290,643.47,47.18
0.24300,660.22,15.88
0.24310,676.02,-15.45
0.24320,690.86,-46.75
0.24330,704.73,-77.99
0.24340,717.59,-109.11
0.24350,729.43,-140.09
0.24360,740.23,-170.86
0.24370,749.98,-201.39
0.24380,758.67,-231.63
0.24390,766.28,-261.54
0.24400,772.80,-291.09
0.24410,778.22,-320.22
0.24420,782.53,-348.89
0.24430,785.74,-377.07
0.24440,787.82,-404.71
0.24450,788.79,-431.78
0.24460,788.64,-458.23
0.24470,787.36,-484.03
0.24480,784.97,-509.15
0.24490,781.46,-533.54
0.24500,776.84,-557.17
0.24510,771.12,-580.01
0.24520,764.30,-602.03
0.24530,756.39,-623.19
0.24540,747.41,-643.46
0.24550,737.37,-662.82
0.24560,726.28,-681.24
0.24570,714.16,-698.69
0.24580,701.02,-715.15
0.24590,686.89,-730.59
0.24600,671.78,-745.00
0.24610,655.72,-758.34
0.24620,638.72,-770.61
0.24630,620.82,-781.78
0.24640,602.03,-791.84
0.24650,582.39,-800.78
0.24660,561.92,-808.58
0.24670,540.66,-815.23
0.24680,518.62,-820.72
0.24690,495.85,-825.04
0.24700,472.37,-828.19
0.24710,448.22,-830.17
0.24720,423.44,-830.96
0.24730,398.05,-830.58
0.24740,372.10,-829.01
0.24750,345.62,-826.27
0.24760,318.64,-822.35
0.24770,291.22,-817.26
0.24780,263.38,-811.02
0.24790,235.17,-803.62
0.24800,206.62,-795.07
0.24810,177.78,-785.40
0.24820,148.68,-774.61
0.24830,119.38,-762.72
0.24840,89.90,-749.75
0.24850,60.30,-735.71
0.24860,30.61,-720.63
0.24870,0.88,-704.52
0.24880,-28.85,-687.41
0.24890,-58.55,-669.32
0.24900,-88.16,-650.29
0.24910,-117.64,-630.33
0.24920,-146.96,-609.47
0.24930,-176.06,-587.75
0.24940,-204.92,-565.19
0.24950,-233.49,-541.83
0.24960,-261.72,-517.69
0.24970,-289.58,-492.83
0.24980,-317.03,-467.26
0.24990,-344.03,-441.03
0.25000,-370.55,-414.17
0.25010,-396.53,-386.72
0.25020,-421.95,-358.73
0.25030,-446.77,-330.22
0.25040,-470.96,-301.24
0.25050,-494.48,-271.84
0.25060,-517.29,-242.05
0.25070,-539.37,-211.92
0.25080,-560.69,-181.48
0.25090,-581.20,-150.79
0.25100,-600.90,-119.88
0.25110,-619.73,-88.81
0.25120,-637.69,-57.60
0.25130,-654.74,-26.32
0.25140,-670.86,5.01
0.25150,-686.02,36.32
0.25160,-700.22,67.59
0.25170,-713.41,98.75
0.25180,-725.59,129.78
0.25190,-736.75,160.63
0.25200,-746.85,191.24
0.25210,-755.89,221.58
0.25220,-763.86,251.61
0.25230,-770.75,281.28
0.25240,-776.53,310.55
0.25250,-781.22,339.38
0.25260,-784.79,367.73
0.25270,-787.25,395.56
0.25280,-788.59,422.82
0.25290,-788.81,449.48
0.25300,-787.91,475.50
0.25310,-785.89,500.85
0.25320,-782.75,525.49
0.25330,-778.51,549.38
0.25340,-773.15,572.49
0.25350,-766.69,594.78
0.25360,-759.15,616.23
0.25370,-750.53,636.80
0.25380,-740.84,656.47
0.25390,-730.09,675.21
0.25400,-718.32,692.99
0.25410,-705.51,709.78
0.25420,-691.71,725.56
0.25430,-676.93,740.31
0.25440,-661.18,754.01
0.25450,-644.49,766.64
0.25460,-626.89,778.18
0.25470,-608.39,788.61
0.25480,-589.03,797.93
0.25490,-568.84,806.11
0.25500,-547.83,813.14
0.25510,-526.05,819.02
0.25520,-503.52,823.73
0.25530,-480.27,827.27
0.25540,-456.34,829.64
0.25550,-431.77,830.83
0.25560,-406.58,830.84
0.25570,-380.81,829.67
0.25580,-354.50,827.31
0.25590,-327.69,823.79
0.25600,-300.41,819.09
0.25610,-272.70,813.23
0.25620,-244.61,806.21
0.25630,-216.17,798.05
0.25640,-187.42,788.75
0.25650,-158.41,778.33
0.25660,-129.17,766.81
0.25670,-99.74,754.19
0.25680,-70.18,740.51
0.25690,-40.51,725.77
0.25700,-10.79,710.00
0.25710,18.95,693.22
0.25720,48.66,675.46
0.25730,78.30,656.74
0.25740,107.83,637.08
0.25750,137.20,616.52
0.25760,166.39,595.08
0.25770,195.33,572.80
0.25780,224.00,549.70
0.25790,252.35,525.82
0.25800,280.34,501.20
0.25810,307.93,475.86
0.25820,335.09,449.84
0.25830,361.77,423.19
0.25840,387.93,395.93
0.25850,413.54,368.12
0.25860,438.57,339.78
0.25870,462.97,310.95
0.25880,486.72,281.69
0.25890,509.77,252.02
0.25900,532.10,222.00
0.25910,553.67,191.66
0.25920,574.46,161.05
0.25930,594.43,130.21
0.25940,613.55,99.18
0.25950,631.80,68.01
0.25960,649.16,36.75
0.25970,665.59,5.44
0.25980,681.08,-25.89
0.25990,695.60,-57.17
0.26000,709.13,-88.38
0.26010,721.65,-119.46
0.26020,733.14,-150.37
0.26030,743.60,-181.06
0.26040,753.00,-211.50
0.26050,761.33,-241.64
0.26060,768.57,-271.44
0.26070,774.73,-300.84
0.26080,779.78,-329.83
0.26090,783.73,-358.34
0.26100,786.56,-386.34
0.26110,788.27,-413.80
0.26120,788.87,-440.66
0.26130,788.34,-466.90
0.26140,786.69,-492.48
0.26150,783.92,-517.36
0.26160,780.04,-541.50
0.26170,775.06,-564.87
0.26180,768.97,-587.44
0.26190,761.79,-609.18
0.26200,753.52,-630.05
0.26210,744.18,-650.02
0.26220,733.79,-669.07
0.26230,722.36,-687.17
0.26240,709.89,-704.29
0.26250,696.42,-720.41
0.26260,681.96,-735.51
0.26270,666.53,-749.56
0.26280,650.15,-762.55
0.26290,632.85,-774.46
0.26300,614.65,-785.26
0.26310,595.58,-794.95
0.26320,575.66,-803.51
0.26330,554.92,-810.92
0.26340,533.39,-817.19
0.26350,511.11,-822.29
0.26360,488.10,-826.22
0.26370,464.39,-828.98
0.26380,440.03,-830.57
0.26390,415.04,-830.97
0.26400,389.46,-830.19
0.26410,363.33,-828.23
0.26420,336.68,-825.09
0.26430,309.55,-820.79
0.26440,281.98,-815.31
0.26450,254.01,-808.68
0.26460,225.68,-800.90
0.26470,197.03,-791.97
0.26480,168.10,-781.93
0.26490,138.94,-770.77
0.26500,109.57,-758.52
0.26510,80.05,-745.19
0.26520,50.41,-730.80
0.26530,20.70,-715.37
0.26540,-9.03,-698.93
0.26550,-38.76,-681.49
0.26560,-68.43,-663.08
0.26570,-98.00,-643.73
0.26580,-127.43,-623.47
0.26590,-156.68,-602.32
0.26600,-185.71,-580.32
0.26610,-214.48,-557.49
0.26620,-242.94,-533.87
0.26630,-271.05,-509.49
0.26640,-298.78,-484.38
0.26650,-326.09,-458.59
0.26660,-352.93,-432.14
0.26670,-379.27,-405.08
0.26680,-405.07,-377.45
0.26690,-430.30,-349.28
0.26700,-454.91,-320.61
0.26710,-478.88,-291.49
0.26720,-502.16,-261.95
0.26730,-524.74,-232.04
0.26740,-546.57,-201.80
0.26750,-567.62,-171.28
0.26760,-587.86,-140.51
0.26770,-607.27,-109.54
0.26780,-625.82,-78.42
0.26790,-643.47,-47.18
0.26800,-660.22,-15.88
0.26810,-676.02,15.45
0.26820,-690.86,46.75
0.26830,-704.73,77.99
0.26840,-717.59,109.11
0.26850,-729.43,140.09
0.26860,-740.23,170.86
0.26870,-749.98,201.39
0.26880,-758.67,231.63
0.26890,-766.28,261.54
0.26900,-772.80,291.09
0.26910,-778.22,320.22
0.26920,-782.53,348.89
0.26930,-785.74,377.07
0.26940,-787.82,404.71
0.26950,-788.79,431.78
0.26960,-788.64,458.23
0.26970,-787.36,484.03
0.26980,-784.97,509.15
0.26990,-781.46,533.54
0.27000,-776.84,557.17
0.27010,-771.12,580.01
0.27020,-764.30,602.03
0.27030,-756.40,623.19
0.27040,-747.41,643.46
0.27050,-737.37,662.82
0.27060,-726.28,681.24
0.27070,-714.16,698.69
0.27080,-701.02,715.15
0.27090,-686.89,730.59
0.27100,-671.78,745.00
0.27110,-655.72,758.34
0.27120,-638.72,770.61
0.27130,-620.82,781.78
0.27140,-602.03,791.84
0.27150,-582.39,800.78
0.27160,-561.92,808.58
0.27170,-540.66,815.23
0.27180,-518.62,820.72
0.27190,-495.85,825.04
0.27200,-472.37,828.19
0.27210,-448.22,830.17
0.27220,-423.44,830.96
0.27230,-398.05,830.58
0.27240,-372.10,829.01
0.27250,-345.62,826.27
0.27260,-318.64,822.35
0.27270,-291.22,817.26
0.27280,-263.38,811.02
0.27290,-235.17,803.62
0.27300,-206.62,795.07
0.27310,-177.78,785.40
0.27320,-148.68,774.61
0.27330,-119.38,762.72
0.27340,-89.90,749.75
0.27350,-60.30,735.71
0.27360,-30.61,720.63
0.27370,-0.88,704.52
0.27380,28.85,687.41
0.27390,58.55,669.32
0.27400,88.15,650.29
0.27410,117.64,630.33
0.27420,146.96,609.47
0.27430,176.06,587.75
0.27440,204.92,565.19
0.27450,233.49,541.83
0.27460,261.72,517.69
0.27470,289.58,492.83
0.27480,317.03,467.26
0.27490,344.03,441.03
0.27500,370.55,414.17
0.27510,396.53,386.72
0.27520,421.95,358.73
0.27530,446.77,330.22
0.27540,470.96,301.25
0.27550,494.48,271.84
0.27560,517.29,242.05
0.27570,539.37,211.92
0.27580,560.69,181.48
0.27590,581.20,150.79
0.27600,600.90,119.88
0.27610,619.73,88.81
0.27620,637.69,57.60
0.27630,654.74,26.32
0.27640,670.86,-5.01
0.27650,686.02,-36.32
0.27660,700.22,-67.59
0.27670,713.41,-98.75
0.27680,725.59,-129.78
0.27690,736.75,-160.63
0.27700,746.85,-191.24
0.27710,755.89,-221.58
0.27720,763.86,-251.61
0.27730,770.75,-281.28
0.27740,776.53,-310.55
0.27750,781.22,-339.38
0.27760,784.79,-367.73
0.27770,787.25,-395.56
0.27780,788.59,-422.82
0.27790,788.81,-449.48
0.27800,787.91,-475.50
0.27810,785.89,-500.85
0.27820,782.75,-525.49
0.27830,778.51,-549.38
0.27840,773.15,-572.49
0.27850,766.69,-594.78
0.27860,759.15,-616.23
0.27870,750.53,-636.80
0.27880,740.84,-656.47
0.27890,730.10,-675.21
0.27900,718.32,-692.99
0.27910,705.51,-709.78
0.27920,691.71,-725.56
0.27930,676.93,-740.31
0.27940,661.18,-754.01
0.27950,644.49,-766.64
0.27960,626.89,-778.18
0.27970,608.39,-788.61
0.27980,589.03,-797.93
0.27990,568.84,-806.11
0.28000,547.83,-813.14
0.28010,526.05,-819.02
0.28020,503.52,-823.73
0.28030,480.27,-827.27
0.28040,456.34,-829.64
0.28050,431.77,-830.83
0.28060,406.58,-830.84
0.28070,380.81,-829.67
0.28080,354.50,-827.31
0.28090,327.69,-823.79
0.28100,300.41,-819.09
0.28110,272.70,-813.23
0.28120,244.61,-806.21
0.28130,216.17,-798.05
0.28140,187.42,-788.75
0.28150,158.41,-778.33
0.28160,129.17,-766.81
0.28170,99.74,-754.19
0.28180,70.18,-740.51
0.28190,40.51,-725.77
0.28200,10.79,-710.00
0.28210,-18.95,-693.22
0.28220,-48.66,-675.46
0.28230,-78.30,-656.74
0.28240,-107.83,-637.08
0.28250,-137.20,-616.52
0.28260,-166.39,-595.08
0.28270,-195.33,-572.80
0.28280,-224.00,-549.70
0.28290,-252.35,-525.82
0.28300,-280.34,-501.20
0.28310,-307.93,-475.86
0.28320,-335.09,-449.84
0.28330,-361.77,-423.19
0.28340,-387.93,-395.93
0.28350,-413.54,-368.12
0.28360,-438.57,-339.78
0.28370,-462.97,-310.95
0.28380,-486.72,-281.69
0.28390,-509.77,-252.02
0.28400,-532.10,-222.00
0.28410,-553.67,-191.66
0.28420,-574.46,-161.05
0.28430,-594.43,-130.21
0.28440,-613.55,-99.18
0.28450,-631.80,-68.01
0.28460,-649.16,-36.75
0.28470,-665.59,-5.44
0.28480,-681.08,25.89
0.28490,-695.59,57.17
0.28500,-709.13,88.38
0.28510,-721.65,119.46
0.28520,-733.14,150.37
0.28530,-743.60,181.06
0.28540,-753.00,211.50
0.28550,-761.33,241.64
0.28560,-768.57,271.43
0.28570,-774.73,300.84
0.28580,-779.78,329.83
0.28590,-783.73,358.34
0.28600,-786.56,386.34
0.28610,-788.27,413.80
0.28620,-788.87,440.66
0.28630,-788.34,466.90
0.28640,-786.69,492.48
0.28650,-783.92,517.36
0.28660,-780.04,541.50
0.28670,-775.06,564.87
0.28680,-768.97,587.44
0.28690,-761.79,609.18
0.28700,-753.52,630.05
0.28710,-744.19,650.02
0.28720,-733.79,669.07
0.28730,-722.36,687.17
0.28740,-709.89,704.29
0.28750,-696.42,720.41
0.28760,-681.96,735.51
0.28770,-666.53,749.56
0.28780,-650.15,762.55
0.28790,-632.85,774.46
0.28800,-614.65,785.26
0.28810,-595.58,794.95
0.28820,-575.66,803.51
0.28830,-554.92,810.92
0.28840,-533.39,817.19
0.28850,-511.11,822.29
0.28860,-488.10,826.22
0.28870,-464.39,828.98
0.28880,-440.03,830.57
0.28890,-415.04,830.97
0.28900,-389.46,830.19
0.28910,-363.33,828.23
0.28920,-336.68,825.09
0.28930,-309.55,820.79
0.28940,-281.98,815.31
0.28950,-254.01,808.68
0.28960,-225.68,800.90
0.28970,-197.03,791.97
0.28980,-168.10,781.93
0.28990,-138.94,770.77
0.29000,-109.57,758.52
0.29010,-80.05,745.19
0.29020,-50.41,730.80
0.29030,-20.70,715.37
0.29040,9.03,698.93
0.29050,38.76,681.49
0.29060,68.43,663.08
0.29070,98.00,643.73
0.29080,127.43,623.47
0.29090,156.68,602.32
0.29100,185.71,580.32
0.29110,214.48,557.49
0.29120,242.94,533.87
0.29130,271.05,509.49
0.29140,298.78,484.38
0.29150,326.09,458.59
0.29160,352.93,432.14
0.29170,379.27,405.08
0.29180,405.07,377.45
0.29190,430.30,349.28
0.29200,454.91,320.61
0.29210,478.88,291.49
0.29220,502.16,261.95
0.29230,524.74,232.04
0.29240,546.57,201.80
0.29250,567.62,171.28
0.29260,587.86,140.51
0.29270,607.27,109.54
0.29280,625.82,78.42
0.29290,643.47,47.18
0.29300,660.22,15.88
0.29310,676.02,-15.45
0.29320,690.86,-46.75
0.29330,704.73,-77.99
0.29340,717.59,-109.11
0.29350,729.43,-140.09
0.29360,740.23,-170.86
0.29370,749.98,-201.39
0.29380,758.67,-231.63
0.29390,766.28,-261.54
0.29400,772.80,-291.09
0.29410,778.22,-320.21
0.29420,782.53,-348.89
0.29430,785.74,-377.07
0.29440,787.82,-404.71
0.29450,788.79,-431.78
0.29460,788.64,-458.23
0.29470,787.36,-484.03
0.29480,784.97,-509.14
0.29490,781.46,-533.54
0.29500,776.84,-557.17
0.29510,771.12,-580.01
0.29520,764.30,-602.03
0.29530,756.40,-623.19
0.29540,747.42,-643.46
0.29550,737.37,-662.82
0.29560,726.28,-681.24
0.29570,714.16,-698.69
0.29580,701.02,-715.15
0.29590,686.89,-730.59
0.29600,671.78,-745.00
0.29610,655.72,-758.34
0.29620,638.72,-770.61
0.29630,620.82,-781.78
0.29640,602.03,-791.84
0.29650,582.39,-800.78
0.29660,561.92,-808.58
0.29670,540.66,-815.23
0.29680,518.62,-820.72
0.29690,495.85,-825.04
0.29700,472.37,-828.19
0.29710,448.22,-830.17
0.29720,423.44,-830.96
0.29730,398.05,-830.58
0.29740,372.10,-829.01
0.29750,345.62,-826.27
0.29760,318.64,-822.35
0.29770,291.22,-817.26
0.29780,263.38,-811.02
0.29790,235.17,-803.62
0.29800,206.62,-795.07
0.29810,177.78,-785.40
0.29820,148.68,-774.61
0.29830,119.38,-762.72
0.29840,89.90,-749.75
0.29850,60.30,-735.71
0.29860,30.61,-720.63
0.29870,0.88,-704.52
0.29880,-28.85,-687.41
0.29890,-58.55,-669.32
0.29900,-88.15,-650.29
0.29910,-117.64,-630.33
0.29920,-146.95,-609.47
0.29930,-176.06,-587.75
0.29940,-204.92,-565.19
0.29950,-233.49,-541.83
0.29960,-261.72,-517.69
0.29970,-289.58,-492.83
0.29980,-317.03,-467.26
0.29990,-344.03,-441.03
0.30000,-370.55,-414.17
0.30005,-393.78,-393.45
0.30012,-432.66,-360.04
0.30022,-507.91,-297.17
0.30032,-606.86,-215.30
0.30042,-719.34,-119.90
0.30052,-830.71,-20.00
0.30062,-930.35,77.02
0.30072,-1016.46,168.74
0.30082,-1095.18,257.95
0.30092,-1175.54,350.25
0.30102,-1263.92,450.78
0.30112,-1361.07,561.67
0.30122,-1462.77,681.32
0.30132,-1563.17,805.60
0.30142,-1658.36,930.04
0.30152,-1748.14,1051.90
0.30162,-1835.39,1171.04
0.30172,-1923.95,1289.53
0.30182,-2016.33,1410.01
0.30192,-2112.71,1534.13
0.30202,-2211.40,1661.50
0.30212,-2310.16,1789.95
0.30222,-2407.49,1916.69
0.30232,-2503.17,2039.75
0.30242,-2597.91,2158.83
0.30252,-2692.61,2275.23
0.30262,-2787.65,2390.90
0.30272,-2882.70,2507.18
0.30282,-2976.90,2624.09
0.30292,-3069.32,2740.38
0.30302,-3159.19,2854.34
0.30312,-3246.11,2964.86
0.30322,-3329.87,3071.91
0.30332,-3410.43,3176.46
0.30342,-3487.73,3279.69
0.30352,-3561.75,3382.25
0.30362,-3632.44,3483.78
0.30372,-3699.78,3583.15
0.30382,-3763.61,3679.10
0.30392,-3823.78,3770.88
0.30402,-3880.12,3858.51
0.30412,-3932.57,3942.53
0.30422,-3981.27,4023.43
0.30432,-4026.50,4101.26
0.30442,-4068.55,4175.44
0.30452,-4107.53,4245.13
0.30462,-4143.32,4309.61
0.30472,-4175.59,4368.70
0.30482,-4204.00,4422.66
0.30492,-4228.31,4471.98
0.30502,-4248.50,4516.97
0.30512,-4264.63,4557.59
0.30522,-4276.76,4593.49
0.30532,-4284.73,4624.31
0.30542,-4288.21,4649.92
0.30552,-4286.76,4670.50
0.30562,-4280.05,4686.44
0.30572,-4267.92,4698.03
0.30582,-4250.46,4705.36
0.30592,-4227.84,4708.23
0.30602,-4200.22,4706.31
0.30612,-4167.62,4699.37
0.30622,-4129.97,4687.38
0.30632,-4087.22,4670.44
0.30642,-4039.48,4648.65
0.30652,-3986.98,4621.99
0.30662,-3930.12,4590.26
0.30672,-3869.26,4553.14
0.30682,-3804.69,4510.39
0.30692,-3736.54,4461.90
0.30702,-3664.88,4407.76
0.30712,-3589.78,4348.11
0.30722,-3511.39,4283.07
0.30732,-3429.91,4212.66
0.30742,-3345.56,4136.86
0.30752,-3258.44,4055.64
0.30762,-3168.56,3969.14
0.30772,-3075.82,3877.62
0.30782,-2980.12,3781.44
0.30792,-2881.38,3680.94
0.30802,-2779.62,3576.38
0.30812,-2674.89,3467.93
0.30822,-2567.23,3355.76
0.30832,-2456.67,3240.05
0.30842,-2343.18,3121.07
0.30852,-2226.75,2999.13
0.30862,-2107.44,2874.54
0.30872,-1985.40,2747.50
0.30882,-1860.86,2618.12
0.30892,-1734.09,2486.45
0.30902,-1605.33,2352.56
0.30912,-1474.83,2216.53
0.30922,-1342.83,2078.51
0.30932,-1209.57,1938.67
0.30942,-1075.36,1797.13
0.30952,-940.53,1653.95
0.30962,-805.42,1509.17
0.30972,-670.32,1362.84
0.30982,-535.50,1215.07
0.30992,-401.14,1066.03
0.31002,-267.43,915.94
0.31012,-134.53,765.04
0.31022,-2.62,613.53
0.31032,128.14,461.62
0.31042,257.60,309.49
0.31052,385.66,157.37
0.31062,512.26,5.55
0.31072,637.34,-145.67
0.31082,760.85,-295.98
0.31092,882.70,-445.09
0.31102,1002.76,-592.76
0.31112,1120.92,-738.79
0.31122,1237.05,-882.97
0.31132,1351.03,-1025.09
0.31142,1462.72,-1164.91
0.31152,1571.99,-1302.23
0.31162,1678.65,-1436.85
0.31172,1782.51,-1568.63
0.31182,1883.35,-1697.46
0.31192,1980.97,-1823.23
0.31202,2075.17,-1945.81
0.31212,2165.78,-2065.09
0.31222,2252.65,-2180.90
0.31232,2335.60,-2293.12
0.31242,2414.50,-2401.62
0.31252,2489.20,-2506.28
0.31262,2559.58,-2606.99
0.31272,2625.57,-2703.62
0.31282,2687.10,-2796.02
0.31292,2744.15,-2884.02
0.31302,2796.70,-2967.46
0.31312,2844.73,-3046.18
0.31322,2888.23,-3120.05
0.31332,2927.19,-3188.94
0.31342,2961.62,-3252.73
0.31352,2991.52,-3311.31
0.31362,3016.91,-3364.57
0.31372,3037.79,-3412.40
0.31382,3054.16,-3454.73
0.31392,3066.00,-3491.52
0.31402,3073.26,-3522.73
0.31412,3075.91,-3548.38
0.31422,3073.92,-3568.45
0.31432,3067.26,-3582.97
0.31442,3055.88,-3591.95
0.31452,3039.76,-3595.43
0.31462,3018.87,-3593.46
0.31472,2993.17,-3586.08
0.31482,2962.65,-3573.38
0.31492,2927.32,-3555.39
0.31502,2887.21,-3532.19
0.31512,2842.38,-3503.80
0.31522,2792.88,-3470.28
0.31532,2738.81,-3431.66
0.31542,2680.27,-3387.98
0.31552,2617.38,-3339.30
0.31562,2550.26,-3285.65
0.31572,2479.08,-3227.08
0.31582,2404.00,-3163.62
0.31592,2325.20,-3095.32
0.31602,2242.84,-3022.23
0.31612,2157.10,-2944.42
0.31622,2068.14,-2861.98
0.31632,1976.12,-2774.99
0.31642,1881.21,-2683.57
0.31652,1783.56,-2587.85
0.31662,1683.32,-2487.95
0.31672,1580.62,-2384.04
0.31682,1475.58,-2276.27
0.31692,1368.33,-2164.84
0.31702,1258.99,-2049.94
0.31712,1147.66,-1931.78
0.31722,1034.46,-1810.57
0.31732,919.52,-1686.51
0.31742,802.95,-1559.83
0.31752,684.90,-1430.73
0.31762,565.48,-1299.45
0.31772,444.86,-1166.19
0.31782,323.18,-1031.15
0.31792,200.63,-894.56
0.31802,77.37,-756.60
0.31812,-46.38,-617.45
0.31822,-170.44,-477.32
0.31832,-294.61,-336.37
0.31842,-418.65,-194.80
0.31852,-542.38,-52.78
0.31862,-665.56,89.50
0.31872,-788.00,231.88
0.31882,-909.47,374.18
0.31892,-1029.77,516.20
0.31902,-1148.72,657.76
0.31912,-1266.13,798.68
0.31922,-1381.82,938.74
0.31932,-1495.63,1077.76
0.31942,-1607.40,1215.52
0.31952,-1716.98,1351.82
0.31962,-1824.23,1486.45
0.31972,-1929.02,1619.20
0.31982,-2031.23,1749.86
0.31992,-2130.73,1878.22
0.32002,-2227.41,2004.09
0.32012,-2321.14,2127.25
0.32022,-2411.81,2247.52
0.32032,-2499.30,2364.72
0.32042,-2583.49,2478.67
0.32052,-2664.26,2589.21
0.32062,-2741.49,2696.17
0.32072,-2815.06,2799.41
0.32082,-2884.84,2898.79
0.32092,-2950.73,2994.18
0.32102,-3012.59,3085.45
0.32112,-3070.33,3172.48
0.32122,-3123.83,3255.18
0.32132,-3172.99,3333.42
0.32142,-3217.73,3407.12
0.32152,-3257.97,3476.17
0.32162,-3293.64,3540.48
0.32172,-3324.67,3599.96
0.32182,-3351.03,3654.52
0.32192,-3372.68,3704.08
0.32202,-3389.60,3748.55
0.32212,-3401.78,3787.86
0.32222,-3409.22,3821.94
0.32232,-3411.92,3850.73
0.32242,-3409.90,3874.15
0.32252,-3403.19,3892.17
0.32262,-3391.80,3904.73
0.32272,-3375.78,3911.82
0.32282,-3355.15,3913.39
0.32292,-3329.95,3909.46
0.32302,-3300.22,3900.01
0.32312,-3266.01,3885.05
0.32322,-3227.34,3864.62
0.32332,-3184.28,3838.75
0.32342,-3136.85,3807.48
0.32352,-3085.12,3770.87
0.32362,-3029.13,3728.98
0.32372,-2968.95,3681.90
0.32382,-2904.63,3629.70
0.32392,-2836.24,3572.46
0.32402,-2763.88,3510.29
0.32412,-2687.61,3443.28
0.32422,-2607.54,3371.54
0.32432,-2523.78,3295.17
0.32442,-2436.44,3214.27
0.32452,-2345.64,3128.97
0.32462,-2251.53,3039.37
0.32472,-2154.23,2945.60
0.32482,-2053.91,2847.77
0.32492,-1950.71,2746.01
0.32502,-1844.81,2640.45
0.32512,-1736.37,2531.22
0.32522,-1625.55,2418.47
0.32532,-1512.54,2302.34
0.32542,-1397.50,2182.99
0.32552,-1280.60,2060.56
0.32562,-1162.02,1935.24
0.32572,-1041.94,1807.18
0.32582,-920.51,1676.58
0.32592,-797.92,1543.61
0.32602,-674.32,1408.47
0.32612,-549.88,1271.36
0.32622,-424.76,1132.48
0.32632,-299.13,992.04
0.32642,-173.16,850.24
0.32652,-47.00,707.30
0.32662,79.17,563.43
0.32672,205.20,418.84
0.32682,330.91,273.75
0.32692,456.12,128.36
0.32702,580.68,-17.12
0.32712,704.39,-162.47
0.32722,827.09,-307.50
0.32732,948.60,-452.00
0.32742,1068.74,-595.76
0.32752,1187.33,-738.60
0.32762,1304.20,-880.32
0.32772,1419.16,-1020.72
0.32782,1532.05,-1159.62
0.32792,1642.69,-1296.81
0.32802,1750.93,-1432.13
0.32812,1856.60,-1565.37
0.32822,1959.55,-1696.36
0.32832,2059.63,-1824.92
0.32842,2156.69,-1950.85
0.32852,2250.61,-2073.99
0.32862,2341.26,-2194.15
0.32872,2428.50,-2311.16
0.32882,2512.23,-2424.85
0.32892,2592.34,-2535.06
0.32902,2668.71,-2641.62
0.32912,2741.26,-2744.38
0.32922,2809.88,-2843.18
0.32932,2874.49,-2937.88
0.32942,2935.00,-3028.34
0.32952,2991.32,-3114.44
0.32962,3043.38,-3196.05
0.32972,3091.11,-3273.05
0.32982,3134.43,-3345.34
0.32992,3173.28,-3412.82
0.33002,3207.61,-3475.39
0.33012,3237.35,-3532.99
0.33022,3262.45,-3585.52
0.33032,3282.88,-3632.92
0.33042,3298.59,-3675.13
0.33052,3309.57,-3712.09
0.33062,3315.78,-3743.77
0.33072,3317.22,-3770.11
0.33082,3313.87,-3791.08
0.33092,3305.76,-3806.65
0.33102,3292.87,-3816.81
0.33112,3275.25,-3821.53
0.33122,3252.92,-3820.80
0.33132,3225.91,-3814.63
0.33142,3194.27,-3803.02
0.33152,3158.06,-3785.97
0.33162,3117.32,-3763.51
0.33172,3072.14,-3735.67
0.33182,3022.57,-3702.48
0.33192,2968.70,-3663.97
0.33202,2910.61,-3620.22
0.33212,2848.38,-3571.26
0.33222,2782.11,-3517.18
0.33232,2711.88,-3458.04
0.33242,2637.81,-3393.95
0.33252,2559.98,-3324.98
0.33262,2478.51,-3251.24
0.33272,2393.50,-3172.84
0.33282,2305.08,-3089.90
0.33292,2213.37,-3002.54
0.33302,2118.48,-2910.89
0.33312,2020.54,-2815.09
0.33322,1919.70,-2715.27
0.33332,1816.08,-2611.58
0.33342,1709.84,-2504.18
0.33352,1601.12,-2393.21
0.33362,1490.08,-2278.84
0.33372,1376.87,-2161.24
0.33382,1261.66,-2040.55
0.33392,1144.62,-1916.96
0.33402,1025.91,-1790.64
0.33412,905.71,-1661.77
0.33422,784.20,-1530.52
0.33432,661.55,-1397.07
0.33442,537.95,-1261.62
0.33452,413.57,-1124.35
0.33462,288.60,-985.45
0.33472,163.21,-845.12
0.33482,37.59,-703.56
0.33492,-88.09,-560.96
0.33502,-213.64,-417.54
0.33512,-338.88,-273.49
0.33522,-463.65,-129.01
0.33532,-587.76,15.67
0.33542,-711.05,160.36
0.33552,-833.33,304.84
0.33562,-954.45,448.90
0.33572,-1074.23,592.35
0.33582,-1192.51,734.96
0.33592,-1309.12,876.55
0.33602,-1423.89,1016.89
0.33612,-1536.67,1155.80
0.33622,-1647.30,1293.07
0.33632,-1755.61,1428.50
0.33642,-1861.46,1561.91
0.33652,-1964.68,1693.11
0.33662,-2065.14,1821.91
0.33672,-2162.69,1948.13
0.33682,-2257.18,2071.59
0.33692,-2348.47,2192.13
0.33702,-2436.44,2309.56
0.33712,-2520.95,2423.73
0.33722,-2601.89,2534.47
0.33732,-2679.13,2641.64
0.33742,-2752.56,2745.07
0.33752,-2822.09,2844.62
0.33762,-2887.60,2940.15
0.33772,-2949.01,3031.52
0.33782,-3006.24,3118.60
0.33792,-3059.20,3201.26
0.33802,-3107.82,3279.39
0.33812,-3152.03,3352.88
0.33822,-3191.78,3421.60
0.33832,-3227.00,3485.48
0.33842,-3257.66,3544.41
0.33852,-3283.71,3598.30
0.33862,-3305.12,3647.08
0.33872,-3321.84,3690.69
0.33882,-3333.87,3729.05
0.33892,-3341.19,3762.11
0.33902,-3343.77,3789.83
0.33912,-3341.62,3812.17
0.33922,-3334.74,3829.09
0.33932,-3323.14,3840.59
0.33942,-3306.82,3846.63
0.33952,-3285.82,3847.21
0.33962,-3260.14,3842.34
0.33972,-3229.84,3832.03
0.33982,-3194.95,3816.28
0.33992,-3155.52,3795.13
0.34002,-3111.61,3768.61
0.34012,-3063.26,3736.74
0.34022,-3010.57,3699.58
0.34032,-2953.59,3657.18
0.34042,-2892.42,3609.60
0.34052,-2827.14,3556.90
0.34062,-2757.84,3499.16
0.34072,-2684.63,3436.46
0.34082,-2607.61,3368.88
0.34092,-2526.90,3296.52
0.34102,-2442.61,3219.48
0.34112,-2354.86,3137.86
0.34122,-2263.77,3051.79
0.34132,-2169.49,2961.38
0.34142,-2072.14,2866.77
0.34152,-1971.86,2768.08
0.34162,-1868.80,2665.45
0.34172,-1763.10,2559.04
0.34182,-1654.90,2448.99
0.34192,-1544.36,2335.46
0.34202,-1431.64,2218.62
0.34212,-1316.89,2098.63
0.34222,-1200.28,1975.67
0.34232,-1081.96,1849.90
0.34242,-962.11,1721.52
0.34252,-840.89,1590.70
0.34262,-718.47,1457.63
0.34272,-595.04,1322.49
0.34282,-470.75,1185.50
0.34292,-345.80,1046.82
0.34302,-220.35,906.67
0.34312,-94.59,765.25
0.34322,31.30,622.74
0.34332,157.15,479.36
0.34342,282.77,335.30
0.34352,407.98,190.77
0.34362,532.61,45.98
0.34372,656.47,-98.88
0.34382,779.39,-243.59
0.34392,901.19,-387.96
0.34402,1021.70,-531.78
0.34412,1140.75,-674.83
0.34422,1258.17,-816.93
0.34432,1373.79,-957.87
0.34442,1487.45,-1097.45
0.34452,1598.99,-1235.46
0.34462,1708.25,-1371.72
0.34472,1815.08,-1506.02
0.34482,1919.32,-1638.18
0.34492,2020.83,-1768.00
0.34502,2119.47,-1895.31
0.34512,2215.10,-2019.92
0.34522,2307.58,-2141.65
0.34532,2396.78,-2260.33
0.34542,2482.58,-2375.79
0.34552,2564.85,-2487.87
0.34562,2643.47,-2596.41
0.34572,2718.34,-2701.25
0.34582,2789.34,-2802.24
0.34592,2856.38,-2899.25
0.34602,2919.35,-2992.14
0.34612,2978.17,-3080.77
0.34622,3032.76,-3165.02
0.34632,3083.03,-3244.77
0.34642,3128.91,-3319.91
0.34652,3170.33,-3390.34
0.34662,3207.25,-3455.94
0.34672,3239.60,-3516.63
0.34682,3267.34,-3572.33
0.34692,3290.43,-3622.95
0.34702,3308.83,-3668.42
0.34712,3322.54,-3708.67
0.34722,3331.51,-3743.65
0.34732,3335.75,-3773.31
0.34742,3335.24,-3797.61
0.34752,3330.00,-3816.50
0.34762,3320.02,-3829.97
0.34772,3305.32,-3837.99
0.34782,3285.93,-3840.54
0.34792,3261.87,-3837.64
0.34802,3233.18,-3829.28
0.34812,3199.89,-3815.47
0.34822,3162.05,-3796.23
0.34832,3119.73,-3771.59
0.34842,3072.96,-3741.59
0.34852,3021.84,-3706.27
0.34862,2966.41,-3665.68
0.34872,2906.77,-3619.87
0.34882,2842.99,-3568.92
0.34892,2775.17,-3512.90
0.34902,2703.40,-3451.89
0.34912,2627.78,-3385.97
0.34922,2548.43,-3315.25
0.34932,2465.44,-3239.81
0.34942,2378.95,-3159.76
0.34952,2289.07,-3075.23
0.34962,2195.93,-2986.33
0.34972,2099.67,-2893.18
0.34982,2000.42,-2795.93
0.34992,1898.33,-2694.69
0.35002,1793.54,-2589.63
0.35012,1686.19,-2480.88
0.35022,1576.45,-2368.61
0.35032,1464.47,-2252.97
0.35042,1350.41,-2134.12
0.35052,1234.43,-2012.24
0.35062,1116.70,-1887.49
0.35072,997.38,-1760.05
0.35082,876.64,-1630.11
0.35092,754.66,-1497.86
0.35102,631.61,-1363.46
0.35112,507.66,-1227.13
0.35122,382.99,-1089.06
0.35132,257.77,-949.43
0.35142,132.18,-808.45
0.35152,6.41,-666.32
0.35162,-119.38,-523.25
0.35172,-245.00,-379.43
0.35182,-370.28,-235.07
0.35192,-495.04,-90.38
0.35202,-619.09,54.44
0.35212,-742.27,199.18
0.35222,-864.40,343.64
0.35232,-985.30,487.61
0.35242,-1104.80,630.89
0.35252,-1222.74,773.27
0.35262,-1338.94,914.55
0.35272,-1453.24,1054.54
0.35282,-1565.47,1193.03
0.35292,-1675.48,1329.83
0.35302,-1783.11,1464.73
0.35312,-1888.20,1597.56
0.35322,-1990.61,1728.13
0.35332,-2090.19,1856.23
0.35342,-2186.80,1981.71
0.35352,-2280.31,2104.36
0.35362,-2370.57,2224.03
0.35372,-2457.46,2340.55
0.35382,-2540.87,2453.73
0.35392,-2620.66,2563.43
0.35402,-2696.73,2669.49
0.35412,-2768.97,2771.76
0.35422,-2837.27,2870.09
0.35432,-2901.55,2964.34
0.35442,-2961.71,3054.37
0.35452,-3017.66,3140.07
0.35462,-3069.32,3221.30
0.35472,-3116.63,3297.96
0.35482,-3159.51,3369.93
0.35492,-3197.90,3437.11
0.35502,-3231.74,3499.40
0.35512,-3261.00,3556.73
0.35522,-3285.62,3609.00
0.35532,-3305.58,3656.14
0.35542,-3320.84,3698.09
0.35552,-3331.37,3734.78
0.35562,-3337.18,3766.17
0.35572,-3338.24,3792.21
0.35582,-3334.56,3812.86
0.35592,-3326.14,3828.10
0.35602,-3312.99,3837.90
0.35612,-3295.13,3842.24
0.35622,-3272.59,3841.13
0.35632,-3245.40,3834.56
0.35642,-3213.60,3822.54
0.35652,-3177.23,3805.09
0.35662,-3136.34,3782.23
0.35672,-3091.01,3754.00
0.35682,-3041.28,3720.44
0.35692,-2987.23,3681.59
0.35702,-2928.94,3637.50
0.35712,-2866.48,3588.25
0.35722,-2799.96,3533.89
0.35732,-2729.46,3474.52
0.35742,-2655.08,3410.20
0.35752,-2576.93,3341.04
0.35762,-2495.12,3267.14
0.35772,-2409.77,3188.59
0.35782,-2320.99,3105.50
0.35792,-2228.91,3018.01
0.35802,-2133.67,2926.23
0.35812,-2035.40,2830.29
0.35822,-1934.23,2730.33
0.35832,-1830.31,2626.49
0.35842,-1723.79,2518.92
0.35852,-1614.83,2407.77
0.35862,-1503.56,2293.21
0.35872,-1390.16,2175.38
0.35882,-1274.79,2054.47
0.35892,-1157.60,1930.63
0.35902,-1038.77,1804.05
0.35912,-918.46,1674.91
0.35922,-796.85,1543.39
0.35932,-674.10,1409.68
0.35942,-550.40,1273.97
0.35952,-425.92,1136.44
0.35962,-300.83,997.30
0.35972,-175.32,856.74
0.35982,-49.55,714.96
0.35992,76.28,572.17
0.36002,202.00,428.57
0.36012,327.43,284.35
0.36022,452.39,139.73
0.36032,576.72,-5.09
0.36042,700.22,-149.90
0.36052,822.73,-294.49
0.36062,944.06,-438.67
0.36072,1064.06,-582.22
0.36082,1182.54,-724.95
0.36092,1299.34,-866.65
0.36102,1414.30,-1007.11
0.36112,1527.25,-1146.14
0.36122,1638.03,-1283.54
0.36132,1746.48,-1419.12
0.36142,1852.44,-1552.68
0.36152,1955.78,-1684.03
0.36162,2056.34,-1812.99
0.36172,2153.97,-1939.37
0.36182,2248.54,-2062.99
0.36192,2339.92,-2183.69
0.36202,2427.97,-2301.28
0.36212,2512.57,-2415.60
0.36222,2593.60,-2526.48
0.36232,2670.94,-2633.78
0.36242,2744.49,-2737.34
0.36252,2814.13,-2837.00
0.36262,2879.78,-2932.64
0.36272,2941.33,-3024.10
0.36282,2998.70,-3111.27
0.36292,3051.81,-3194.02
0.36302,3100.58,-3272.23
0.36312,3144.95,-3345.78
0.36322,3184.85,-3414.59
0.36332,3220.22,-3478.54
0.36342,3251.01,-3537.55
0.36352,3277.19,-3591.53
0.36362,3298.71,-3640.40
0.36372,3315.54,-3684.10
0.36382,3327.66,-3722.57
0.36392,3335.05,-3755.74
0.36402,3337.70,-3783.58
0.36412,3335.61,-3806.04
0.36422,3328.78,-3823.09
0.36432,3317.21,-3834.71
0.36442,3300.94,-3840.88
0.36452,3279.97,-3841.59
0.36462,3254.34,-3836.84
0.36472,3224.09,-3826.64
0.36482,3189.25,-3811.00
0.36492,3149.88,-3789.94
0.36502,3106.04,-3763.50
0.36512,3057.78,-3731.72
0.36522,3005.17,-3694.63
0.36532,2948.29,-3652.29
0.36542,2887.22,-3604.76
0.36552,2822.05,-3552.10
0.36562,2752.87,-3494.40
0.36572,2679.78,-3431.73
0.36582,2602.88,-3364.19
0.36592,2522.27,-3291.87
0.36602,2438.09,-3214.86
0.36612,2350.44,-3133.29
0.36622,2259.45,-3047.27
0.36632,2165.25,-2956.91
0.36642,2067.97,-2862.35
0.36652,1967.76,-2763.73
0.36662,1864.75,-2661.18
0.36672,1759.08,-2554.84
0.36682,1650.92,-2444.87
0.36692,1540.41,-2331.43
0.36702,1427.72,-2214.68
0.36712,1312.99,-2094.78
0.36722,1196.40,-1971.90
0.36732,1078.11,-1846.22
0.36742,958.28,-1717.91
0.36752,837.10,-1587.17
0.36762,714.72,-1454.17
0.36772,591.33,-1319.10
0.36782,467.09,-1182.16
0.36792,342.19,-1043.54
0.36802,216.81,-903.44
0.36812,91.12,-762.05
0.36822,-34.71,-619.58
0.36832,-160.48,-476.23
0.36842,-286.03,-332.20
0.36852,-411.17,-187.70
0.36862,-535.72,-42.93
0.36872,-659.52,101.90
0.36882,-782.37,246.58
0.36892,-904.12,390.91
0.36902,-1024.58,534.69
0.36912,-1143.58,677.71
0.36922,-1260.96,819.76
0.36932,-1376.55,960.66
0.36942,-1490.18,1100.18
0.36952,-1601.69,1238.14
0.36962,-1710.93,1374.35
0.36972,-1817.73,1508.60
0.36982,-1921.96,1640.70
0.36992,-2023.45,1770.48
0.37002,-2122.07,1897.74
0.37012,-2217.67,2022.30
0.37022,-2310.12,2143.99
0.37032,-2399.29,2262.63
0.37042,-2485.05,2378.06
0.37052,-2567.27,2490.10
0.37062,-2645.85,2598.61
0.37072,-2720.67,2703.43
0.37082,-2791.63,2804.40
0.37092,-2858.62,2901.39
0.37102,-2921.54,2994.25
0.37112,-2980.31,3082.86
0.37122,-3034.85,3167.09
0.37132,-3085.08,3246.82
0.37142,-3130.92,3321.94
0.37152,-3172.31,3392.33
0.37162,-3209.20,3457.91
0.37172,-3241.52,3518.57
0.37182,-3269.24,3574.23
0.37192,-3292.31,3624.81
0.37202,-3310.70,3670.24
0.37212,-3324.39,3710.45
0.37222,-3333.35,3745.40
0.37232,-3337.58,3775.02
0.37242,-3337.07,3799.27
0.37252,-3331.81,3818.13
0.37262,-3321.82,3831.56
0.37272,-3307.10,3839.55
0.37282,-3287.69,3842.08
0.37292,-3263.61,3839.15
0.37302,-3234.89,3830.76
0.37312,-3201.57,3816.93
0.37322,-3163.71,3797.67
0.37332,-3121.34,3773.02
0.37342,-3074.55,3743.01
0.37352,-3023.38,3707.68
0.37362,-2967.92,3667.08
0.37372,-2908.24,3621.27
0.37382,-2844.42,3570.31
0.37392,-2776.57,3514.28
0.37402,-2704.77,3453.25
0.37412,-2629.12,3387.32
0.37422,-2549.74,3316.58
0.37432,-2466.74,3241.12
0.37442,-2380.23,3161.05
0.37452,-2290.34,3076.50
0.37462,-2197.19,2987.57
0.37472,-2100.92,2894.40
0.37482,-2001.66,2797.11
0.37492,-1899.57,2695.85
0.37502,-1794.77,2590.76
0.37512,-1687.42,2481.98
0.37522,-1577.67,2369.68
0.37532,-1465.68,2254.02
0.37542,-1351.61,2135.14
0.37552,-1235.62,2013.24
0.37562,-1117.88,1888.47
0.37572,-998.54,1761.02
0.37582,-877.79,1631.07
0.37592,-755.79,1498.80
0.37602,-632.71,1364.40
0.37612,-508.74,1228.06
0.37622,-384.04,1089.97
0.37632,-258.80,950.34
0.37642,-133.19,809.35
0.37652,-7.39,667.22
0.37662,118.42,524.14
0.37672,244.07,380.31
0.37682,369.36,235.94
0.37692,494.13,91.24
0.37702,618.20,-53.59
0.37712,741.39,-198.35
0.37722,863.53,-342.82
0.37732,984.43,-486.81
0.37742,1103.94,-630.11
0.37752,1221.89,-772.51
0.37762,1338.09,-913.81
0.37772,1452.39,-1053.81
0.37782,1564.63,-1192.32
0.37792,1674.65,-1329.13
0.37802,1782.28,-1464.05
0.37812,1887.39,-1596.89
0.37822,1989.81,-1727.47
0.37832,2089.40,-1855.59
0.37842,2186.02,-1981.07
0.37852,2279.54,-2103.74
0.37862,2369.82,-2223.41
0.37872,2456.73,-2339.93
0.37882,2540.15,-2453.12
0.37892,2619.95,-2562.83
0.37902,2696.04,-2668.89
0.37912,2768.29,-2771.17
0.37922,2836.62,-2869.50
0.37932,2900.90,-2963.76
0.37942,2961.07,-3053.80
0.37952,3017.03,-3139.50
0.37962,3068.70,-3220.75
0.37972,3116.01,-3297.41
0.37982,3158.90,-3369.40
0.37992,3197.29,-3436.59
0.38002,3231.14,-3498.90
0.38012,3260.40,-3556.23
0.38022,3285.03,-3608.52
0.38032,3304.98,-3655.67
0.38042,3320.24,-3697.63
0.38052,3330.79,-3734.34
0.38062,3336.60,-3765.74
0.38072,3337.66,-3791.79
0.38082,3333.99,-3812.45
0.38092,3325.57,-3827.69
0.38102,3312.43,-3837.49
0.38112,3294.59,-3841.84
0.38122,3272.06,-3840.73
0.38132,3244.88,-3834.16
0.38142,3213.09,-3822.15
0.38152,3176.73,-3804.70
0.38162,3135.86,-3781.85
0.38172,3090.54,-3753.62
0.38182,3040.82,-3720.05
0.38192,2986.78,-3681.21
0.38202,2928.50,-3637.13
0.38212,2866.05,-3587.88
0.38222,2799.53,-3533.53
0.38232,2729.04,-3474.16
0.38242,2654.66,-3409.86
0.38252,2576.52,-3340.70
0.38262,2494.71,-3266.81
0.38272,2409.35,-3188.26
0.38282,2320.58,-3105.19
0.38292,2228.50,-3017.71
0.38302,2133.26,-2925.94
0.38312,2034.99,-2830.01
0.38322,1933.82,-2730.05
0.38332,1829.91,-2626.22
0.38342,1723.39,-2518.66
0.38352,1614.43,-2407.52
0.38362,1503.17,-2292.95
0.38372,1389.78,-2175.13
0.38382,1274.41,-2054.22
0.38392,1157.23,-1930.39
0.38402,1038.40,-1803.81
0.38412,918.10,-1674.67
0.38422,796.50,-1543.16
0.38432,673.76,-1409.44
0.38442,550.07,-1273.73
0.38452,425.59,-1136.21
0.38462,300.51,-997.07
0.38472,175.00,-856.51
0.38482,49.25,-714.74
0.38492,-76.58,-571.95
0.38502,-202.30,-428.35
0.38512,-327.73,-284.14
0.38522,-452.69,-139.53
0.38532,-577.01,5.29
0.38542,-700.51,150.09
0.38552,-823.02,294.68
0.38562,-944.36,438.85
0.38572,-1064.35,582.40
0.38582,-1182.83,725.12
0.38592,-1299.63,866.81
0.38602,-1414.59,1007.27
0.38612,-1527.53,1146.30
0.38622,-1638.31,1283.70
0.38632,-1746.75,1419.27
0.38642,-1852.72,1552.83
0.38652,-1956.05,1684.18
0.38662,-2056.60,1813.13
0.38672,-2154.23,1939.51
0.38682,-2248.79,2063.14
0.38692,-2340.16,2183.83
0.38702,-2428.21,2301.42
0.38712,-2512.81,2415.74
0.38722,-2593.83,2526.62
0.38732,-2671.17,2633.92
0.38742,-2744.71,2737.47
0.38752,-2814.36,2837.13
0.38762,-2880.00,2932.76
0.38772,-2941.55,3024.23
0.38782,-2998.92,3111.39
0.38792,-3052.03,3194.13
0.38802,-3100.80,3272.34
0.38812,-3145.17,3345.89
0.38822,-3185.06,3414.69
0.38832,-3220.43,3478.64
0.38842,-3251.23,3537.64
0.38852,-3277.40,3591.62
0.38862,-3298.92,3640.49
0.38872,-3315.75,3684.19
0.38882,-3327.86,3722.65
0.38892,-3335.25,3755.83
0.38902,-3337.90,3783.66
0.38912,-3335.80,3806.12
0.38922,-3328.97,3823.17
0.38932,-3317.40,3834.79
0.38942,-3301.12,3840.96
0.38952,-3280.15,3841.67
0.38962,-3254.52,3836.92
0.38972,-3224.26,3826.72
0.38982,-3189.42,3811.08
0.38992,-3150.05,3790.02
0.39002,-3106.20,3763.58
0.39012,-3057.94,3731.79
0.39022,-3005.33,3694.70
0.39032,-2948.46,3652.36
0.39042,-2887.39,3604.82
0.39052,-2822.22,3552.17
0.39062,-2753.04,3494.46
0.39072,-2679.94,3431.79
0.39082,-2603.04,3364.25
0.39092,-2522.44,3291.92
0.39102,-2438.25,3214.91
0.39112,-2350.60,3133.34
0.39122,-2259.61,3047.31
0.39132,-2165.41,2956.96
0.39142,-2068.13,2862.40
0.39152,-1967.91,2763.77
0.39162,-1864.90,2661.21
0.39172,-1759.24,2554.88
0.39182,-1651.07,2444.91
0.39192,-1540.56,2331.47
0.39202,-1427.86,2214.72
0.39212,-1313.13,2094.81
0.39222,-1196.54,1971.94
0.39232,-1078.24,1846.25
0.39242,-958.42,1717.95
0.39252,-837.23,1587.20
0.39262,-714.85,1454.20
0.39272,-591.46,1319.14
0.39282,-467.22,1182.19
0.39292,-342.32,1043.57
0.39302,-216.94,903.47
0.39312,-91.24,762.08
0.39322,34.58,619.60
0.39332,160.35,476.25
0.39342,285.90,332.22
0.39352,411.04,187.72
0.39362,535.60,42.95
0.39372,659.39,-101.88
0.39382,782.25,-246.56
0.39392,903.99,-390.90
0.39402,1024.45,-534.68
0.39412,1143.46,-677.70
0.39422,1260.84,-819.75
0.39432,1376.43,-960.64
0.39442,1490.06,-1100.17
0.39452,1601.58,-1238.13
0.39462,1710.81,-1374.34
0.39472,1817.62,-1508.59
0.39482,1921.85,-1640.70
0.39492,2023.34,-1770.47
0.39502,2121.96,-1897.73
0.39512,2217.56,-2022.29
0.39522,2310.01,-2143.98
0.39532,2399.18,-2262.62
0.39542,2484.94,-2378.05
0.39552,2567.17,-2490.10
0.39562,2645.75,-2598.61
0.39572,2720.57,-2703.42
0.39582,2791.53,-2804.40
0.39592,2858.51,-2901.39
0.39602,2921.44,-2994.26
0.39612,2980.21,-3082.87
0.39622,3034.75,-3167.10
0.39632,3084.98,-3246.83
0.39642,3130.82,-3321.94
0.39652,3172.21,-3392.34
0.39662,3209.10,-3457.91
0.39672,3241.42,-3518.58
0.39682,3269.14,-3574.24
0.39692,3292.21,-3624.82
0.39702,3310.61,-3670.25
0.39712,3324.29,-3710.46
0.39722,3333.26,-3745.41
0.39732,3337.49,-3775.03
0.39742,3336.98,-3799.28
0.39752,3331.72,-3818.14
0.39762,3321.73,-3831.57
0.39772,3307.02,-3839.56
0.39782,3287.61,-3842.09
0.39792,3263.52,-3839.16
0.39802,3234.80,-3830.77
0.39812,3201.49,-3816.94
0.39822,3163.62,-3797.69
0.39832,3121.26,-3773.04
0.39842,3074.46,-3743.03
0.39852,3023.29,-3707.70
0.39862,2967.83,-3667.10
0.39872,2908.15,-3621.29
0.39882,2844.34,-3570.33
0.39892,2776.48,-3514.30
0.39902,2704.68,-3453.28
0.39912,2629.04,-3387.35
0.39922,2549.66,-3316.60
0.39932,2466.65,-3241.14
0.39942,2380.14,-3161.08
0.39952,2290.25,-3076.52
0.39962,2197.11,-2987.60
0.39972,2100.84,-2894.42
0.39982,2001.59,-2797.14
0.39992,1899.49,-2695.87
0.40002,1794.69,-2590.78
0.40012,1687.34,-2482.01
0.40022,1577.60,-2369.71
0.40032,1465.61,-2254.04
0.40042,1351.54,-2135.17
0.40052,1235.55,-2013.26
0.40062,1117.80,-1888.50
0.40072,998.47,-1761.05
0.40082,877.71,-1631.09
0.40092,755.71,-1498.82
0.40102,632.64,-1364.42
0.40112,508.66,-1228.09
0.40122,383.97,-1090.00
0.40132,258.72,-950.37
0.40142,133.11,-809.38
0.40152,7.31,-667.25
0.40162,-118.50,-524.17
0.40172,-244.14,-380.34
0.40182,-369.43,-235.97
0.40192,-494.20,-91.27
0.40202,-618.27,53.56
0.40212,-741.46,198.32
0.40222,-863.60,342.79
0.40232,-984.51,486.78
0.40242,-1104.01,630.07
0.40252,-1221.96,772.47
0.40262,-1338.16,913.77
0.40272,-1452.46,1053.78
0.40282,-1564.70,1192.28
0.40292,-1674.72,1329.10
0.40302,-1782.35,1464.02
0.40312,-1887.45,1596.86
0.40322,-1989.87,1727.43
0.40332,-2089.47,1855.55
0.40342,-2186.09,1981.03
0.40352,-2279.61,2103.70
0.40362,-2369.88,2223.38
0.40372,-2456.79,2339.89
0.40382,-2540.21,2453.09
0.40392,-2620.02,2562.79
0.40402,-2696.11,2668.86
0.40412,-2768.36,2771.13
0.40422,-2836.68,2869.46
0.40432,-2900.97,2963.72
0.40442,-2961.14,3053.76
0.40452,-3017.10,3139.47
0.40462,-3068.77,3220.71
0.40472,-3116.08,3297.38
0.40482,-3158.96,3369.36
0.40492,-3197.36,3436.55
0.40502,-3231.21,3498.86
0.40512,-3260.46,3556.20
0.40522,-3285.09,3608.48
0.40532,-3305.05,3655.63
0.40542,-3320.31,3697.59
0.40552,-3330.85,3734.30
0.40562,-3336.66,3765.70
0.40572,-3337.72,3791.75
0.40582,-3334.05,3812.41
0.40592,-3325.63,3827.65
0.40602,-3312.50,3837.45
0.40612,-3294.65,3841.80
0.40622,-3272.12,3840.69
0.40632,-3244.94,3834.12
0.40642,-3213.15,3822.11
0.40652,-3176.80,3804.66
0.40662,-3135.93,3781.81
0.40672,-3090.60,3753.58
0.40682,-3040.88,3720.01
0.40692,-2986.84,3681.16
0.40702,-2928.56,3637.08
0.40712,-2866.11,3587.84
0.40722,-2799.59,3533.49
0.40732,-2729.10,3474.12
0.40742,-2654.72,3409.81
0.40752,-2576.58,3340.66
0.40762,-2494.77,3266.76
0.40772,-2409.41,3188.22
0.40782,-2320.64,3105.15
0.40792,-2228.56,3017.67
0.40802,-2133.32,2925.90
0.40812,-2035.04,2829.96
0.40822,-1933.88,2730.01
0.40832,-1829.96,2626.18
0.40842,-1723.45,2518.62
0.40852,-1614.49,2407.48
0.40862,-1503.23,2292.91
0.40872,-1389.83,2175.09
0.40882,-1274.47,2054.18
0.40892,-1157.29,1930.34
0.40902,-1038.46,1803.77
0.40912,-918.16,1674.63
0.40922,-796.56,1543.11
0.40932,-673.82,1409.40
0.40942,-550.13,1273.69
0.40952,-425.65,1136.16
0.40962,-300.57,997.02
0.40972,-175.06,856.47
0.40982,-49.31,714.70
0.40992,76.52,571.91
0.41002,202.24,428.31
0.41012,327.67,284.10
0.41022,452.63,139.48
0.41032,576.96,-5.33
0.41042,700.46,-150.13
0.41052,822.96,-294.72
0.41062,944.30,-438.90
0.41072,1064.29,-582.44
0.41082,1182.78,-725.17
0.41092,1299.58,-866.86
0.41102,1414.53,-1007.31
0.41112,1527.48,-1146.34
0.41122,1638.25,-1283.74
0.41132,1746.70,-1419.31
0.41142,1852.66,-1552.87
0.41152,1955.99,-1684.22
0.41162,2056.54,-1813.18
0.41172,2154.17,-1939.56
0.41182,2248.74,-2063.18
0.41192,2340.11,-2183.88
0.41202,2428.16,-2301.46
0.41212,2512.75,-2415.78
0.41222,2593.78,-2526.67
0.41232,2671.12,-2633.96
0.41242,2744.66,-2737.52
0.41252,2814.30,-2837.18
0.41262,2879.95,-2932.81
0.41272,2941.50,-3024.27
0.41282,2998.87,-3111.44
0.41292,3051.98,-3194.18
0.41302,3100.75,-3272.38
0.41312,3145.11,-3345.94
0.41322,3185.01,-3414.74
0.41332,3220.38,-3478.68
0.41342,3251.18,-3537.69
0.41352,3277.35,-3591.66
0.41362,3298.87,-3640.54
0.41372,3315.69,-3684.24
0.41382,3327.81,-3722.70
0.41392,3335.20,-3755.87
0.41402,3337.85,-3783.71
0.41412,3335.75,-3806.17
0.41422,3328.92,-3823.22
0.41432,3317.35,-3834.84
0.41442,3301.07,-3841.01
0.41452,3280.10,-3841.72
0.41462,3254.47,-3836.97
0.41472,3224.21,-3826.77
0.41482,3189.37,-3811.13
0.41492,3150.00,-3790.07
0.41502,3106.15,-3763.63
0.41512,3057.89,-3731.84
0.41522,3005.28,-3694.75
0.41532,2948.40,-3652.40
0.41542,2887.34,-3604.87
0.41552,2822.17,-3552.21
0.41562,2752.98,-3494.51
0.41572,2679.89,-3431.84
0.41582,2602.99,-3364.29
0.41592,2522.39,-3291.97
0.41602,2438.20,-3214.96
0.41612,2350.55,-3133.39
0.41622,2259.56,-3047.36
0.41632,2165.36,-2957.00
0.41642,2068.08,-2862.44
0.41652,1967.86,-2763.82
0.41662,1864.85,-2661.26
0.41672,1759.19,-2554.93
0.41682,1651.02,-2444.96
0.41692,1540.51,-2331.52
0.41702,1427.81,-2214.76
0.41712,1313.08,-2094.86
0.41722,1196.49,-1971.98
0.41732,1078.19,-1846.30
0.41742,958.37,-1718.00
0.41752,837.18,-1587.25
0.41762,714.80,-1454.25
0.41772,591.41,-1319.18
0.41782,467.17,-1182.24
0.41792,342.27,-1043.62
0.41802,216.89,-903.51
0.41812,91.19,-762.12
0.41822,-34.63,-619.65
0.41832,-160.40,-476.30
0.41842,-285.95,-332.27
0.41852,-411.09,-187.77
0.41862,-535.65,-43.00
0.41872,-659.44,101.83
0.41882,-782.30,246.52
0.41892,-904.04,390.85
0.41902,-1024.50,534.63
0.41912,-1143.51,677.65
0.41922,-1260.89,819.71
0.41932,-1376.48,960.60
0.41942,-1490.11,1100.12
0.41952,-1601.62,1238.09
0.41962,-1710.86,1374.29
0.41972,-1817.67,1508.54
0.41982,-1921.90,1640.65
0.41992,-2023.39,1770.42
0.42000,-2104.64,1875.28
0.42005,-2153.21,1938.44
0.42012,-2216.70,2021.43
0.42021,-2302.15,2133.91
0.42026,-2348.65,2193.21
0.42033,-2409.30,2270.93
0.42043,-2497.26,2384.59
0.42053,-2581.57,2494.92
0.42063,-2662.06,2601.81
0.42073,-2738.60,2705.15
0.42083,-2811.06,2804.82
0.42093,-2879.34,2900.68
0.42103,-2943.31,2992.63
0.42113,-3002.88,3080.52
0.42123,-3057.98,3164.22
0.42133,-3108.54,3243.58
0.42143,-3154.52,3318.47
0.42153,-3195.90,3388.74
0.42163,-3232.67,3454.27
0.42173,-3264.80,3514.91
0.42183,-3292.31,3570.54
0.42193,-3315.20,3621.04
0.42203,-3333.49,3666.26
0.42213,-3347.19,3706.11
0.42223,-3356.35,3740.48
0.42233,-3360.97,3769.29
0.42243,-3361.10,3792.45
0.42253,-3356.75,3809.92
0.42263,-3347.97,3821.65
0.42273,-3334.76,3827.60
0.42283,-3317.16,3827.77
0.42293,-3295.18,3822.14
0.42303,-3268.85,3810.75
0.42313,-3238.20,3793.61
0.42323,-3203.22,3770.78
0.42333,-3163.96,3742.33
0.42343,-3120.42,3708.33
0.42353,-3072.64,3668.85
0.42363,-3020.64,3624.00
0.42373,-2964.46,3573.88
0.42383,-2904.13,3518.59
0.42393,-2839.71,3458.26
0.42403,-2771.24,3393.01
0.42413,-2698.80,3322.96
0.42423,-2622.45,3248.24
0.42433,-2542.29,3168.98
0.42443,-2458.40,3085.32
0.42453,-2370.90,2997.37
0.42463,-2279.90,2905.28
0.42473,-2185.53,2809.18
0.42483,-2087.93,2709.20
0.42493,-1987.24,2605.48
0.42503,-1883.63,2498.14
0.42513,-1777.26,2387.34
0.42523,-1668.29,2273.19
0.42533,-1556.90,2155.86
0.42543,-1443.29,2035.47
0.42553,-1327.61,1912.19
0.42563,-1210.08,1786.16
0.42573,-1090.86,1657.54
0.42583,-970.15,1526.51
0.42593,-848.14,1393.22
0.42603,-725.02,1257.86
0.42613,-600.95,1120.61
0.42623,-476.13,981.66
0.42633,-350.74,841.22
0.42643,-224.94,699.47
0.42653,-98.91,556.63
0.42663,27.18,412.92
0.42666,69.11,364.87
0.42671,72.58,307.97
0.42678,76.17,232.53
0.42688,82.12,121.15
0.42693,84.19,112.93
0.42700,86.90,102.90
0.42710,90.81,87.35
0.42720,94.39,72.43
0.42730,97.72,57.51
0.42740,100.75,43.11
0.42750,103.50,28.84
0.42760,105.98,14.94
0.42770,108.18,1.32
0.42780,110.13,-12.05
0.42790,111.78,-25.02
0.42800,113.21,-37.86
0.42810,114.33,-50.18
0.42820,115.24,-62.45
0.42830,115.86,-74.12
0.42840,116.26,-85.78
0.42850,116.39,-96.81
0.42860,116.30,-107.82
0.42870,115.96,-118.21
0.42880,115.39,-128.52
0.42890,114.60,-138.27
0.42900,113.57,-147.86
0.42910,112.34,-156.95
0.42920,110.87,-165.78
0.42930,109.22,-174.21
0.42940,107.33,-182.26
0.42950,105.28,-189.99
0.42960,102.99,-197.25
0.42970,100.56,-204.26
0.42980,97.90,-210.72
0.42990,95.11,-216.98
0.43000,92.10,-222.64
0.43010,88.97,-228.11
0.43020,85.65,-232.97
0.43030,82.19,-237.64
0.43040,78.58,-241.70
0.43050,74.83,-245.53
0.43060,70.95,-248.80
0.43070,66.94,-251.78
0.43080,62.83,-254.26
0.43090,58.57,-256.38
0.43100,54.25,-258.06
0.43110,49.78,-259.32
0.43120,45.28,-260.21
0.43130,40.64,-260.62
0.43140,35.98,-260.71
0.43150,31.20,-260.28
0.43160,26.40,-259.58
0.43170,21.52,-258.33
0.43180,16.62,-256.83
0.43190,11.66,-254.79
0.43200,6.68,-252.50
0.43210,1.68,-249.69
0.43220,-3.34,-246.62
0.43230,-8.35,-243.07
0.43240,-13.38,-239.25
0.43250,-18.38,-234.99
0.43260,-23.39,-230.42
0.43270,-28.34,-225.49
0.43280,-33.30,-220.21
0.43290,-38.17,-214.63
0.43300,-43.05,-208.68
0.43310,-47.83,-202.49
0.43320,-52.59,-195.91
0.43330,-57.24,-189.13
0.43340,-61.85,-181.97
0.43350,-66.35,-174.64
0.43360,-70.78,-166.95
0.43370,-75.10,-159.11
0.43380,-79.33,-150.95
0.43390,-83.45,-142.64
0.43400,-87.45,-134.04
0.43410,-91.35,-125.31
0.43420,-95.09,-116.34
0.43430,-98.74,-107.23
0.43440,-102.21,-97.95
0.43450,-105.59,-88.52
0.43460,-108.77,-78.98
0.43470,-111.84,-69.28
0.43480,-114.72,-59.52
0.43490,-117.48,-49.62
0.43500,-120.03,-39.71
0.43510,-122.46,-29.66
0.43520,-124.68,-19.64
0.43530,-126.75,-9.52
0.43540,-128.62,0.56
0.43550,-130.33,10.70
0.43560,-131.85,20.77
0.43570,-133.18,30.86
0.43580,-134.33,40.88
0.43590,-135.28,50.86
0.43600,-136.06,60.77
0.43610,-136.62,70.59
0.43620,-137.02,80.32
0.43630,-137.19,89.93
0.43640,-137.21,99.43
0.43650,-136.99,108.76
0.43660,-136.62,117.98
0.43670,-136.02,126.99
0.43680,-135.26,135.87
0.43690,-134.29,144.51
0.43700,-133.14,152.99
0.43710,-131.79,161.21
0.43720,-130.27,169.24
0.43730,-128.55,177.00
0.43740,-126.66,184.54
0.43750,-124.59,191.80
0.43760,-122.33,198.80
0.43770,-119.92,205.50
0.43780,-117.32,211.92
0.43790,-114.57,218.05
0.43800,-111.64,223.85
0.43810,-108.58,229.36
0.43820,-105.33,234.51
0.43830,-101.97,239.36
0.43840,-98.43,243.84
0.43850,-94.78,248.01
0.43860,-90.98,251.79
0.43870,-87.06,255.25
0.43880,-83.01,258.31
0.43890,-78.85,261.04
0.43900,-74.57,263.37
0.43910,-70.19,265.34
0.43920,-65.71,266.93
0.43930,-61.13,268.14
0.43940,-56.48,268.97
0.43950,-51.73,269.42
0.43960,-46.93,269.49
0.43970,-42.04,269.17
0.43980,-37.11,268.47
0.43990,-32.12,267.38
0.44000,-27.09,265.93
0.44010,-22.01,264.08
0.44020,-16.91,261.88
0.44030,-11.78,259.28
0.44040,-6.65,256.34
0.44050,-1.49,253.01
0.44060,3.66,249.34
0.44070,8.81,245.30
0.44080,13.94,240.92
0.44090,19.05,236.20
0.44100,24.14,231.14
0.44110,29.19,225.75
0.44120,34.21,220.04
0.44130,39.16,214.02
0.44140,44.07,207.69
0.44150,48.90,201.07
0.44160,53.68,194.16
0.44170,58.37,186.98
0.44180,62.99,179.52
0.44190,67.50,171.82
0.44200,71.93,163.87
0.44210,76.25,155.69
0.44220,80.46,147.28
0.44230,84.56,138.67
0.44240,88.54,129.86
0.44250,92.39,120.86
0.44260,96.11,111.69
0.44270,99.69,102.37
0.44280,103.13,92.89
0.44290,106.43,83.29
0.44300,109.56,73.57
0.44310,112.55,63.73
0.44320,115.37,53.82
0.44330,118.04,43.82
0.44340,120.53,33.76
0.44350,122.85,23.65
0.44360,124.99,13.51
0.44370,126.96,3.35
0.44380,128.75,-6.81
0.44390,130.35,-16.97
0.44400,131.77,-27.10
0.44410,133.00,-37.20
0.44420,134.04,-47.24
0.44430,134.89,-57.22
0.44440,135.55,-67.11
0.44450,136.01,-76.91
0.44460,136.28,-86.60
0.44470,136.36,-96.17
0.44480,136.24,-105.60
0.44490,135.93,-114.88
0.44500,135.43,-124.00
0.44510,134.72,-132.94
0.44520,133.84,-141.70
0.44530,132.75,-150.25
0.44540,131.49,-158.59
0.44550,130.03,-166.71
0.44560,128.39,-174.59
0.44570,126.56,-182.22
0.44580,124.56,-189.59
0.44590,122.37,-196.69
0.44600,120.02,-203.52
0.44610,117.49,-210.06
0.44620,114.79,-216.29
0.44630,111.93,-222.22
0.44640,108.91,-227.84
0.44650,105.74,-233.13
0.44660,102.42,-238.09
0.44670,98.95,-242.72
0.44680,95.33,-246.99
0.44690,91.59,-250.92
0.44700,87.71,-254.49
0.44710,83.71,-257.70
0.44720,79.58,-260.55
0.44730,75.35,-263.02
0.44740,71.01,-265.12
0.44750,66.56,-266.85
0.44760,62.02,-268.20
0.44770,57.39,-269.16
0.44780,52.68,-269.74
0.44790,47.90,-269.94
0.44800,43.04,-269.76
0.44810,38.13,-269.20
0.44820,33.16,-268.25
0.44830,28.14,-266.92
0.44840,23.08,-265.21
0.44850,17.99,-263.13
0.44860,12.87,-260.67
0.44870,7.74,-257.84
0.44880,2.59,-254.65
0.44890,-2.56,-251.10
0.44900,-7.71,-247.19
0.44910,-12.85,-242.92
0.44920,-17.97,-238.32
0.44930,-23.06,-233.37
0.44940,-28.13,-228.09
0.44950,-33.15,-222.49
0.44960,-38.13,-216.58
0.44970,-43.05,-210.36
0.44980,-47.91,-203.83
0.44990,-52.70,-197.02
0.45000,-57.42,-189.93
0.45010,-62.06,-182.57
0.45020,-66.61,-174.95
0.45030,-71.07,-167.09
0.45040,-75.42,-158.98
0.45050,-79.67,-150.65
0.45060,-83.81,-142.11
0.45070,-87.83,-133.36
0.45080,-91.72,-124.43
0.45090,-95.48,-115.32
0.45100,-99.11,-106.04
0.45110,-102.60,-96.62
0.45120,-105.94,-87.06
0.45130,-109.13,-77.37
0.45140,-112.17,-67.58
0.45150,-115.05,-57.69
0.45160,-117.77,-47.72
0.45170,-120.31,-37.68
0.45180,-122.69,-27.59
0.45190,-124.90,-17.46
0.45200,-126.92,-7.30
0.45210,-128.77,2.86
0.45220,-130.43,13.02
0.45230,-131.91,23.16
0.45240,-133.21,33.27
0.45250,-134.31,43.33
0.45260,-135.22,53.33
0.45270,-135.94,63.25
0.45280,-136.47,73.09
0.45290,-136.81,82.81
0.45300,-136.95,92.42
0.45310,-136.90,101.90
0.45320,-136.65,111.23
0.45330,-136.21,120.41
0.45340,-135.57,129.41
0.45350,-134.75,138.23
0.45360,-133.73,146.85
0.45370,-132.52,155.26
0.45380,-131.13,163.45
0.45390,-129.55,171.41
0.45400,-127.78,179.13
0.45410,-125.84,186.59
0.45420,-123.71,193.78
0.45430,-121.41,200.70
0.45440,-118.94,207.33
0.45450,-116.30,213.67
0.45460,-113.50,219.70
0.45470,-110.53,225.42
0.45480,-107.41,230.82
0.45490,-104.13,235.90
0.45500,-100.71,240.63
0.45510,-97.14,245.03
0.45520,-93.44,249.07
0.45530,-89.61,252.76
0.45540,-85.64,256.09
0.45550,-81.56,259.06
0.45560,-77.36,261.66
0.45570,-73.05,263.88
0.45580,-68.64,265.74
0.45590,-64.13,267.21
0.45600,-59.53,268.30
0.45610,-54.85,269.01
0.45620,-50.09,269.34
0.45630,-45.26,269.28
0.45640,-40.36,268.85
0.45650,-35.41,268.03
0.45660,-30.41,266.82
0.45670,-25.36,265.24
0.45680,-20.28,263.28
0.45690,-15.17,260.95
0.45700,-10.04,258.25
0.45710,-4.89,255.17
0.45720,0.26,251.74
0.45730,5.41,247.95
0.45740,10.55,243.80
0.45750,15.68,239.31
0.45760,20.78,234.47
0.45770,25.86,229.31
0.45780,30.89,223.81
0.45790,35.88,218.00
0.45800,40.83,211.88
0.45810,45.71,205.46
0.45820,50.53,198.74
0.45830,55.27,191.74
0.45840,59.94,184.47
0.45850,64.52,176.94
0.45860,69.01,169.15
0.45870,73.40,161.13
0.45880,77.68,152.87
0.45890,81.86,144.40
0.45900,85.92,135.72
0.45910,89.85,126.84
0.45920,93.66,117.79
0.45930,97.33,108.57
0.45940,100.87,99.19
0.45950,104.26,89.68
0.45960,107.50,80.03
0.45970,110.59,70.27
0.45980,113.52,60.41
0.45990,116.29,50.47
0.46000,118.90,40.45
0.46010,121.33,30.37
0.46020,123.60,20.26
0.46030,125.68,10.11
0.46040,127.59,-0.06
0.46050,129.32,-10.22
0.46060,130.86,-20.37
0.46070,132.21,-30.49
0.46080,133.38,-40.57
0.46090,134.36,-50.59
0.46100,135.14,-60.54
0.46110,135.73,-70.40
0.46120,136.13,-80.16
0.46130,136.34,-89.81
0.46140,136.35,-99.34
0.46150,136.17,-108.72
0.46160,135.79,-117.95
0.46170,135.22,-127.01
0.46180,134.46,-135.89
0.46190,133.51,-144.58
0.46200,132.36,-153.06
0.46210,131.03,-161.33
0.46220,129.51,-169.37
0.46230,127.81,-177.16
0.46240,125.92,-184.71
0.46250,123.86,-191.99
0.46260,121.62,-199.00
0.46270,119.20,-205.73
0.46280,116.62,-212.17
0.46290,113.87,-218.31
0.46300,110.95,-224.13
0.46310,107.88,-229.64
0.46320,104.66,-234.82
0.46330,101.29,-239.67
0.46340,97.77,-244.18
0.46350,94.11,-248.34
0.46360,90.32,-252.15
0.46370,86.40,-255.60
0.46380,82.36,-258.69
0.46390,78.19,-261.41
0.46400,73.92,-263.76
0.46410,69.54,-265.74
0.46420,65.07,-267.34
0.46430,60.50,-268.56
0.46440,55.84,-269.39
0.46450,51.11,-269.85
0.46460,46.30,-269.92
0.46470,41.42,-269.61
0.46480,36.49,-268.92
0.46490,31.50,-267.84
0.46500,26.47,-266.39
0.46510,21.40,-264.56
0.46520,16.30,-262.35
0.46530,11.17,-259.77
0.46540,6.03,-256.82
0.46550,0.88,-253.50
0.46560,-4.27,-249.83
0.46570,-9.41,-245.80
0.46580,-14.55,-241.42
0.46590,-19.66,-236.70
0.46600,-24.74,-231.64
0.46610,-29.79,-226.26
0.46620,-34.80,-220.55
0.46630,-39.76,-214.53
0.46640,-44.66,-208.21
0.46650,-49.50,-201.59
0.46660,-54.27,-194.68
0.46670,-58.97,-187.50
0.46680,-63.58,-180.05
0.46690,-68.10,-172.35
0.46700,-72.52,-164.40
0.46710,-76.84,-156.22
0.46720,-81.05,-147.82
0.46730,-85.15,-139.21
0.46740,-89.13,-130.40
0.46750,-92.98,-121.40
0.46760,-96.70,-112.24
0.46770,-100.28,-102.91
0.46780,-103.72,-93.44
0.46790,-107.01,-83.83
0.46800,-110.15,-74.11
0.46810,-113.14,-64.28
0.46820,-115.96,-54.37
0.46830,-118.62,-44.37
0.46840,-121.11,-34.31
0.46850,-123.43,-24.21
0.46860,-125.58,-14.07
0.46870,-127.55,-3.91
0.46880,-129.33,6.26
0.46890,-130.94,16.42
0.46900,-132.35,26.55
0.46910,-133.58,36.64
0.46920,-134.62,46.68
0.46930,-135.47,56.66
0.46940,-136.13,66.55
0.46950,-136.59,76.35
0.46960,-136.86,86.04
0.46970,-136.94,95.61
0.46980,-136.82,105.04
0.46990,-136.51,114.32
0.47000,-136.01,123.44
0.47010,-135.31,132.38
0.47020,-134.42,141.14
0.47030,-133.34,149.69
0.47040,-132.07,158.03
0.47050,-130.61,166.14
0.47060,-128.97,174.02
0.47070,-127.14,181.65
0.47080,-125.14,189.03
0.47090,-122.95,196.13
0.47100,-120.60,202.95
0.47110,-118.07,209.49
0.47120,-115.37,215.73
0.47130,-112.51,221.66
0.47140,-109.49,227.27
0.47150,-106.32,232.56
0.47160,-103.00,237.52
0.47170,-99.52,242.15
0.47180,-95.91,246.42
0.47190,-92.17,250.35
0.47200,-88.29,253.92
0.47210,-84.28,257.13
0.47220,-80.16,259.98
0.47230,-75.93,262.45
0.47240,-71.58,264.55
0.47250,-67.14,266.28
0.47260,-62.60,267.63
0.47270,-57.97,268.59
0.47280,-53.26,269.17
0.47290,-48.47,269.38
0.47300,-43.62,269.19
0.47310,-38.70,268.63
0.47320,-33.73,267.68
0.47330,-28.72,266.35
0.47340,-23.66,264.64
0.47350,-18.57,262.56
0.47360,-13.45,260.10
0.47370,-8.31,257.27
0.47380,-3.16,254.08
0.47390,1.99,250.53
0.47400,7.14,246.61
0.47410,12.27,242.35
0.47420,17.39,237.75
0.47430,22.49,232.80
0.47440,27.55,227.52
0.47450,32.57,221.92
0.47460,37.55,216.01
0.47470,42.47,209.78
0.47480,47.34,203.26
0.47490,52.13,196.45
0.47500,56.85,189.36
0.47510,61.49,182.00
0.47520,66.04,174.38
0.47530,70.50,166.51
0.47540,74.85,158.41
0.47550,79.10,150.08
0.47560,83.24,141.54
0.47570,87.25,132.79
0.47580,91.15,123.86
0.47590,94.91,114.75
0.47600,98.54,105.47
0.47610,102.03,96.05
0.47620,105.37,86.49
0.47630,108.56,76.80
0.47640,111.60,67.01
0.47650,114.48,57.12
0.47660,117.19,47.15
0.47670,119.74,37.11
0.47680,122.12,27.02
0.47690,124.32,16.89
0.47700,126.35,6.73
0.47710,128.20,-3.43
0.47720,129.86,-13.59
0.47730,131.34,-23.73
0.47740,132.63,-33.84
0.47750,133.74,-43.90
0.47760,134.65,-53.90
0.47770,135.37,-63.82
0.47780,135.90,-73.65
0.47790,136.24,-83.38
0.47800,136.38,-92.99
0.47810,136.33,-102.47
0.47820,136.08,-111.80
0.47830,135.64,-120.98
0.47840,135.00,-129.98
0.47850,134.18,-138.80
0.47860,133.16,-147.42
0.47870,131.95,-155.83
0.47880,130.56,-164.02
0.47890,128.98,-171.98
0.47900,127.21,-179.69
0.47910,125.27,-187.15
0.47920,123.14,-194.35
0.47930,120.84,-201.27
0.47940,118.37,-207.90
0.47950,115.73,-214.24
0.47960,112.93,-220.27
0.47970,109.96,-225.99
0.47980,106.84,-231.39
0.47990,103.56,-236.46
0.48000,100.14,-241.20
0.48010,96.58,-245.59
0.48020,92.87,-249.64
0.48030,89.04,-253.33
0.48040,85.08,-256.66
0.48050,80.99,-259.63
0.48060,76.80,-262.22
0.48070,72.49,-264.45
0.48080,68.08,-266.30
0.48090,63.57,-267.77
0.48100,58.97,-268.87
0.48110,54.28,-269.58
0.48120,49.52,-269.90
0.48130,44.69,-269.85
0.48140,39.80,-269.41
0.48150,34.84,-268.59
0.48160,29.84,-267.39
0.48170,24.79,-265.81
0.48180,19.71,-263.85
0.48190,14.60,-261.51
0.48200,9.47,-258.81
0.48210,4.33,-255.74
0.48220,-0.82,-252.30
0.48230,-5.97,-248.51
0.48240,-11.11,-244.36
0.48250,-16.24,-239.87
0.48260,-21.34,-235.04
0.48270,-26.42,-229.87
0.48280,-31.46,-224.38
0.48290,-36.45,-218.57
0.48300,-41.39,-212.44
0.48310,-46.27,-206.02
0.48320,-51.09,-199.30
0.48330,-55.83,-192.31
0.48340,-60.50,-185.03
0.48350,-65.08,-177.50
0.48360,-69.57,-169.71
0.48370,-73.96,-161.69
0.48380,-78.25,-153.43
0.48390,-82.42,-144.96
0.48400,-86.48,-136.28
0.48410,-90.41,-127.41
0.48420,-94.22,-118.35
0.48430,-97.89,-109.13
0.48440,-101.43,-99.76
0.48450,-104.82,-90.24
0.48460,-108.06,-80.59
0.48470,-111.15,-70.83
0.48480,-114.08,-60.97
0.48490,-116.85,-51.03
0.48500,-119.46,-41.01
0.48510,-121.89,-30.94
0.48520,-124.16,-20.82
0.48530,-126.24,-10.67
0.48540,-128.15,-0.50
0.48550,-129.88,9.66
0.48560,-131.42,19.81
0.48570,-132.77,29.93
0.48580,-133.94,40.01
0.48590,-134.91,50.03
0.48600,-135.70,59.98
0.48610,-136.29,69.84
0.48620,-136.69,79.61
0.48630,-136.90,89.26
0.48640,-136.91,98.78
0.48650,-136.73,108.16
0.48660,-136.35,117.39
0.48670,-135.78,126.45
0.48680,-135.02,135.33
0.48690,-134.06,144.02
0.48700,-132.92,152.51
0.48710,-131.59,160.77
0.48720,-130.07,168.81
0.48730,-128.37,176.61
0.48740,-126.48,184.15
0.48750,-124.41,191.44
0.48760,-122.17,198.45
0.48770,-119.76,205.18
0.48780,-117.17,211.61
0.48790,-114.42,217.75
0.48800,-111.51,223.58
0.48810,-108.44,229.08
0.48820,-105.22,234.27
0.48830,-101.84,239.11
0.48840,-98.32,243.62
0.48850,-94.67,247.79
0.48860,-90.87,251.60
0.48870,-86.95,255.05
0.48880,-82.91,258.14
0.48890,-78.75,260.86
0.48900,-74.48,263.21
0.48910,-70.10,265.18
0.48920,-65.62,266.78
0.48930,-61.05,268.00
0.48940,-56.40,268.84
0.48950,-51.66,269.30
0.48960,-46.85,269.37
0.48970,-41.97,269.06
0.48980,-37.04,268.37
0.48990,-32.05,267.29
0.49000,-27.02,265.84
0.49010,-21.95,264.00
0.49020,-16.85,261.79
0.49030,-11.73,259.21
0.49040,-6.58,256.26
0.49050,-1.43,252.95
0.49060,3.72,249.27
0.49070,8.86,245.25
0.49080,14.00,240.87
0.49090,19.11,236.15
0.49100,24.19,231.09
0.49110,29.24,225.71
0.49120,34.25,220.00
0.49130,39.21,213.98
0.49140,44.11,207.66
0.49150,48.95,201.04
0.49160,53.72,194.13
0.49170,58.42,186.95
0.49180,63.03,179.50
0.49190,67.55,171.80
0.49200,71.97,163.85
0.49210,76.29,155.67
0.49220,80.50,147.27
0.49230,84.60,138.66
0.49240,88.58,129.85
0.49250,92.43,120.85
0.49260,96.15,111.69
0.49270,99.73,102.36
0.49280,103.17,92.89
0.49290,106.46,83.29
0.49300,109.60,73.56
0.49310,112.59,63.74
0.49320,115.41,53.82
0.49330,118.07,43.82
0.49340,120.57,33.76
0.49350,122.89,23.66
0.49360,125.03,13.52
0.49370,127.00,3.36
0.49380,128.79,-6.81
0.49390,130.39,-16.96
0.49400,131.81,-27.09
0.49410,133.04,-37.19
0.49420,134.08,-47.23
0.49430,134.93,-57.20
0.49440,135.58,-67.10
0.49450,136.05,-76.90
0.49460,136.32,-86.59
0.49470,136.39,-96.15
0.49480,136.28,-105.58
0.49490,135.97,-114.87
0.49500,135.46,-123.98
0.49510,134.76,-132.93
0.49520,133.87,-141.68
0.49530,132.79,-150.23
0.49540,131.52,-158.57
0.49550,130.06,-166.69
0.49560,128.42,-174.57
0.49570,126.60,-182.20
0.49580,124.59,-189.57
0.49590,122.41,-196.67
0.49600,120.05,-203.50
0.49610,117.52,-210.03
0.49620,114.83,-216.27
0.49630,111.97,-222.20
0.49640,108.95,-227.81
0.49650,105.78,-233.11
0.49660,102.45,-238.07
0.49670,98.98,-242.69
0.49680,95.37,-246.97
0.49690,91.62,-250.89
0.49700,87.75,-254.47
0.49710,83.74,-257.68
0.49720,79.62,-260.52
0.49730,75.38,-263.00
0.49740,71.04,-265.10
0.49750,66.60,-266.82
0.49760,62.06,-268.17
0.49770,57.43,-269.13
0.49780,52.72,-269.72
0.49790,47.93,-269.92
0.49800,43.08,-269.73
0.49810,38.16,-269.17
0.49820,33.19,-268.22
0.49830,28.18,-266.89
0.49840,23.12,-265.18
0.49850,18.03,-263.10
0.49860,12.91,-260.64
0.49870,7.77,-257.81
0.49880,2.63,-254.62
0.49890,-2.53,-251.07
0.49900,-7.67,-247.15
0.49910,-12.81,-242.89
0.49920,-17.93,-238.28
0.49930,-23.03,-233.34
0.49940,-28.09,-228.06
0.49950,-33.11,-222.46
0.49960,-38.09,-216.55
0.49970,-43.01,-210.32
0.49980,-47.87,-203.80
0.49990,-52.67,-196.99
0.50000,-57.39,-189.90
0.50010,-62.03,-182.54
0.50020,-66.58,-174.92
0.50030,-71.03,-167.05
0.50040,-75.39,-158.95
0.50050,-79.64,-150.62
0.50060,-83.77,-142.07
0.50070,-87.79,-133.33
0.50080,-91.68,-124.39
0.50090,-95.45,-115.28
0.50100,-99.08,-106.01
0.50110,-102.56,-96.59
0.50120,-105.91,-87.02
0.50130,-109.10,-77.34
0.50140,-112.13,-67.55
0.50150,-115.01,-57.66
0.50160,-117.73,-47.68
0.50170,-120.28,-37.65
0.50180,-122.65,-27.55
0.50190,-124.86,-17.42
0.50200,-126.89,-7.27
0.50210,-128.73,2.90
0.50220,-130.40,13.06
0.50230,-131.88,23.20
0.50240,-133.17,33.31
0.50250,-134.27,43.37
0.50260,-135.19,53.37
0.50270,-135.91,63.29
0.50280,-136.44,73.12
0.50290,-136.77,82.85
0.50300,-136.91,92.46
0.50310,-136.86,101.94
0.50320,-136.61,111.27
0.50330,-136.17,120.44
0.50340,-135.54,129.45
0.50350,-134.71,138.26
0.50360,-133.69,146.89
0.50370,-132.48,155.30
0.50380,-131.09,163.49
0.50390,-129.51,171.45
0.50400,-127.74,179.16
0.50410,-125.80,186.62
0.50420,-123.67,193.82
0.50430,-121.37,200.73
0.50440,-118.90,207.37
0.50450,-116.26,213.71
0.50460,-113.46,219.74
0.50470,-110.49,225.46
0.50480,-107.37,230.86
0.50490,-104.09,235.93
0.50500,-100.67,240.67
0.50510,-97.11,245.06
0.50520,-93.40,249.11
0.50530,-89.57,252.80
0.50540,-85.61,256.13
0.50550,-81.52,259.10
0.50560,-77.32,261.69
0.50570,-73.02,263.92
0.50580,-68.60,265.77
0.50590,-64.10,267.24
0.50600,-59.50,268.34
0.50610,-54.81,269.05
0.50620,-50.05,269.38
0.50630,-45.22,269.32
0.50640,-40.32,268.88
0.50650,-35.37,268.06
0.50660,-30.37,266.86
0.50670,-25.32,265.28
0.50680,-20.24,263.32
0.50690,-15.13,260.99
0.50700,-10.00,258.28
0.50710,-4.86,255.21
0.50720,0.30,251.78
0.50730,5.45,247.98
0.50740,10.59,243.84
0.50750,15.71,239.34
0.50760,20.82,234.51
0.50770,25.89,229.34
0.50780,30.93,223.85
0.50790,35.92,218.04
0.50800,40.86,211.92
0.50810,45.75,205.49
0.50820,50.56,198.78
0.50830,55.31,191.78
0.50840,59.98,184.51
0.50850,64.56,176.97
0.50860,69.05,169.19
0.50870,73.44,161.16
0.50880,77.72,152.91
0.50890,81.90,144.43
0.50900,85.95,135.75
0.50910,89.89,126.88
0.50920,93.70,117.83
0.50930,97.37,108.61
0.50940,100.91,99.23
0.50950,104.30,89.71
0.50960,107.54,80.07
0.50970,110.63,70.31
0.50980,113.56,60.45
0.50990,116.33,50.51
0.51000,118.94,40.49
0.51010,121.37,30.41
0.51020,123.63,20.29
0.51030,125.72,10.14
0.51040,127.63,-0.02
0.51050,129.35,-10.18
0.51060,130.89,-20.33
0.51070,132.25,-30.45
0.51080,133.42,-40.53
0.51090,134.39,-50.55
0.51100,135.18,-60.50
0.51110,135.77,-70.36
0.51120,136.17,-80.13
0.51130,136.38,-89.78
0.51140,136.39,-99.30
0.51150,136.21,-108.68
0.51160,135.83,-117.91
0.51170,135.26,-126.97
0.51180,134.50,-135.85
0.51190,133.54,-144.54
0.51200,132.40,-153.03
0.51210,131.07,-161.29
0.51220,129.55,-169.33
0.51230,127.85,-177.13
0.51240,125.96,-184.67
0.51250,123.90,-191.96
0.51260,121.65,-198.97
0.51270,119.24,-205.70
0.51280,116.66,-212.13
0.51290,113.91,-218.27
0.51300,110.99,-224.09
0.51310,107.92,-229.60
0.51320,104.70,-234.78
0.51330,101.32,-239.63
0.51340,97.81,-244.14
0.51350,94.15,-248.30
0.51360,90.36,-252.11
0.51370,86.44,-255.56
0.51380,82.39,-258.65
0.51390,78.23,-261.37
0.51400,73.96,-263.73
0.51410,69.58,-265.70
0.51420,65.11,-267.30
0.51430,60.54,-268.52
0.51440,55.88,-269.36
0.51450,51.14,-269.81
0.51460,46.33,-269.89
0.51470,41.46,-269.58
0.51480,36.52,-268.88
0.51490,31.54,-267.81
0.51500,26.51,-266.35
0.51510,21.44,-264.52
0.51520,16.33,-262.31
0.51530,11.21,-259.73
0.51540,6.07,-256.78
0.51550,0.92,-253.46
0.51560,-4.23,-249.79
0.51570,-9.38,-245.76
0.51580,-14.51,-241.38
0.51590,-19.62,-236.66
0.51600,-24.71,-231.60
0.51610,-29.76,-226.22
0.51620,-34.76,-220.51
0.51630,-39.72,-214.49
0.51640,-44.63,-208.17
0.51650,-49.47,-201.55
0.51660,-54.24,-194.64
0.51670,-58.93,-187.46
0.51680,-63.54,-180.02
0.51690,-68.06,-172.31
0.51700,-72.48,-164.36
0.51710,-76.80,-156.18
0.51720,-81.02,-147.78
0.51730,-85.11,-139.17
0.51740,-89.09,-130.36
0.51750,-92.94,-121.36
0.51760,-96.66,-112.20
0.51770,-100.24,-102.87
0.51780,-103.68,-93.40
0.51790,-106.97,-83.80
0.51800,-110.12,-74.07
0.51810,-113.10,-64.25
0.51820,-115.92,-54.33
0.51830,-118.58,-44.33
0.51840,-121.08,-34.27
0.51850,-123.40,-24.17
0.51860,-125.54,-14.03
0.51870,-127.51,-3.87
0.51880,-129.30,6.30
0.51890,-130.90,16.45
0.51900,-132.32,26.58
0.51910,-133.55,36.68
0.51920,-134.59,46.72
0.51930,-135.44,56.69
0.51940,-136.09,66.59
0.51950,-136.56,76.39
0.51960,-136.83,86.08
0.51970,-136.90,95.64
0.51980,-136.79,105.08
0.51990,-136.47,114.36
0.52000,-135.97,123.48
0.52010,-135.27,132.42
0.52020,-134.38,141.17
0.52030,-133.30,149.73
0.52040,-132.03,158.07
0.52050,-130.57,166.18
0.52060,-128.93,174.06
0.52070,-127.10,181.69
0.52080,-125.10,189.06
0.52090,-122.92,196.17
0.52100,-120.56,202.99
0.52110,-118.03,209.53
0.52120,-115.33,215.76
0.52130,-112.48,221.69
0.52140,-109.46,227.31
0.52150,-106.28,232.60
0.52160,-102.96,237.56
0.52170,-99.49,242.18
0.52180,-95.88,246.46
0.52190,-92.13,250.39
0.52200,-88.25,253.96
0.52210,-84.25,257.17
0.52220,-80.12,260.02
0.52230,-75.89,262.49
0.52240,-71.55,264.59
0.52250,-67.10,266.32
0.52260,-62.56,267.66
0.52270,-57.93,268.63
0.52280,-53.22,269.21
0.52290,-48.44,269.41
0.52300,-43.58,269.23
0.52310,-38.67,268.66
0.52320,-33.70,267.72
0.52330,-28.68,266.39
0.52340,-23.62,264.68
0.52350,-18.53,262.60
0.52360,-13.41,260.14
0.52370,-8.28,257.31
0.52380,-3.13,254.12
0.52390,2.02,250.56
0.52400,7.17,246.65
0.52410,12.31,242.39
0.52420,17.43,237.78
0.52430,22.53,232.84
0.52440,27.59,227.56
0.52450,32.61,221.96
0.52460,37.59,216.04
0.52470,42.51,209.82
0.52480,47.37,203.30
0.52490,52.17,196.49
0.52500,56.89,189.40
0.52510,61.52,182.04
0.52520,66.08,174.42
0.52530,70.53,166.55
0.52540,74.89,158.45
0.52550,79.14,150.12
0.52560,83.27,141.57
0.52570,87.29,132.83
0.52580,91.18,123.89
0.52590,94.95,114.78
0.52600,98.58,105.51
0.52610,102.06,96.09
0.52620,105.41,86.52
0.52630,108.60,76.84
0.52640,111.64,67.05
0.52650,114.51,57.16
0.52660,117.23,47.19
0.52670,119.78,37.15
0.52680,122.16,27.06
0.52690,124.36,16.92
0.52700,126.39,6.77
0.52710,128.23,-3.40
0.52720,129.90,-13.56
0.52730,131.38,-23.70
0.52740,132.67,-33.80
0.52750,133.78,-43.87
0.52760,134.69,-53.86
0.52770,135.41,-63.79
0.52780,135.94,-73.62
0.52790,136.27,-83.35
0.52800,136.41,-92.95
0.52810,136.36,-102.43
0.52820,136.11,-111.77
0.52830,135.67,-120.94
0.52840,135.04,-129.94
0.52850,134.21,-138.76
0.52860,133.20,-147.38
0.52870,131.99,-155.79
0.52880,130.59,-163.98
0.52890,129.01,-171.94
0.52900,127.25,-179.66
0.52910,125.30,-187.12
0.52920,123.18,-194.31
0.52930,120.88,-201.23
0.52940,118.41,-207.86
0.52950,115.77,-214.20
0.52960,112.96,-220.23
0.52970,110.00,-225.95
0.52980,106.88,-231.35
0.52990,103.60,-236.43
0.53000,100.18,-241.16
0.53010,96.61,-245.56
0.53020,92.91,-249.60
0.53030,89.08,-253.29
0.53040,85.11,-256.62
0.53050,81.03,-259.59
0.53060,76.83,-262.19
0.53070,72.52,-264.41
0.53080,68.11,-266.26
0.53090,63.60,-267.74
0.53100,59.00,-268.83
0.53110,54.32,-269.54
0.53120,49.56,-269.87
0.53130,44.73,-269.81
0.53140,39.83,-269.37
0.53150,34.88,-268.55
0.53160,29.88,-267.35
0.53170,24.83,-265.77
0.53180,19.75,-263.81
0.53190,14.64,-261.48
0.53200,9.51,-258.77
0.53210,4.37,-255.70
0.53220,-0.79,-252.27
0.53230,-5.94,-248.47
0.53240,-11.08,-244.33
0.53250,-16.20,-239.83
0.53260,-21.31,-235.00
0.53270,-26.38,-229.83
0.53280,-31.42,-224.34
0.53290,-36.41,-218.53
0.53300,-41.35,-212.41
0.53310,-46.24,-205.98
0.53320,-51.05,-199.27
0.53330,-55.80,-192.27
0.53340,-60.47,-185.00
0.53350,-65.05,-177.46
0.53360,-69.53,-169.68
0.53370,-73.92,-161.65
0.53380,-78.21,-153.40
0.53390,-82.38,-144.92
0.53400,-86.44,-136.24
0.53410,-90.38,-127.37
0.53420,-94.18,-118.32
0.53430,-97.86,-109.09
0.53440,-101.39,-99.72
0.53450,-104.78,-90.20
0.53460,-108.03,-80.56
0.53470,-111.12,-70.80
0.53480,-114.05,-60.94
0.53490,-116.82,-50.99
0.53500,-119.42,-40.97
0.53510,-121.86,-30.90
0.53520,-124.12,-20.78
0.53530,-126.21,-10.63
0.53540,-128.11,-0.47
0.53550,-129.84,9.70
0.53560,-131.38,19.84
0.53570,-132.74,29.97
0.53580,-133.90,40.04
0.53590,-134.88,50.06
0.53600,-135.66,60.01
0.53610,-136.26,69.88
0.53620,-136.66,79.64
0.53630,-136.86,89.29
0.53640,-136.87,98.82
0.53650,-136.69,108.20
0.53660,-136.32,117.43
0.53670,-135.75,126.49
0.53680,-134.98,135.37
0.53690,-134.03,144.06
0.53700,-132.88,152.54
0.53710,-131.55,160.81
0.53720,-130.03,168.84
0.53730,-128.33,176.64
0.53740,-126.44,184.19
0.53750,-124.38,191.47
0.53760,-122.14,198.48
0.53770,-119.72,205.21
0.53780,-117.14,211.65
0.53790,-114.39,217.79
0.53800,-111.48,223.61
0.53810,-108.40,229.12
0.53820,-105.18,234.30
0.53830,-101.81,239.15
0.53840,-98.29,243.66
0.53850,-94.63,247.82
0.53860,-90.84,251.63
0.53870,-86.92,255.08
0.53880,-82.87,258.17
0.53890,-78.71,260.89
0.53900,-74.44,263.24
0.53910,-70.06,265.22
0.53920,-65.59,266.82
0.53930,-61.02,268.04
0.53940,-56.36,268.88
0.53950,-51.62,269.33
0.53960,-46.81,269.40
0.53970,-41.94,269.09
0.53980,-37.00,268.40
0.53990,-32.02,267.33
0.54000,-26.99,265.87
0.54010,-21.92,264.04
0.54020,-16.81,261.83
0.54030,-11.69,259.25
0.54040,-6.55,256.30
0.54050,-1.40,252.98
0.54060,3.75,249.31
0.54070,8.90,245.28
0.54080,14.03,240.90
0.54090,19.14,236.18
0.54100,24.23,231.13
0.54110,29.28,225.74
0.54120,34.29,220.03
0.54130,39.25,214.01
0.54140,44.15,207.69
0.54150,48.99,201.07
0.54160,53.76,194.17
0.54170,58.45,186.99
0.54180,63.06,179.54
0.54190,67.58,171.83
0.54200,72.01,163.89
0.54210,76.33,155.71
0.54220,80.54,147.30
0.54230,84.64,138.69
0.54240,88.61,129.88
0.54250,92.46,120.89
0.54260,96.18,111.72
0.54270,99.77,102.40
0.54280,103.21,92.92
0.54290,106.50,83.32
0.54300,109.64,73.60
0.54310,112.62,63.77
0.54320,115.45,53.85
0.54330,118.11,43.86
0.54340,120.60,33.80
0.54350,122.92,23.69
0.54360,125.07,13.55
0.54370,127.03,3.39
0.54380,128.82,-6.77
0.54390,130.42,-16.93
0.54400,131.84,-27.06
0.54410,133.07,-37.15
0.54420,134.11,-47.19
0.54430,134.96,-57.17
0.54440,135.62,-67.06
0.54450,136.08,-76.86
0.54460,136.35,-86.55
0.54470,136.43,-96.12
0.54480,136.31,-105.55
0.54490,136.00,-114.83
0.54500,135.49,-123.95
0.54510,134.80,-132.89
0.54520,133.91,-141.65
0.54530,132.83,-150.20
0.54540,131.56,-158.54
0.54550,130.10,-166.65
0.54560,128.46,-174.53
0.54570,126.63,-182.16
0.54580,124.63,-189.53
0.54590,122.44,-196.64
0.54600,120.09,-203.46
0.54610,117.56,-210.00
0.54620,114.86,-216.23
0.54630,112.00,-222.16
0.54640,108.99,-227.78
0.54650,105.81,-233.07
0.54660,102.49,-238.03
0.54670,99.02,-242.65
0.54680,95.41,-246.93
0.54690,91.66,-250.86
0.54700,87.78,-254.43
0.54710,83.78,-257.64
0.54720,79.65,-260.49
0.54730,75.42,-262.96
0.54740,71.08,-265.06
0.54750,66.63,-266.79
0.54760,62.09,-268.13
0.54770,57.46,-269.10
0.54780,52.75,-269.68
0.54790,47.97,-269.88
0.54800,43.11,-269.70
0.54810,38.20,-269.13
0.54820,33.23,-268.18
0.54830,28.21,-266.86
0.54840,23.15,-265.15
0.54850,18.06,-263.06
0.54860,12.94,-260.61
0.54870,7.81,-257.78
0.54880,2.66,-254.59
0.54890,-2.49,-251.03
0.54900,-7.64,-247.12
0.54910,-12.78,-242.86
0.54920,-17.90,-238.25
0.54930,-22.99,-233.30
0.54940,-28.06,-228.03
0.54950,-33.08,-222.43
0.54960,-38.05,-216.51
0.54970,-42.98,-210.29
0.54980,-47.84,-203.77
0.54990,-52.63,-196.96
0.55000,-57.35,-189.86
0.55010,-61.99,-182.50
0.55020,-66.54,-174.89
0.55030,-71.00,-167.02
0.55040,-75.35,-158.91
0.55050,-79.60,-150.58
0.55060,-83.74,-142.04
0.55070,-87.76,-133.29
0.55080,-91.65,-124.36
0.55090,-95.41,-115.25
0.55100,-99.04,-105.98
0.55110,-102.53,-96.55
0.55120,-105.87,-86.99
0.55130,-109.06,-77.31
0.55140,-112.10,-67.51
0.55150,-114.98,-57.62
0.55160,-117.69,-47.65
0.55170,-120.24,-37.61
0.55180,-122.62,-27.52
0.55190,-124.82,-17.39
0.55200,-126.85,-7.23
0.55210,-128.70,2.93
0.55220,-130.36,13.09
0.55230,-131.84,23.23
0.55240,-133.13,33.34
0.55250,-134.24,43.40
0.55260,-135.15,53.40
0.55270,-135.87,63.32
0.55280,-136.40,73.15
0.55290,-136.74,82.88
0.55300,-136.88,92.49
0.55310,-136.82,101.97
0.55320,-136.58,111.30
0.55330,-136.14,120.48
0.55340,-135.50,129.48
0.55350,-134.68,138.30
0.55360,-133.66,146.92
0.55370,-132.45,155.33
0.55380,-131.06,163.52
0.55390,-129.47,171.48
0.55400,-127.71,179.20
0.55410,-125.76,186.66
0.55420,-123.64,193.85
0.55430,-121.34,200.77
0.55440,-118.87,207.40
0.55450,-116.23,213.74
0.55460,-113.42,219.77
0.55470,-110.46,225.49
0.55480,-107.34,230.89
0.55490,-104.06,235.97
0.55500,-100.64,240.70
0.55510,-97.07,245.10
0.55520,-93.37,249.14
0.55530,-89.54,252.83
0.55540,-85.57,256.16
0.55550,-81.49,259.13
0.55560,-77.29,261.73
0.55570,-72.98,263.95
0.55580,-68.57,265.81
0.55590,-64.06,267.28
0.55600,-59.46,268.37
0.55610,-54.78,269.08
0.55620,-50.02,269.41
0.55630,-45.19,269.35
0.55640,-40.29,268.92
0.55650,-35.34,268.10
0.55660,-30.33,266.89
0.55670,-25.29,265.31
0.55680,-20.21,263.35
0.55690,-15.10,261.02
0.55700,-9.97,258.32
0.55710,-4.82,255.24
0.55720,0.33,251.81
0.55730,5.48,248.02
0.55740,10.62,243.87
0.55750,15.75,239.38
0.55760,20.85,234.54
0.55770,25.93,229.38
0.55780,30.96,223.88
0.55790,35.96,218.07
0.55800,40.90,211.95
0.55810,45.78,205.53
0.55820,50.60,198.81
0.55830,55.34,191.81
0.55840,60.01,184.54
0.55850,64.59,177.01
0.55860,69.08,169.22
0.55870,73.47,161.20
0.55880,77.75,152.94
0.55890,81.93,144.47
0.55900,85.99,135.79
0.55910,89.92,126.91
0.55920,93.73,117.86
0.55930,97.40,108.64
0.55940,100.94,99.26
0.55950,104.33,89.75
0.55960,107.57,80.10
0.55970,110.66,70.34
0.55980,113.59,60.48
0.55990,116.36,50.54
0.56000,118.97,40.52
0.56010,121.40,30.45
0.56020,123.67,20.33
0.56030,125.75,10.18
0.56040,127.66,0.02
0.56050,129.39,-10.15
0.56060,130.93,-20.30
0.56070,132.28,-30.42
0.56080,133.45,-40.50
0.56090,134.43,-50.52
0.56100,135.21,-60.47
0.56110,135.81,-70.33
0.56120,136.21,-80.09
0.56130,136.41,-89.74
0.56140,136.42,-99.27
0.56150,136.24,-108.65
0.56160,135.86,-117.88
0.56170,135.29,-126.94
0.56180,134.53,-135.82
0.56190,133.58,-144.51
0.56200,132.43,-152.99
0.56210,131.10,-161.26
0.56220,129.58,-169.30
0.56230,127.88,-177.09
0.56240,125.99,-184.64
0.56250,123.93,-191.92
0.56260,121.69,-198.93
0.56270,119.27,-205.66
0.56280,116.69,-212.10
0.56290,113.94,-218.24
0.56300,111.03,-224.06
0.56310,107.95,-229.57
0.56320,104.73,-234.75
0.56330,101.36,-239.60
0.56340,97.84,-244.11
0.56350,94.18,-248.27
0.56360,90.39,-252.08
0.56370,86.47,-255.53
0.56380,82.43,-258.62
0.56390,78.27,-261.34
0.56400,73.99,-263.69
0.56410,69.62,-265.67
0.56420,65.14,-267.27
0.56430,60.57,-268.49
0.56440,55.91,-269.32
0.56450,51.18,-269.78
0.56460,46.37,-269.85
0.56470,41.49,-269.54
0.56480,36.56,-268.85
0.56490,31.57,-267.77
0.56500,26.54,-266.32
0.56510,21.47,-264.49
0.56520,16.37,-262.28
0.56530,11.24,-259.69
0.56540,6.10,-256.74
0.56550,0.95,-253.43
0.56560,-4.20,-249.76
0.56570,-9.34,-245.73
0.56580,-14.48,-241.35
0.56590,-19.59,-236.63
0.56600,-24.67,-231.57
0.56610,-29.72,-226.19
0.56620,-34.73,-220.48
0.56630,-39.69,-214.46
0.56640,-44.59,-208.14
0.56650,-49.43,-201.52
0.56660,-54.20,-194.61
0.56670,-58.90,-187.43
0.56680,-63.51,-179.98
0.56690,-68.03,-172.28
0.56700,-72.45,-164.33
0.56710,-76.77,-156.15
0.56720,-80.98,-147.75
0.56730,-85.08,-139.14
0.56740,-89.06,-130.33
0.56750,-92.91,-121.33
0.56760,-96.63,-112.17
0.56770,-100.21,-102.84
0.56780,-103.65,-93.37
0.56790,-106.94,-83.76
0.56800,-110.08,-74.04
0.56810,-113.07,-64.21
0.56820,-115.89,-54.30
0.56830,-118.55,-44.30
0.56840,-121.04,-34.24
0.56850,-123.36,-24.14
0.56860,-125.51,-14.00
0.56870,-127.48,-3.84
0.56880,-129.26,6.33
0.56890,-130.87,16.49
0.56900,-132.28,26.62
0.56910,-133.51,36.71
0.56920,-134.55,46.75
0.56930,-135.40,56.73
0.56940,-136.06,66.62
0.56950,-136.52,76.42
0.56960,-136.79,86.11
0.56970,-136.87,95.68
0.56980,-136.75,105.11
0.56990,-136.44,114.39
0.57000,-135.94,123.51
0.57010,-135.24,132.45
0.57020,-134.35,141.20
0.57030,-133.27,149.76
0.57040,-132.00,158.10
0.57050,-130.54,166.21
0.57060,-128.90,174.09
0.57070,-127.07,181.72
0.57080,-125.07,189.09
0.57090,-122.88,196.20
0.57100,-120.53,203.02
0.57110,-118.00,209.56
0.57120,-115.30,215.79
0.57130,-112.44,221.73
0.57140,-109.42,227.34
0.57150,-106.25,232.63
0.57160,-102.93,237.59
0.57170,-99.46,242.22
0.57180,-95.84,246.49
0.57190,-92.10,250.42
0.57200,-88.22,253.99
0.57210,-84.22,257.20
0.57220,-80.09,260.05
0.57230,-75.86,262.52
0.57240,-71.51,264.62
0.57250,-67.07,266.35
0.57260,-62.53,267.69
0.57270,-57.90,268.66
0.57280,-53.19,269.24
0.57290,-48.40,269.44
0.57300,-43.55,269.26
0.57310,-38.63,268.70
0.57320,-33.66,267.75
0.57330,-28.65,266.42
0.57340,-23.59,264.71
0.57350,-18.50,262.63
0.57360,-13.38,260.17
0.57370,-8.24,257.34
0.57380,-3.10,254.15
0.57390,2.06,250.59
0.57400,7.20,246.68
0.57410,12.34,242.42
0.57420,17.46,237.81
0.57430,22.56,232.87
0.57440,27.62,227.59
0.57450,32.64,221.99
0.57460,37.62,216.08
0.57470,42.54,209.85
0.57480,47.40,203.33
0.57490,52.20,196.52
0.57500,56.92,189.43
0.57510,61.56,182.07
0.57520,66.11,174.45
0.57530,70.56,166.58
0.57540,74.92,158.48
0.57550,79.17,150.15
0.57560,83.31,141.61
0.57570,87.32,132.86
0.57580,91.22,123.93
0.57590,94.98,114.82
0.57600,98.61,105.54
0.57610,102.10,96.12
0.57620,105.44,86.56
0.57630,108.63,76.87
0.57640,111.67,67.08
0.57650,114.55,57.19
0.57660,117.26,47.22
0.57670,119.81,37.18
0.57680,122.19,27.09
0.57690,124.39,16.96
0.57700,126.42,6.80
0.57710,128.27,-3.36
0.57720,129.93,-13.52
0.57730,131.41,-23.66
0.57740,132.70,-33.77
0.57750,133.81,-43.83
0.57760,134.72,-53.83
0.57770,135.44,-63.75
0.57780,135.97,-73.59
0.57790,136.31,-83.31
0.57800,136.45,-92.92
0.57810,136.39,-102.40
0.57820,136.15,-111.73
0.57830,135.71,-120.91
0.57840,135.07,-129.91
0.57850,134.25,-138.73
0.57860,133.23,-147.35
0.57870,132.02,-155.76
0.57880,130.63,-163.95
0.57890,129.05,-171.91
0.57900,127.28,-179.63
0.57910,125.34,-187.09
0.57920,123.21,-194.28
0.57930,120.91,-201.20
0.57940,118.44,-207.83
0.57950,115.80,-214.17
0.57960,113.00,-220.20
0.57970,110.03,-225.92
0.57980,106.91,-231.32
0.57990,103.63,-236.39
0.58000,100.21,-241.13
0.58010,96.64,-245.52
0.58020,92.94,-249.57
0.58030,89.11,-253.26
0.58040,85.15,-256.59
0.58050,81.06,-259.56
0.58060,76.86,-262.16
0.58070,72.56,-264.38
0.58080,68.14,-266.23
0.58090,63.64,-267.71
0.58100,59.04,-268.80
0.58110,54.35,-269.51
0.58120,49.59,-269.84
0.58130,44.76,-269.78
0.58140,39.86,-269.34
0.58150,34.91,-268.52
0.58160,29.91,-267.32
0.58170,24.86,-265.74
0.58180,19.78,-263.78
0.58190,14.67,-261.45
0.58200,9.54,-258.74
0.58210,4.40,-255.67
0.58220,-0.75,-252.24
0.58230,-5.90,-248.44
0.58240,-11.05,-244.30
0.58250,-16.17,-239.80
0.58260,-21.28,-234.97
0.58270,-26.35,-229.80
0.58280,-31.39,-224.31
0.58290,-36.38,-218.50
0.58300,-41.32,-212.38
0.58310,-46.20,-205.95
0.58320,-51.02,-199.24
0.58330,-55.77,-192.24
0.58340,-60.43,-184.97
0.58350,-65.01,-177.43
0.58360,-69.50,-169.65
0.58370,-73.89,-161.62
0.58380,-78.18,-153.36
0.58390,-82.35,-144.89
0.58400,-86.41,-136.21
0.58410,-90.35,-127.34
0.58420,-94.15,-118.28
0.58430,-97.83,-109.06
0.58440,-101.36,-99.69
0.58450,-104.75,-90.17
0.58460,-108.00,-80.53
0.58470,-111.09,-70.77
0.58480,-114.02,-60.91
0.58490,-116.79,-50.96
0.58500,-119.39,-40.94
0.58510,-121.83,-30.87
0.58520,-124.09,-20.75
0.58530,-126.18,-10.60
0.58540,-128.08,-0.44
0.58550,-129.81,9.73
0.58560,-131.35,19.88
0.58570,-132.70,30.00
0.58580,-133.87,40.07
0.58590,-134.85,50.10
0.58600,-135.63,60.04
0.58610,-136.23,69.91
0.58620,-136.63,79.67
0.58630,-136.83,89.32
0.58640,-136.84,98.85
0.58650,-136.66,108.23
0.58660,-136.28,117.46
0.58670,-135.71,126.52
0.58680,-134.95,135.40
0.58690,-134.00,144.09
0.58700,-132.85,152.57
0.58710,-131.52,160.84
0.58720,-130.00,168.88
0.58730,-128.30,176.67
0.58740,-126.41,184.22
0.58750,-124.35,191.50
0.58760,-122.11,198.51
0.58770,-119.69,205.24
0.58780,-117.11,211.68
0.58790,-114.36,217.82
0.58800,-111.44,223.64
0.58810,-108.37,229.15
0.58820,-105.15,234.33
0.58830,-101.77,239.18
0.58840,-98.26,243.69
0.58850,-94.60,247.85
0.58860,-90.81,251.66
0.58870,-86.89,255.11
0.58880,-82.84,258.20
0.58890,-78.68,260.92
0.58900,-74.41,263.27
0.58910,-70.03,265.25
0.58920,-65.56,266.85
0.58930,-60.99,268.07
0.58940,-56.33,268.91
0.58950,-51.59,269.36
0.58960,-46.78,269.44
0.58970,-41.91,269.13
0.58980,-36.97,268.43
0.58990,-31.99,267.36
0.59000,-26.95,265.90
0.59010,-21.88,264.07
0.59020,-16.78,261.86
0.59030,-11.66,259.28
0.59040,-6.52,256.33
0.59050,-1.37,253.01
0.59060,3.78,249.34
0.59070,8.93,245.31
0.59080,14.06,240.93
0.59090,19.17,236.21
0.59100,24.26,231.16
0.59110,29.31,225.77
0.59120,34.32,220.06
0.59130,39.28,214.05
0.59140,44.18,207.72
0.59150,49.02,201.10
0.59160,53.79,194.20
0.59170,58.48,187.02
0.59180,63.09,179.57
0.59190,67.61,171.87
0.59200,72.04,163.92
0.59210,76.36,155.74
0.59220,80.57,147.33
0.59230,84.67,138.72
0.59240,88.64,129.91
0.59250,92.50,120.92
0.59260,96.21,111.75
0.59270,99.80,102.43
0.59280,103.24,92.96
0.59290,106.53,83.35
0.59300,109.67,73.63
0.59310,112.65,63.80
0.59320,115.48,53.88
0.59330,118.14,43.89
0.59340,120.63,33.83
0.59350,122.95,23.72
0.59360,125.10,13.58
0.59370,127.06,3.42
0.59380,128.85,-6.74
0.59390,130.45,-16.90
0.59400,131.87,-27.03
0.59410,133.10,-37.12
0.59420,134.14,-47.16
0.59430,134.99,-57.14
0.59440,135.65,-67.03
0.59450,136.11,-76.83
0.59460,136.38,-86.52
0.59470,136.46,-96.09
0.59480,136.34,-105.52
0.59490,136.03,-114.80
0.59500,135.53,-123.92
0.59510,134.83,-132.86
0.59520,133.94,-141.61
0.59530,132.86,-150.17
0.59540,131.59,-158.51
0.59550,130.13,-166.62
0.59560,128.49,-174.50
0.59570,126.66,-182.13
0.59580,124.66,-189.50
0.59590,122.47,-196.61
0.59600,120.12,-203.43
0.59610,117.59,-209.97
0.59620,114.89,-216.20
0.59630,112.03,-222.13
0.59640,109.02,-227.75
0.59650,105.84,-233.04
0.59660,102.52,-238.00
0.59670,99.05,-242.62
0.59680,95.44,-246.90
0.59690,91.69,-250.83
0.59700,87.81,-254.40
0.59710,83.81,-257.61
0.59720,79.68,-260.46
0.59730,75.45,-262.93
0.59740,71.11,-265.03
0.59750,66.66,-266.76
0.59760,62.12,-268.10
0.59770,57.49,-269.07
0.59780,52.78,-269.65
0.59790,48.00,-269.85
0.59800,43.14,-269.67
0.59810,38.23,-269.10
0.59820,33.26,-268.15
0.59830,28.24,-266.83
0.59840,23.18,-265.12
0.59850,18.09,-263.03
0.59860,12.97,-260.58
0.59870,7.84,-257.75
0.59880,2.69,-254.56
0.59890,-2.46,-251.00
0.59900,-7.61,-247.09
0.59910,-12.75,-242.83
0.59920,-17.87,-238.22
0.59930,-22.96,-233.27
0.59940,-28.03,-228.00
0.59950,-33.05,-222.40
0.59960,-38.02,-216.48
0.59970,-42.95,-210.26
0.59980,-47.81,-203.74
0.59990,-52.60,-196.93
0.60000,-57.32,-189.83
0.60010,-61.96,-182.47
0.60020,-66.51,-174.86
0.60030,-70.97,-166.99
0.60040,-75.32,-158.88
0.60050,-79.57,-150.55
0.60060,-83.71,-142.01
0.60070,-87.73,-133.26
0.60080,-91.62,-124.33
0.60090,-95.38,-115.22
0.60100,-99.01,-105.95
0.60110,-102.50,-96.52
0.60120,-105.84,-86.96
0.60130,-109.03,-77.28
0.60140,-112.07,-67.48
0.60150,-114.95,-57.59
0.60160,-117.66,-47.62
0.60170,-120.21,-37.58
0.60180,-122.59,-27.49
0.60190,-124.79,-17.36
0.60200,-126.82,-7.20
0.60210,-128.67,2.96
0.60220,-130.33,13.12
0.60230,-131.81,23.26
0.60240,-133.10,33.37
0.60250,-134.21,43.43
0.60260,-135.12,53.43
0.60270,-135.84,63.35
0.60280,-136.37,73.18
0.60290,-136.71,82.91
0.60300,-136.85,92.52
0.60310,-136.79,102.00
0.60320,-136.55,111.33
0.60330,-136.11,120.51
0.60340,-135.47,129.51
0.60350,-134.65,138.33
0.60360,-133.63,146.95
0.60370,-132.42,155.36
0.60380,-131.03,163.55
0.60390,-129.45,171.51
0.60400,-127.68,179.23
0.60410,-125.74,186.69
0.60420,-123.61,193.88
0.60430,-121.31,200.80
0.60440,-118.84,207.43
0.60450,-116.20,213.77
0.60460,-113.39,219.80
0.60470,-110.43,225.52
0.60480,-107.31,230.92
0.60490,-104.03,236.00
0.60500,-100.61,240.73
0.60510,-97.04,245.13
0.60520,-93.34,249.17
0.60530,-89.51,252.86
0.60540,-85.54,256.19
0.60550,-81.46,259.16
0.60560,-77.26,261.76
0.60570,-72.95,263.98
0.60580,-68.54,265.83
0.60590,-64.03,267.31
0.60600,-59.43,268.40
0.60610,-54.75,269.11
0.60620,-49.99,269.44
0.60630,-45.16,269.38
0.60640,-40.26,268.95
0.60650,-35.31,268.13
0.60660,-30.30,266.92
0.60670,-25.26,265.34
0.60680,-20.18,263.38
0.60690,-15.07,261.05
0.60700,-9.94,258.35
0.60710,-4.79,255.27
0.60720,0.36,251.84
0.60730,5.51,248.05
0.60740,10.65,243.90
0.60750,15.78,239.41
0.60760,20.88,234.57
0.60770,25.96,229.41
0.60780,30.99,223.91
0.60790,35.99,218.10
0.60800,40.93,211.98
0.60810,45.81,205.56
0.60820,50.63,198.84
0.60830,55.37,191.84
0.60840,60.04,184.57
0.60850,64.62,177.04
0.60860,69.11,169.25
0.60870,73.50,161.23
0.60880,77.78,152.97
0.60890,81.96,144.50
0.60900,86.02,135.82
0.60910,89.95,126.94
0.60920,93.76,117.89
0.60930,97.43,108.67
0.60940,100.97,99.29
0.60950,104.36,89.78
0.60960,107.60,80.13
0.60970,110.69,70.37
0.60980,113.62,60.51
0.60990,116.39,50.57
0.61000,119.00,40.55
0.61010,121.43,30.48
0.61020,123.70,20.36
0.61030,125.78,10.21
0.61040,127.69,0.04
0.61050,129.42,-10.12
0.61060,130.96,-20.27
0.61070,132.31,-30.39
0.61080,133.48,-40.47
0.61090,134.46,-50.49
0.61100,135.24,-60.44
0.61110,135.83,-70.30
0.61120,136.23,-80.06
0.61130,136.44,-89.71
0.61140,136.45,-99.24
0.61150,136.27,-108.62
0.61160,135.89,-117.85
0.61170,135.32,-126.91
0.61180,134.56,-135.79
0.61190,133.61,-144.48
0.61200,132.46,-152.96
0.61210,131.13,-161.23
0.61220,129.61,-169.27
0.61230,127.91,-177.06
0.61240,126.02,-184.61
0.61250,123.96,-191.89
0.61260,121.72,-198.90
0.61270,119.30,-205.63
0.61280,116.72,-212.07
0.61290,113.97,-218.21
0.61300,111.05,-224.03
0.61310,107.98,-229.54
0.61320,104.76,-234.72
0.61330,101.39,-239.57
0.61340,97.87,-244.08
0.61350,94.21,-248.24
0.61360,90.42,-252.05
0.61370,86.50,-255.50
0.61380,82.46,-258.59
0.61390,78.29,-261.31
0.61400,74.02,-263.66
0.61410,69.64,-265.64
0.61420,65.17,-267.24
0.61430,60.60,-268.46
0.61440,55.94,-269.30
0.61450,51.20,-269.75
0.61460,46.40,-269.82
0.61470,41.52,-269.51
0.61480,36.59,-268.82
0.61490,31.60,-267.75
0.61500,26.57,-266.29
0.61510,21.50,-264.46
0.61520,16.40,-262.25
0.61530,11.27,-259.67
0.61540,6.13,-256.72
0.61550,0.98,-253.40
0.61560,-4.17,-249.73
0.61570,-9.32,-245.70
0.61580,-14.45,-241.32
0.61590,-19.56,-236.60
0.61600,-24.65,-231.54
0.61610,-29.70,-226.16
0.61620,-34.70,-220.45
0.61630,-39.66,-214.43
0.61640,-44.57,-208.11
0.61650,-49.41,-201.49
0.61660,-54.18,-194.58
0.61670,-58.87,-187.40
0.61680,-63.48,-179.95
0.61690,-68.00,-172.25
0.61700,-72.42,-164.30
0.61710,-76.74,-156.12
0.61720,-80.96,-147.72
0.61730,-85.05,-139.11
0.61740,-89.03,-130.30
0.61750,-92.88,-121.30
0.61760,-96.60,-112.14
0.61770,-100.18,-102.81
0.61780,-103.62,-93.34
0.61790,-106.91,-83.74
0.61800,-110.05,-74.01
0.61810,-113.04,-64.19
0.61820,-115.86,-54.27
0.61830,-118.52,-44.27
0.61840,-121.02,-34.21
0.61850,-123.34,-24.11
0.61860,-125.48,-13.97
0.61870,-127.45,-3.81
0.61880,-129.23,6.36
0.61890,-130.84,16.51
0.61900,-132.26,26.65
0.61910,-133.48,36.74
0.61920,-134.53,46.78
0.61930,-135.37,56.76
0.61940,-136.03,66.65
0.61950,-136.50,76.45
0.61960,-136.77,86.14
0.61970,-136.84,95.71
0.61980,-136.72,105.14
0.61990,-136.41,114.42
0.62000,-135.91,123.54
0.62000,-135.88,123.95
0.62005,-199.84,204.80
0.62012,-281.46,310.70
0.62022,-396.89,465.19
0.62032,-503.37,614.22
0.62042,-603.27,758.48
0.62052,-699.47,899.26
0.62062,-794.61,1037.44
0.62072,-889.61,1172.51
0.62082,-984.24,1302.93
0.62092,-1077.28,1426.62
0.62102,-1167.81,1542.13
0.62112,-1255.43,1649.01
0.62122,-1340.52,1747.86
0.62132,-1423.68,1839.80
0.62142,-1505.24,1925.78
0.62152,-1584.86,2006.31
0.62162,-1661.46,2081.32
0.62172,-1733.68,2150.66
0.62182,-1800.12,2214.26
0.62192,-1859.90,2272.57
0.62202,-1912.43,2326.27
0.62212,-1957.71,2376.26
0.62222,-1995.59,2423.06
0.62232,-2026.11,2466.99
0.62242,-2048.90,2507.79
0.62252,-2063.90,2545.22
0.62262,-2070.89,2578.79
0.62272,-2070.28,2608.34
0.62282,-2062.44,2633.52
0.62292,-2048.33,2654.24
0.62302,-2028.62,2670.03
0.62312,-2004.24,2680.57
0.62322,-1975.61,2685.19
0.62332,-1943.38,2683.51
0.62342,-1907.75,2675.00
0.62352,-1869.28,2659.52
0.62362,-1828.12,2636.88
0.62372,-1784.76,2607.20
0.62382,-1739.18,2570.47
0.62392,-1691.55,2526.97
0.62402,-1641.52,2476.82
0.62412,-1588.91,2420.46
0.62422,-1533.18,2358.19
0.62432,-1474.07,2290.55
0.62442,-1411.12,2217.99
0.62452,-1344.11,2141.05
0.62462,-1272.70,2060.17
0.62472,-1196.75,1975.79
0.62482,-1116.00,1888.27
0.62492,-1030.43,1797.92
0.62502,-940.02,1704.94
0.62512,-844.97,1609.50
0.62522,-745.57,1511.66
0.62532,-642.24,1411.39
0.62542,-535.47,1308.66
0.62552,-425.78,1203.35
0.62562,-313.75,1095.37
0.62572,-199.93,984.54
0.62582,-84.93,870.80
0.62592,30.76,753.97
0.62602,146.56,634.05
0.62612,262.10,510.97
0.62622,376.96,384.86
0.62632,490.98,255.81
0.62642,603.93,124.10
0.62652,715.82,-10.04
0.62662,826.60,-146.18
0.62672,936.42,-284.02
0.62682,1045.34,-423.03
0.62692,1153.61,-562.81
0.62702,1261.33,-702.81
0.62712,1368.78,-842.60
0.62722,1476.01,-981.65
0.62732,1583.22,-1119.58
0.62742,1690.38,-1255.98
0.62752,1797.52,-1390.58
0.62762,1904.48,-1523.08
0.62772,2011.13,-1653.34
0.62782,2117.15,-1781.18
0.62792,2222.29,-1906.56
0.62802,2326.08,-2029.41
0.62812,2428.15,-2149.81
0.62822,2527.99,-2267.76
0.62832,2625.16,-2383.37
0.62842,2719.18,-2496.67
0.62852,2809.64,-2607.75
0.62862,2896.12,-2716.59
0.62872,2978.32,-2823.20
0.62882,3055.95,-2927.51
0.62892,3128.84,-3029.43
0.62902,3196.84,-3128.81
0.62912,3259.93,-3225.46
0.62922,3318.14,-3319.12
0.62932,3371.55,-3409.51
0.62942,3420.31,-3496.32
0.62952,3464.59,-3579.19
0.62962,3504.58,-3657.81
0.62972,3540.48,-3731.84
0.62982,3572.48,-3800.97
0.62992,3600.75,-3864.91
0.63002,3625.41,-3923.42
0.63012,3646.55,-3976.29
0.63022,3664.21,-4023.39
0.63032,3678.36,-4064.59
0.63042,3688.93,-4099.89
0.63052,3695.79,-4129.27
0.63062,3698.79,-4152.81
0.63072,3697.71,-4170.58
0.63082,3692.37,-4182.73
0.63092,3682.52,-4189.38
0.63102,3667.96,-4190.71
0.63112,3648.46,-4186.85
0.63122,3623.88,-4177.98
0.63132,3594.06,-4164.20
0.63142,3558.94,-4145.64
0.63152,3518.49,-4122.36
0.63162,3472.73,-4094.41
0.63172,3421.75,-4061.82
0.63182,3365.70,-4024.56
0.63192,3304.74,-3982.61
0.63202,3239.11,-3935.90
0.63212,3169.05,-3884.37
0.63222,3094.85,-3827.95
0.63232,3016.79,-3766.57
0.63242,2935.15,-3700.17
0.63252,2850.19,-3628.71
0.63262,2762.15,-3552.18
0.63272,2671.26,-3470.62
0.63282,2577.70,-3384.07
0.63292,2481.60,-3292.65
0.63302,2383.09,-3196.46
0.63312,2282.23,-3095.71
0.63322,2179.06,-2990.57
0.63332,2073.62,-2881.29
0.63342,1965.89,-2768.12
0.63352,1855.87,-2651.34
0.63362,1743.57,-2531.21
0.63372,1628.98,-2408.02
0.63382,1512.13,-2282.03
0.63392,1393.08,-2153.51
0.63402,1271.90,-2022.69
0.63412,1148.72,-1889.81
0.63422,1023.67,-1755.04
0.63432,896.96,-1618.58
0.63442,768.81,-1480.56
0.63452,639.48,-1341.12
0.63462,509.25,-1200.38
0.63472,378.43,-1058.45
0.63482,247.31,-915.40
0.63492,116.22,-771.36
0.63502,-14.53,-626.41
0.63512,-144.65,-480.67
0.63522,-273.86,-334.27
0.63532,-401.92,-187.35
0.63542,-528.59,-40.08
0.63552,-653.70,107.33
0.63562,-777.08,254.69
0.63572,-898.61,401.75
0.63582,-1018.18,548.25
0.63592,-1135.72,693.92
0.63602,-1251.17,838.49
0.63612,-1364.49,981.65
0.63622,-1475.64,1123.13
0.63632,-1584.56,1262.64
0.63642,-1691.22,1399.90
0.63652,-1795.56,1534.65
0.63662,-1897.48,1666.66
0.63672,-1996.90,1795.71
0.63682,-2093.70,1921.60
0.63692,-2187.72,2044.17
0.63702,-2278.81,2163.26
0.63712,-2366.79,2278.77
0.63722,-2451.45,2390.57
0.63732,-2532.60,2498.59
0.63742,-2610.02,2602.74
0.63752,-2683.51,2702.97
0.63762,-2752.86,2799.21
0.63772,-2817.90,2891.41
0.63782,-2878.45,2979.48
0.63792,-2934.38,3063.36
0.63802,-2985.56,3142.96
0.63812,-3031.92,3218.20
0.63822,-3073.38,3288.96
0.63832,-3109.92,3355.15
0.63842,-3141.52,3416.62
0.63852,-3168.22,3473.25
0.63862,-3190.04,3524.91
0.63872,-3207.04,3571.47
0.63882,-3219.29,3612.79
0.63892,-3226.84,3648.76
0.63902,-3229.77,3679.26
0.63912,-3228.15,3704.21
0.63922,-3222.03,3723.53
0.63932,-3211.46,3737.15
0.63942,-3196.48,3745.05
0.63952,-3177.12,3747.22
0.63962,-3153.38,3743.67
0.63972,-3125.27,3734.42
0.63982,-3092.78,3719.52
0.63992,-3055.90,3699.06
0.64002,-3014.63,3673.10
0.64012,-2968.95,3641.73
0.64022,-2918.87,3605.07
0.64032,-2864.38,3563.21
0.64042,-2805.52,3516.27
0.64052,-2742.31,3464.33
0.64062,-2674.84,3407.52
0.64072,-2603.16,3345.92
0.64082,-2527.40,3279.63
0.64092,-2447.65,3208.74
0.64102,-2364.08,3133.32
0.64112,-2276.84,3053.47
0.64122,-2186.11,2969.26
0.64132,-2092.06,2880.77
0.64142,-1994.90,2788.09
0.64152,-1894.81,2691.30
0.64162,-1792.01,2590.50
0.64172,-1686.67,2485.80
0.64182,-1579.01,2377.33
0.64192,-1469.19,2265.20
0.64202,-1357.38,2149.58
0.64212,-1243.76,2030.63
0.64222,-1128.47,1908.52
0.64232,-1011.66,1783.45
0.64242,-893.46,1655.62
0.64252,-774.00,1525.24
0.64262,-653.40,1392.54
0.64272,-531.79,1257.74
0.64282,-409.29,1121.07
0.64292,-286.03,982.77
0.64302,-162.15,843.07
0.64312,-37.80,702.19
0.64322,86.88,560.34
0.64332,211.72,417.76
0.64342,336.54,274.63
0.64352,461.15,131.16
0.64362,585.36,-12.45
0.64372,708.96,-156.04
0.64382,831.73,-299.40
0.64392,953.47,-442.38
0.64402,1073.95,-584.81
0.64412,1192.96,-726.50
0.64422,1310.29,-867.29
0.64432,1425.74,-1007.00
0.64442,1539.10,-1145.47
0.64452,1650.20,-1282.50
0.64462,1758.87,-1417.92
0.64472,1864.94,-1551.53
0.64482,1968.27,-1683.13
0.64492,2068.73,-1812.54
0.64502,2166.20,-1939.53
0.64512,2260.56,-2063.91
0.64522,2351.73,-2185.49
0.64532,2439.59,-2304.04
0.64542,2524.08,-2419.38
0.64552,2605.09,-2531.31
0.64562,2682.55,-2639.64
0.64572,2756.36,-2744.21
0.64582,2826.45,-2844.84
0.64592,2892.73,-2941.39
0.64602,2955.11,-3033.70
0.64612,3013.48,-3121.66
0.64622,3067.76,-3205.13
0.64632,3117.85,-3284.03
0.64642,3163.65,-3358.24
0.64652,3205.07,-3427.69
0.64662,3242.02,-3492.31
0.64672,3274.41,-3552.02
0.64682,3302.16,-3606.76
0.64692,3325.22,-3656.48
0.64702,3343.51,-3701.12
0.64712,3357.00,-3740.63
0.64722,3365.65,-3774.97
0.64732,3369.45,-3804.09
0.64742,3368.39,-3827.94
0.64752,3362.48,-3846.50
0.64762,3351.75,-3859.71
0.64772,3336.22,-3867.55
0.64782,3315.95,-3869.98
0.64792,3290.99,-3866.98
0.64802,3261.39,-3858.54
0.64812,3227.23,-3844.64
0.64822,3188.57,-3825.29
0.64832,3145.50,-3800.50
0.64842,3098.08,-3770.29
0.64852,3046.40,-3734.70
0.64862,2990.52,-3693.76
0.64872,2930.54,-3647.54
0.64882,2866.52,-3596.10
0.64892,2798.55,-3539.54
0.64902,2726.70,-3477.93
0.64912,2651.06,-3411.38
0.64922,2571.71,-3340.01
0.64932,2488.75,-3263.92
0.64942,2402.26,-3183.25
0.64952,2312.36,-3098.11
0.64962,2219.15,-3008.66
0.64972,2122.75,-2915.01
0.64982,2023.29,-2817.32
0.64992,1920.91,-2715.72
0.65002,1815.75,-2610.36
0.65012,1707.96,-2501.38
0.65022,1597.71,-2388.93
0.65032,1485.17,-2273.17
0.65042,1370.51,-2154.23
0.65052,1253.91,-2032.28
0.65062,1135.57,-1907.48
0.65072,1015.65,-1779.99
0.65082,894.36,-1649.97
0.65092,771.87,-1517.60
0.65102,648.37,-1383.06
0.65112,524.05,-1246.53
0.65122,399.08,-1108.20
0.65132,273.65,-968.28
0.65142,147.91,-826.95
0.65152,22.05,-684.44
0.65162,-103.77,-540.94
0.65172,-229.38,-396.67
0.65182,-354.62,-251.85
0.65192,-479.34,-106.70
0.65202,-603.36,38.57
0.65212,-726.53,183.73
0.65222,-848.69,328.58
0.65232,-969.67,472.90
0.65242,-1089.31,616.47
0.65252,-1207.44,759.10
0.65262,-1323.89,900.58
0.65272,-1438.50,1040.71
0.65282,-1551.09,1179.30
0.65292,-1661.50,1316.16
0.65302,-1769.56,1451.10
0.65312,-1875.10,1583.94
0.65322,-1977.96,1714.51
0.65332,-2077.98,1842.62
0.65342,-2175.00,1968.12
0.65352,-2268.88,2090.82
0.65362,-2359.47,2210.56
0.65372,-2446.64,2327.19
0.65382,-2530.27,2440.52
0.65392,-2610.22,2550.41
0.65402,-2686.40,2656.70
0.65412,-2758.69,2759.23
0.65422,-2827.01,2857.85
0.65432,-2891.27,2952.42
0.65442,-2951.39,3042.78
0.65452,-3007.28,3128.81
0.65462,-3058.90,3210.37
0.65472,-3106.17,3287.34
0.65482,-3149.04,3359.60
0.65492,-3187.45,3427.04
0.65502,-3221.36,3489.56
0.65512,-3250.72,3547.08
0.65522,-3275.50,3599.50
0.65532,-3295.64,3646.76
0.65542,-3311.13,3688.79
0.65552,-3321.93,3725.53
0.65562,-3328.03,3756.95
0.65572,-3329.39,3783.00
0.65582,-3326.02,3803.65
0.65592,-3317.91,3818.88
0.65602,-3305.05,3828.68
0.65612,-3287.46,3833.04
0.65622,-3265.16,3831.97
0.65632,-3238.18,3825.45
0.65642,-3206.54,3813.52
0.65652,-3170.30,3796.18
0.65662,-3129.50,3773.47
0.65672,-3084.22,3745.40
0.65682,-3034.51,3712.02
0.65692,-2980.45,3673.37
0.65702,-2922.13,3629.50
0.65712,-2859.65,3580.47
0.65722,-2793.09,3526.33
0.65732,-2722.56,3467.17
0.65742,-2648.17,3403.05
0.65752,-2570.03,3334.07
0.65762,-2488.26,3260.32
0.65772,-2402.97,3181.91
0.65782,-2314.29,3098.93
0.65792,-2222.34,3011.52
0.65802,-2127.24,2919.80
0.65812,-2029.15,2823.90
0.65822,-1928.17,2723.96
0.65832,-1824.46,2620.12
0.65842,-1718.16,2512.56
0.65852,-1609.40,2401.41
0.65862,-1498.33,2286.84
0.65872,-1385.12,2169.03
0.65882,-1269.91,2048.14
0.65892,-1152.86,1924.35
0.65902,-1034.14,1797.83
0.65912,-913.91,1668.77
0.65922,-792.36,1537.34
0.65932,-669.64,1403.75
0.65942,-545.95,1268.16
0.65952,-421.46,1130.78
0.65962,-296.35,991.79
0.65972,-170.80,851.39
0.65982,-45.01,709.77
0.65992,80.84,567.12
0.66002,206.58,423.65
0.66012,332.01,279.56
0.66022,456.96,135.05
0.66032,581.24,-9.68
0.66042,704.68,-154.41
0.66052,827.10,-298.96
0.66062,948.33,-443.10
0.66072,1068.20,-586.64
0.66082,1186.54,-729.36
0.66092,1303.20,-871.06
0.66102,1418.00,-1011.53
0.66112,1530.79,-1150.57
0.66122,1641.43,-1287.98
0.66132,1749.74,-1423.56
0.66142,1855.59,-1557.11
0.66152,1958.82,-1688.44
0.66162,2059.29,-1817.36
0.66172,2156.87,-1943.69
0.66182,2251.40,-2067.26
0.66192,2342.75,-2187.87
0.66202,2430.80,-2305.37
0.66212,2515.41,-2419.59
0.66222,2596.46,-2530.37
0.66232,2673.83,-2637.55
0.66242,2747.41,-2741.00
0.66252,2817.08,-2840.55
0.66262,2882.75,-2936.08
0.66272,2944.31,-3027.46
0.66282,3001.68,-3114.54
0.66292,3054.77,-3197.22
0.66302,3103.50,-3275.37
0.66312,3147.82,-3348.89
0.66322,3187.65,-3417.67
0.66332,3222.94,-3481.60
0.66342,3253.64,-3540.60
0.66352,3279.71,-3594.59
0.66362,3301.12,-3643.47
0.66372,3317.85,-3687.18
0.66382,3329.86,-3725.66
0.66392,3337.15,-3758.84
0.66402,3339.72,-3786.68
0.66412,3337.55,-3809.13
0.66422,3330.65,-3826.16
0.66432,3319.04,-3837.75
0.66442,3302.73,-3843.88
0.66452,3281.75,-3844.55
0.66462,3256.11,-3839.74
0.66472,3225.86,-3829.47
0.66482,3191.04,-3813.76
0.66492,3151.69,-3792.64
0.66502,3107.87,-3766.12
0.66512,3059.63,-3734.26
0.66522,3007.04,-3697.10
0.66532,2950.17,-3654.69
0.66542,2889.10,-3607.10
0.66552,2823.92,-3554.40
0.66562,2754.72,-3496.66
0.66572,2681.59,-3433.96
0.66582,2604.65,-3366.40
0.66592,2523.99,-3294.06
0.66602,2439.75,-3217.05
0.66612,2352.03,-3135.48
0.66622,2260.97,-3049.46
0.66632,2166.69,-2959.11
0.66642,2069.34,-2864.56
0.66652,1969.06,-2765.94
0.66662,1865.99,-2663.39
0.66672,1760.27,-2557.05
0.66682,1652.07,-2447.07
0.66692,1541.53,-2333.61
0.66702,1428.81,-2216.83
0.66712,1314.07,-2096.89
0.66722,1197.47,-1973.98
0.66732,1079.19,-1848.25
0.66742,959.37,-1719.90
0.66752,838.20,-1589.10
0.66762,715.84,-1456.05
0.66772,592.46,-1320.93
0.66782,468.24,-1183.94
0.66792,343.35,-1045.27
0.66802,217.97,-905.13
0.66812,92.27,-763.71
0.66822,-33.57,-621.21
0.66832,-159.36,-477.84
0.66842,-284.94,-333.80
0.66852,-410.11,-189.29
0.66862,-534.71,-44.52
0.66872,-658.56,100.30
0.66882,-781.46,244.98
0.66892,-903.26,389.30
0.66902,-1023.77,533.07
0.66912,-1142.83,676.09
0.66922,-1260.25,818.14
0.66932,-1375.88,959.03
0.66942,-1489.54,1098.56
0.66952,-1601.08,1236.54
0.66962,-1710.33,1372.76
0.66972,-1817.14,1507.03
0.66982,-1921.37,1639.16
0.66992,-2022.86,1768.97
0.67002,-2121.46,1896.27
0.67012,-2217.05,2020.86
0.67022,-2309.49,2142.59
0.67032,-2398.64,2261.27
0.67042,-2484.39,2376.73
0.67052,-2566.61,2488.81
0.67062,-2645.18,2597.35
0.67072,-2720.00,2702.19
0.67082,-2790.96,2803.19
0.67092,-2857.96,2900.19
0.67102,-2920.91,2993.07
0.67112,-2979.71,3081.68
0.67122,-3034.27,3165.91
0.67132,-3084.53,3245.64
0.67142,-3130.41,3320.75
0.67152,-3171.84,3391.14
0.67162,-3208.76,3456.71
0.67172,-3241.12,3517.36
0.67182,-3268.87,3573.02
0.67192,-3291.97,3623.60
0.67202,-3310.39,3669.03
0.67212,-3324.10,3709.25
0.67222,-3333.07,3744.20
0.67232,-3337.31,3773.83
0.67242,-3336.79,3798.11
0.67252,-3331.54,3816.98
0.67262,-3321.54,3830.44
0.67272,-3306.82,3838.45
0.67282,-3287.40,3841.00
0.67292,-3263.30,3838.10
0.67302,-3234.57,3829.74
0.67312,-3201.25,3815.93
0.67322,-3163.38,3796.70
0.67332,-3121.01,3772.07
0.67342,-3074.22,3742.07
0.67352,-3023.06,3706.75
0.67362,-2967.61,3666.16
0.67372,-2907.94,3620.35
0.67382,-2844.15,3569.40
0.67392,-2776.31,3513.36
0.67402,-2704.54,3452.34
0.67412,-2628.92,3386.40
0.67422,-2549.56,3315.65
0.67432,-2466.58,3240.19
0.67442,-2380.10,3160.12
0.67452,-2290.22,3075.56
0.67462,-2197.09,2986.63
0.67472,-2100.84,2893.46
0.67482,-2001.59,2796.18
0.67492,-1899.50,2694.93
0.67502,-1794.70,2589.85
0.67512,-1687.35,2481.09
0.67522,-1577.60,2368.81
0.67532,-1465.61,2253.16
0.67542,-1351.53,2134.30
0.67552,-1235.53,2012.41
0.67562,-1117.78,1887.67
0.67572,-998.44,1760.23
0.67582,-877.68,1630.29
0.67592,-755.67,1498.04
0.67602,-632.60,1363.65
0.67612,-508.63,1227.31
0.67622,-383.94,1089.23
0.67632,-258.71,949.60
0.67642,-133.11,808.62
0.67652,-7.33,666.48
0.67662,118.46,523.40
0.67672,244.09,379.57
0.67682,369.37,235.20
0.67692,494.12,90.49
0.67702,618.17,-54.35
0.67712,741.34,-199.10
0.67722,863.47,-343.58
0.67732,984.37,-487.56
0.67742,1103.87,-630.85
0.67752,1221.81,-773.25
0.67762,1338.01,-914.54
0.67772,1452.32,-1054.54
0.67782,1564.56,-1193.03
0.67792,1674.58,-1329.83
0.67802,1782.22,-1464.74
0.67812,1887.33,-1597.57
0.67822,1989.76,-1728.13
0.67832,2089.35,-1856.24
0.67842,2185.98,-1981.71
0.67852,2279.50,-2104.36
0.67862,2369.78,-2224.03
0.67872,2456.69,-2340.54
0.67882,2540.10,-2453.73
0.67892,2619.90,-2563.44
0.67902,2695.98,-2669.50
0.67912,2768.22,-2771.77
0.67922,2836.53,-2870.11
0.67932,2900.81,-2964.37
0.67942,2960.96,-3054.42
0.67952,3016.91,-3140.12
0.67962,3068.57,-3221.37
0.67972,3115.87,-3298.04
0.67982,3158.74,-3370.02
0.67992,3197.13,-3437.21
0.68002,3230.97,-3499.52
0.68012,3260.23,-3556.85
0.68022,3284.85,-3609.13
0.68032,3304.81,-3656.28
0.68042,3320.07,-3698.23
0.68052,3330.62,-3734.93
0.68062,3336.43,-3766.32
0.68072,3337.51,-3792.36
0.68082,3333.83,-3813.01
0.68092,3325.42,-3828.25
0.68102,3312.29,-3838.04
0.68112,3294.44,-3842.38
0.68122,3271.92,-3841.27
0.68132,3244.74,-3834.69
0.68142,3212.94,-3822.68
0.68152,3176.58,-3805.23
0.68162,3135.71,-3782.37
0.68172,3090.38,-3754.14
0.68182,3040.65,-3720.58
0.68192,2986.60,-3681.73
0.68202,2928.31,-3637.66
0.68212,2865.85,-3588.41
0.68222,2799.33,-3534.06
0.68232,2728.82,-3474.70
0.68242,2654.44,-3410.39
0.68252,2576.29,-3341.24
0.68262,2494.48,-3267.34
0.68272,2409.12,-3188.80
0.68282,2320.34,-3105.72
0.68292,2228.27,-3018.24
0.68302,2133.03,-2926.46
0.68312,2034.76,-2830.52
0.68322,1933.59,-2730.56
0.68332,1829.68,-2626.73
0.68342,1723.17,-2519.16
0.68352,1614.21,-2408.01
0.68362,1502.96,-2293.44
0.68372,1389.57,-2175.61
0.68382,1274.20,-2054.69
0.68392,1157.02,-1930.86
0.68402,1038.19,-1804.28
0.68412,917.89,-1675.14
0.68422,796.28,-1543.62
0.68432,673.54,-1409.91
0.68442,549.84,-1274.20
0.68452,425.36,-1136.68
0.68462,300.27,-997.54
0.68472,174.76,-856.99
0.68482,48.99,-715.22
0.68492,-76.84,-572.43
0.68502,-202.56,-428.83
0.68512,-328.00,-284.62
0.68522,-452.96,-140.00
0.68532,-577.29,4.81
0.68542,-700.79,149.62
0.68552,-823.29,294.21
0.68562,-944.63,438.39
0.68572,-1064.62,581.94
0.68582,-1183.10,724.66
0.68592,-1299.90,866.36
0.68602,-1414.85,1006.82
0.68612,-1527.79,1145.85
0.68622,-1638.56,1283.26
0.68632,-1747.01,1418.83
0.68642,-1852.97,1552.39
0.68652,-1956.30,1683.75
0.68662,-2056.85,1812.70
0.68672,-2154.48,1939.09
0.68682,-2249.05,2062.71
0.68692,-2340.43,2183.40
0.68702,-2428.48,2300.99
0.68712,-2513.08,2415.31
0.68722,-2594.11,2526.19
0.68732,-2671.45,2633.49
0.68742,-2745.00,2737.04
0.68752,-2814.65,2836.70
0.68762,-2880.29,2932.33
0.68772,-2941.85,3023.79
0.68782,-2999.22,3110.95
0.68792,-3052.33,3193.70
0.68802,-3101.10,3271.90
0.68812,-3145.47,3345.46
0.68822,-3185.36,3414.26
0.68832,-3220.73,3478.21
0.68842,-3251.52,3537.22
0.68852,-3277.70,3591.20
0.68862,-3299.21,3640.07
0.68872,-3316.04,3683.78
0.68882,-3328.15,3722.24
0.68892,-3335.54,3755.42
0.68902,-3338.19,3783.26
0.68912,-3336.09,3805.72
0.68922,-3329.25,3822.77
0.68932,-3317.69,3834.39
0.68942,-3301.41,3840.56
0.68952,-3280.44,3841.27
0.68962,-3254.81,3836.52
0.68972,-3224.56,3826.31
0.68982,-3189.72,3810.67
0.68992,-3150.35,3789.62
0.69002,-3106.51,3763.18
0.69012,-3058.25,3731.38
0.69022,-3005.64,3694.29
0.69032,-2948.77,3651.95
0.69042,-2887.70,3604.41
0.69052,-2822.53,3551.76
0.69062,-2753.35,3494.06
0.69072,-2680.26,3431.39
0.69082,-2603.35,3363.84
0.69092,-2522.75,3291.52
0.69102,-2438.57,3214.51
0.69112,-2350.91,3132.94
0.69122,-2259.92,3046.92
0.69132,-2165.72,2956.56
0.69142,-2068.44,2862.00
0.69152,-1968.22,2763.38
0.69162,-1865.21,2660.83
0.69172,-1759.54,2554.49
0.69182,-1651.38,2444.53
0.69192,-1540.87,2331.09
0.69202,-1428.17,2214.33
0.69212,-1313.44,2094.43
0.69222,-1196.85,1971.55
0.69232,-1078.56,1845.87
0.69242,-958.73,1717.56
0.69252,-837.54,1586.82
0.69262,-715.17,1453.82
0.69272,-591.78,1318.75
0.69282,-467.54,1181.80
0.69292,-342.64,1043.18
0.69302,-217.26,903.08
0.69312,-91.57,761.69
0.69322,34.25,619.22
0.69332,160.03,475.86
0.69342,285.58,331.83
0.69352,410.72,187.33
0.69362,535.27,42.57
0.69372,659.07,-102.26
0.69382,781.93,-246.94
0.69392,903.67,-391.28
0.69402,1024.14,-535.05
0.69412,1143.14,-678.07
0.69422,1260.52,-820.13
0.69432,1376.11,-961.02
0.69442,1489.74,-1100.54
0.69452,1601.26,-1238.51
0.69462,1710.50,-1374.71
0.69472,1817.30,-1508.96
0.69482,1921.53,-1641.07
0.69492,2023.02,-1770.84
0.69502,2121.64,-1898.10
0.69512,2217.24,-2022.67
0.69522,2309.69,-2144.35
0.69532,2398.86,-2263.00
0.69542,2484.61,-2378.43
0.69552,2566.84,-2490.47
0.69562,2645.42,-2598.98
0.69572,2720.24,-2703.80
0.69582,2791.19,-2804.77
0.69592,2858.18,-2901.76
0.69602,2921.11,-2994.63
0.69612,2979.88,-3083.24
0.69622,3034.42,-3167.47
0.69632,3084.65,-3247.20
0.69642,3130.49,-3322.31
0.69652,3171.88,-3392.71
0.69662,3208.77,-3458.28
0.69672,3241.09,-3518.94
0.69682,3268.81,-3574.60
0.69692,3291.89,-3625.18
0.69702,3310.28,-3670.61
0.69712,3323.97,-3710.83
0.69722,3332.94,-3745.77
0.69732,3337.16,-3775.39
0.69742,3336.65,-3799.64
0.69752,3331.39,-3818.50
0.69762,3321.40,-3831.93
0.69772,3306.69,-3839.92
0.69782,3287.28,-3842.45
0.69792,3263.19,-3839.52
0.69802,3234.47,-3831.13
0.69812,3201.15,-3817.31
0.69822,3163.29,-3798.05
0.69832,3120.92,-3773.40
0.69842,3074.13,-3743.39
0.69852,3022.96,-3708.06
0.69862,2967.50,-3667.46
0.69872,2907.82,-3621.65
0.69882,2844.00,-3570.69
0.69892,2776.15,-3514.66
0.69902,2704.35,-3453.63
0.69912,2628.71,-3387.70
0.69922,2549.33,-3316.96
0.69932,2466.32,-3241.50
0.69942,2379.81,-3161.43
0.69952,2289.92,-3076.88
0.69962,2196.78,-2987.95
0.69972,2100.51,-2894.78
0.69982,2001.26,-2797.49
0.69992,1899.16,-2696.23
0.70002,1794.36,-2591.14
0.70012,1687.01,-2482.36
0.70022,1577.27,-2370.06
0.70032,1465.28,-2254.39
0.70042,1351.21,-2135.52
0.70052,1235.21,-2013.62
0.70062,1117.47,-1888.85
0.70072,998.13,-1761.40
0.70082,877.38,-1631.45
0.70092,755.38,-1499.18
0.70102,632.30,-1364.78
0.70112,508.33,-1228.44
0.70122,383.63,-1090.35
0.70132,258.39,-950.72
0.70142,132.78,-809.74
0.70152,6.98,-667.60
0.70162,-118.83,-524.52
0.70172,-244.47,-380.69
0.70182,-369.77,-236.32
0.70192,-494.54,-91.62
0.70202,-618.60,53.21
0.70212,-741.79,197.97
0.70222,-863.93,342.44
0.70232,-984.84,486.43
0.70242,-1104.35,629.73
0.70252,-1222.29,772.13
0.70262,-1338.49,913.43
0.70272,-1452.79,1053.43
0.70282,-1565.03,1191.94
0.70292,-1675.05,1328.75
0.70302,-1782.68,1463.67
0.70312,-1887.79,1596.51
0.70322,-1990.21,1727.09
0.70332,-2089.80,1855.20
0.70342,-2186.43,1980.69
0.70352,-2279.94,2103.35
0.70362,-2370.22,2223.03
0.70372,-2457.13,2339.55
0.70382,-2540.55,2452.74
0.70392,-2620.36,2562.45
0.70402,-2696.44,2668.51
0.70412,-2768.70,2770.78
0.70422,-2837.02,2869.12
0.70432,-2901.30,2963.37
0.70442,-2961.47,3053.42
0.70452,-3017.43,3139.12
0.70462,-3069.10,3220.37
0.70472,-3116.41,3297.03
0.70482,-3159.29,3369.01
0.70492,-3197.69,3436.21
0.70502,-3231.54,3498.52
0.70512,-3260.80,3555.85
0.70522,-3285.42,3608.14
0.70532,-3305.38,3655.29
0.70542,-3320.64,3697.25
0.70552,-3331.18,3733.96
0.70562,-3336.99,3765.36
0.70572,-3338.06,3791.40
0.70582,-3334.38,3812.06
0.70592,-3325.97,3827.31
0.70602,-3312.83,3837.11
0.70612,-3294.98,3841.46
0.70622,-3272.45,3840.35
0.70632,-3245.28,3833.78
0.70642,-3213.49,3821.76
0.70652,-3177.13,3804.32
0.70662,-3136.26,3781.46
0.70672,-3090.93,3753.23
0.70682,-3041.21,3719.67
0.70692,-2987.18,3680.82
0.70702,-2928.89,3636.74
0.70712,-2866.45,3587.49
0.70722,-2799.93,3533.15
0.70732,-2729.43,3473.78
0.70742,-2655.05,3409.47
0.70752,-2576.91,3340.32
0.70762,-2495.10,3266.42
0.70772,-2409.74,3187.88
0.70782,-2320.97,3104.81
0.70792,-2228.89,3017.33
0.70802,-2133.65,2925.56
0.70812,-2035.38,2829.63
0.70822,-1934.21,2729.67
0.70832,-1830.30,2625.84
0.70842,-1723.78,2518.28
0.70852,-1614.82,2407.14
0.70862,-1503.56,2292.57
0.70872,-1390.17,2174.75
0.70882,-1274.80,2053.84
0.70892,-1157.62,1930.01
0.70902,-1038.79,1803.43
0.70912,-918.49,1674.29
0.70922,-796.89,1542.77
0.70932,-674.15,1409.06
0.70942,-550.46,1273.35
0.70952,-425.98,1135.82
0.70962,-300.90,996.69
0.70972,-175.39,856.13
0.70982,-49.64,714.36
0.70992,76.19,571.57
0.71002,201.91,427.97
0.71012,327.34,283.76
0.71022,452.30,139.15
0.71032,576.63,-5.67
0.71042,700.13,-150.47
0.71052,822.63,-295.06
0.71062,943.97,-439.23
0.71072,1063.96,-582.78
0.71082,1182.45,-725.50
0.71092,1299.25,-867.19
0.71102,1414.20,-1007.65
0.71112,1527.15,-1146.68
0.71122,1637.92,-1284.08
0.71132,1746.37,-1419.65
0.71142,1852.33,-1553.21
0.71152,1955.66,-1684.56
0.71162,2056.21,-1813.51
0.71172,2153.84,-1939.89
0.71182,2248.41,-2063.52
0.71192,2339.78,-2184.21
0.71202,2427.83,-2301.80
0.71212,2512.42,-2416.12
0.71222,2593.45,-2527.00
0.71232,2670.79,-2634.30
0.71242,2744.33,-2737.85
0.71252,2813.97,-2837.51
0.71262,2879.62,-2933.14
0.71272,2941.17,-3024.60
0.71282,2998.54,-3111.77
0.71292,3051.65,-3194.51
0.71302,3100.42,-3272.72
0.71312,3144.79,-3346.27
0.71322,3184.68,-3415.07
0.71332,3220.05,-3479.02
0.71342,3250.85,-3538.02
0.71352,3277.02,-3592.00
0.71362,3298.54,-3640.87
0.71372,3315.36,-3684.57
0.71382,3327.48,-3723.03
0.71392,3334.87,-3756.21
0.71402,3337.52,-3784.04
0.71412,3335.42,-3806.50
0.71422,3328.59,-3823.55
0.71432,3317.02,-3835.17
0.71442,3300.74,-3841.34
0.71452,3279.77,-3842.05
0.71462,3254.14,-3837.30
0.71472,3223.88,-3827.10
0.71482,3189.04,-3811.46
0.71492,3149.67,-3790.40
0.71502,3105.82,-3763.96
0.71512,3057.56,-3732.17
0.71522,3004.95,-3695.08
0.71532,2948.08,-3652.73
0.71542,2887.01,-3605.20
0.71552,2821.84,-3552.54
0.71562,2752.66,-3494.84
0.71572,2679.56,-3432.17
0.71582,2602.66,-3364.62
0.71592,2522.06,-3292.30
0.71602,2437.87,-3215.29
0.71612,2350.22,-3133.72
0.71622,2259.23,-3047.69
0.71632,2165.03,-2957.33
0.71642,2067.75,-2862.77
0.71652,1967.54,-2764.15
0.71662,1864.52,-2661.59
0.71672,1758.86,-2555.25
0.71682,1650.69,-2445.29
0.71692,1540.18,-2331.85
0.71702,1427.48,-2215.09
0.71712,1312.76,-2095.19
0.71722,1196.16,-1972.31
0.71732,1077.87,-1846.63
0.71742,958.04,-1718.33
0.71752,836.85,-1587.58
0.71762,714.47,-1454.58
0.71772,591.08,-1319.51
0.71782,466.84,-1182.57
0.71792,341.95,-1043.95
0.71802,216.56,-903.84
0.71812,90.87,-762.45
0.71822,-34.96,-619.98
0.71832,-160.73,-476.63
0.71842,-286.28,-332.60
0.71852,-411.42,-188.09
0.71862,-535.97,-43.33
0.71872,-659.77,101.50
0.71882,-782.62,246.19
0.71892,-904.37,390.52
0.71902,-1024.83,534.30
0.71912,-1143.83,677.32
0.71922,-1261.21,819.38
0.71932,-1376.80,960.27
0.71942,-1490.44,1099.80
0.71952,-1601.95,1237.76
0.71962,-1711.19,1373.96
0.71972,-1818.00,1508.21
0.71982,-1922.22,1640.32
0.71992,-2023.72,1770.10
0.72002,-2122.33,1897.36
0.72012,-2217.94,2021.92
0.72022,-2310.39,2143.61
0.72032,-2399.56,2262.25
0.72042,-2485.32,2377.68
0.72052,-2567.54,2489.73
0.72062,-2646.12,2598.24
0.72072,-2720.94,2703.05
0.72082,-2791.90,2804.03
0.72092,-2858.89,2901.02
0.72102,-2921.81,2993.88
0.72112,-2980.58,3082.49
0.72122,-3035.12,3166.73
0.72132,-3085.35,3246.46
0.72142,-3131.19,3321.57
0.72152,-3172.58,3391.97
0.72162,-3209.47,3457.54
0.72172,-3241.79,3518.20
0.72182,-3269.51,3573.87
0.72192,-3292.58,3624.45
0.72202,-3310.98,3669.88
0.72212,-3324.67,3710.09
0.72222,-3333.63,3745.04
0.72232,-3337.86,3774.66
0.72242,-3337.35,3798.91
0.72252,-3332.09,3817.77
0.72262,-3322.10,3831.20
0.72272,-3307.39,3839.19
0.72282,-3287.98,3841.72
0.72292,-3263.90,3838.79
0.72302,-3235.18,3830.40
0.72312,-3201.86,3816.57
0.72322,-3163.99,3797.32
0.72332,-3121.63,3772.67
0.72342,-3074.83,3742.66
0.72352,-3023.66,3707.33
0.72362,-2968.20,3666.73
0.72372,-2908.52,3620.92
0.72382,-2844.71,3569.96
0.72392,-2776.85,3513.93
0.72402,-2705.05,3452.91
0.72412,-2629.41,3386.98
0.72422,-2550.03,3316.23
0.72432,-2467.02,3240.77
0.72442,-2380.51,3160.71
0.72452,-2290.62,3076.15
0.72462,-2197.48,2987.23
0.72472,-2101.21,2894.05
0.72482,-2001.95,2796.77
0.72492,-1899.86,2695.51
0.72502,-1795.06,2590.41
0.72512,-1687.71,2481.64
0.72522,-1577.97,2369.34
0.72532,-1465.98,2253.67
0.72542,-1351.91,2134.80
0.72552,-1235.92,2012.90
0.72562,-1118.17,1888.13
0.72572,-998.84,1760.68
0.72582,-878.08,1630.73
0.72592,-756.08,1498.46
0.72602,-633.00,1364.06
0.72612,-509.03,1227.72
0.72622,-384.33,1089.63
0.72632,-259.09,950.00
0.72642,-133.48,809.02
0.72652,-7.68,666.88
0.72662,118.13,523.80
0.72672,243.77,379.98
0.72682,369.07,235.61
0.72692,493.84,90.91
0.72702,617.91,-53.93
0.72712,741.09,-198.68
0.72722,863.23,-343.16
0.72732,984.14,-487.14
0.72742,1103.65,-630.44
0.72752,1221.59,-772.84
0.72762,1337.79,-914.14
0.72772,1452.10,-1054.14
0.72782,1564.33,-1192.65
0.72792,1674.35,-1329.46
0.72802,1781.98,-1464.38
0.72812,1887.09,-1597.23
0.72822,1989.51,-1727.80
0.72832,2089.10,-1855.92
0.72842,2185.72,-1981.40
0.72852,2279.24,-2104.06
0.72862,2369.52,-2223.74
0.72872,2456.43,-2340.26
0.72882,2539.85,-2453.45
0.72892,2619.66,-2563.16
0.72902,2695.74,-2669.22
0.72912,2768.00,-2771.49
0.72922,2836.32,-2869.83
0.72932,2900.61,-2964.08
0.72942,2960.77,-3054.13
0.72952,3016.73,-3139.83
0.72962,3068.40,-3221.07
0.72972,3115.72,-3297.74
0.72982,3158.60,-3369.72
0.72992,3196.99,-3436.91
0.73002,3230.84,-3499.22
0.73012,3260.10,-3556.56
0.73022,3284.73,-3608.84
0.73032,3304.68,-3656.00
0.73042,3319.94,-3697.96
0.73052,3330.49,-3734.66
0.73062,3336.29,-3766.06
0.73072,3337.36,-3792.11
0.73082,3333.69,-3812.77
0.73092,3325.27,-3828.01
0.73102,3312.13,-3837.81
0.73112,3294.29,-3842.16
0.73122,3271.76,-3841.05
0.73132,3244.58,-3834.49
0.73142,3212.79,-3822.47
0.73152,3176.43,-3805.02
0.73162,3135.56,-3782.17
0.73172,3090.24,-3753.94
0.73182,3040.52,-3720.38
0.73192,2986.48,-3681.53
0.73202,2928.20,-3637.45
0.73212,2865.75,-3588.20
0.73222,2799.23,-3533.85
0.73232,2728.74,-3474.48
0.73242,2654.36,-3410.17
0.73252,2576.21,-3341.02
0.73262,2494.41,-3267.12
0.73272,2409.05,-3188.58
0.73282,2320.27,-3105.51
0.73292,2228.20,-3018.03
0.73302,2132.96,-2926.26
0.73312,2034.68,-2830.33
0.73322,1933.52,-2730.37
0.73332,1829.60,-2626.54
0.73342,1723.09,-2518.98
0.73352,1614.13,-2407.84
0.73362,1502.87,-2293.27
0.73372,1389.48,-2175.45
0.73382,1274.11,-2054.54
0.73392,1156.93,-1930.70
0.73402,1038.10,-1804.13
0.73412,917.80,-1674.99
0.73422,796.20,-1543.47
0.73432,673.46,-1409.76
0.73442,549.77,-1274.05
0.73452,425.29,-1136.52
0.73462,300.21,-997.38
0.73472,174.70,-856.83
0.73482,48.95,-715.05
0.73492,-76.88,-572.27
0.73502,-202.60,-428.66
0.73512,-328.03,-284.45
0.73522,-452.99,-139.84
0.73532,-577.31,4.97
0.73542,-700.81,149.78
0.73552,-823.32,294.37
0.73562,-944.66,438.54
0.73572,-1064.65,582.09
0.73582,-1183.13,724.81
0.73592,-1299.94,866.50
0.73602,-1414.89,1006.96
0.73612,-1527.83,1145.98
0.73622,-1638.61,1283.38
0.73632,-1747.05,1418.96
0.73642,-1853.02,1552.51
0.73652,-1956.35,1683.86
0.73662,-2056.90,1812.82
0.73672,-2154.53,1939.20
0.73682,-2249.09,2062.83
0.73692,-2340.47,2183.52
0.73702,-2428.51,2301.11
0.73712,-2513.11,2415.43
0.73722,-2594.13,2526.31
0.73732,-2671.47,2633.61
0.73742,-2745.01,2737.16
0.73752,-2814.66,2836.82
0.73762,-2880.30,2932.45
0.73772,-2941.85,3023.92
0.73782,-2999.22,3111.08
0.73792,-3052.33,3193.82
0.73802,-3101.10,3272.03
0.73812,-3145.47,3345.58
0.73822,-3185.37,3414.38
0.73832,-3220.74,3478.33
0.73842,-3251.53,3537.33
0.73852,-3277.70,3591.31
0.73862,-3299.22,3640.18
0.73872,-3316.05,3683.88
0.73882,-3328.17,3722.35
0.73892,-3335.55,3755.52
0.73902,-3338.20,3783.36
0.73912,-3336.11,3805.82
0.73922,-3329.27,3822.87
0.73932,-3317.70,3834.48
0.73942,-3301.42,3840.65
0.73952,-3280.45,3841.36
0.73962,-3254.82,3836.61
0.73972,-3224.56,3826.41
0.73982,-3189.72,3810.77
0.73992,-3150.35,3789.72
0.74000,-3114.22,3767.93
0.74005,-3090.23,3752.37
0.74012,-3056.87,3729.89
0.74022,-3004.24,3692.85
0.74032,-2947.36,3650.55
0.74042,-2886.28,3603.06
0.74052,-2821.11,3550.45
0.74062,-2751.93,3492.77
0.74072,-2678.85,3430.13
0.74082,-2601.97,3362.61
0.74092,-2521.40,3290.30
0.74102,-2437.24,3213.30
0.74112,-2349.63,3131.74
0.74122,-2258.68,3045.71
0.74132,-2164.52,2955.36
0.74142,-2067.28,2860.80
0.74152,-1967.11,2762.18
0.74162,-1864.13,2659.63
0.74172,-1758.50,2553.29
0.74182,-1650.36,2443.34
0.74192,-1539.87,2329.91
0.74202,-1427.19,2213.17
0.74212,-1312.47,2093.29
0.74222,-1195.88,1970.44
0.74232,-1077.59,1844.79
0.74242,-957.76,1716.51
0.74252,-836.56,1585.80
0.74262,-714.17,1452.83
0.74272,-590.77,1317.80
0.74282,-466.53,1180.89
0.74292,-341.62,1042.30
0.74302,-216.24,902.22
0.74312,-90.54,760.86
0.74322,35.27,618.41
0.74324,66.37,582.96
0.74329,69.69,522.93
0.74336,73.07,443.38
0.74346,78.79,325.31
0.74356,83.84,209.38
0.74365,88.26,111.85
0.74370,90.16,103.59
0.74376,92.61,93.50
0.74386,96.16,77.90
0.74396,99.44,62.95
0.74406,102.49,48.03
0.74416,105.27,33.64
0.74426,107.79,19.41
0.74436,110.04,5.57
0.74446,111.99,-7.98
0.74456,113.67,-21.26
0.74466,115.03,-34.13
0.74476,116.11,-46.85
0.74486,116.87,-59.04
0.74496,117.35,-71.17
0.74506,117.51,-82.71
0.74516,117.40,-94.21
0.74526,116.99,-105.10
0.74536,116.32,-115.95
0.74540,115.94,-120.06
0.74546,115.59,-125.20
0.74552,115.06,-131.93
0.74562,114.11,-141.72
0.74572,112.94,-151.16
0.74582,111.55,-160.23
0.74592,109.95,-168.94
0.74602,108.15,-177.27
0.74612,106.14,-185.23
0.74622,103.95,-192.80
0.74632,101.55,-199.99
0.74642,98.98,-206.79
0.74652,96.22,-213.19
0.74662,93.30,-219.20
0.74672,90.20,-224.80
0.74682,86.95,-230.00
0.74692,83.53,-234.79
0.74702,79.98,-239.18
0.74712,76.28,-243.15
0.74722,72.44,-246.71
0.74732,68.48,-249.86
0.74742,64.39,-252.59
0.74752,60.20,-254.90
0.74762,55.88,-256.80
0.74772,51.48,-258.28
0.74782,46.98,-259.35
0.74792,42.40,-260.00
0.74802,37.73,-260.24
0.74812,33.00,-260.07
0.74822,28.20,-259.49
0.74832,23.36,-258.50
0.74842,18.45,-257.12
0.74852,13.52,-255.33
0.74862,8.54,-253.15
0.74872,3.55,-250.58
0.74882,-1.47,-247.63
0.74892,-6.49,-244.30
0.74902,-11.51,-240.60
0.74912,-16.53,-236.53
0.74922,-21.53,-232.11
0.74932,-26.52,-227.33
0.74942,-31.46,-222.21
0.74952,-36.39,-216.76
0.74962,-41.25,-210.98
0.74972,-46.08,-204.88
0.74982,-50.83,-198.48
0.74992,-55.54,-191.78
0.75002,-60.16,-184.79
0.75012,-64.71,-177.53
0.75022,-69.17,-170.00
0.75032,-73.54,-162.22
0.75042,-77.80,-154.20
0.75052,-81.97,-145.94
0.75062,-86.02,-137.47
0.75072,-89.95,-128.80
0.75082,-93.77,-119.93
0.75092,-97.44,-110.89
0.75102,-101.00,-101.67
0.75112,-104.40,-92.31
0.75122,-107.67,-82.81
0.75132,-110.77,-73.18
0.75142,-113.74,-63.44
0.75152,-116.54,-53.61
0.75162,-119.18,-43.70
0.75172,-121.65,-33.71
0.75182,-123.96,-23.68
0.75192,-126.08,-13.60
0.75202,-128.04,-3.51
0.75212,-129.81,6.60
0.75222,-131.40,16.70
0.75232,-132.81,26.78
0.75242,-134.03,36.83
0.75252,-135.06,46.83
0.75262,-135.90,56.76
0.75272,-136.56,66.62
0.75282,-137.01,76.38
0.75292,-137.29,86.04
0.75302,-137.35,95.58
0.75312,-137.24,104.99
0.75322,-136.92,114.24
0.75332,-136.42,123.34
0.75342,-135.71,132.27
0.75352,-134.83,141.00
0.75362,-133.74,149.54
0.75372,-132.48,157.87
0.75382,-131.02,165.98
0.75392,-129.38,173.85
0.75402,-127.56,181.47
0.75412,-125.56,188.84
0.75422,-123.38,195.94
0.75432,-121.02,202.76
0.75442,-118.50,209.30
0.75452,-115.80,215.54
0.75462,-112.95,221.47
0.75472,-109.93,227.09
0.75482,-106.77,232.39
0.75492,-103.44,237.36
0.75502,-99.98,241.99
0.75512,-96.37,246.28
0.75522,-92.63,250.21
0.75532,-88.75,253.80
0.75542,-84.75,257.02
0.75552,-80.63,259.88
0.75562,-76.40,262.36
0.75572,-72.06,264.48
0.75582,-67.61,266.22
0.75592,-63.08,267.58
0.75602,-58.45,268.56
0.75612,-53.74,269.16
0.75622,-48.96,269.38
0.75632,-44.11,269.21
0.75642,-39.19,268.66
0.75652,-34.22,267.73
0.75662,-29.20,266.42
0.75672,-24.15,264.73
0.75682,-19.05,262.67
0.75692,-13.94,260.23
0.75702,-8.80,257.42
0.75712,-3.65,254.24
0.75722,1.50,250.71
0.75732,6.65,246.81
0.75742,11.79,242.57
0.75752,16.92,237.98
0.75762,22.01,233.05
0.75772,27.08,227.79
0.75782,32.11,222.21
0.75792,37.09,216.31
0.75802,42.01,210.10
0.75812,46.88,203.59
0.75822,51.68,196.80
0.75832,56.41,189.72
0.75842,61.05,182.37
0.75852,65.61,174.77
0.75862,70.07,166.91
0.75872,74.44,158.82
0.75882,78.69,150.50
0.75892,82.84,141.97
0.75902,86.86,133.24
0.75912,90.76,124.31
0.75922,94.54,115.21
0.75932,98.17,105.95
0.75942,101.67,96.53
0.75952,105.02,86.97
0.75962,108.22,77.30
0.75972,111.27,67.51
0.75982,114.16,57.62
0.75992,116.88,47.65
0.76002,119.45,37.62
0.76012,121.83,27.53
0.76022,124.05,17.40
0.76032,126.09,7.24
0.76042,127.95,-2.92
0.76052,129.62,-13.08
0.76062,131.11,-23.23
0.76072,132.42,-33.34
0.76082,133.53,-43.40
0.76092,134.46,-53.41
0.76102,135.19,-63.33
0.76112,135.73,-73.17
0.76122,136.08,-82.91
0.76132,136.24,-92.53
0.76142,136.19,-102.01
0.76152,135.96,-111.35
0.76162,135.53,-120.54
0.76172,134.91,-129.55
0.76182,134.09,-138.38
0.76192,133.09,-147.02
0.76202,131.89,-155.44
0.76212,130.51,-163.65
0.76222,128.94,-171.62
0.76232,127.19,-179.35
0.76242,125.25,-186.83
0.76252,123.14,-194.04
0.76262,120.85,-200.98
0.76272,118.39,-207.63
0.76282,115.76,-213.98
0.76292,112.97,-220.04
0.76302,110.01,-225.78
0.76312,106.90,-231.20
0.76322,103.63,-236.29
0.76332,100.22,-241.05
0.76342,96.66,-245.46
0.76352,92.97,-249.53
0.76362,89.14,-253.24
0.76372,85.19,-256.60
0.76382,81.11,-259.59
0.76392,76.92,-262.21
0.76402,72.62,-264.46
0.76412,68.21,-266.33
0.76422,63.71,-267.83
0.76432,59.12,-268.94
0.76442,54.44,-269.68
0.76452,49.68,-270.03
0.76462,44.85,-270.00
0.76472,39.96,-269.58
0.76482,35.01,-268.79
0.76492,30.01,-267.61
0.76502,24.97,-266.05
0.76512,19.89,-264.11
0.76522,14.78,-261.80
0.76532,9.65,-259.12
0.76542,4.51,-256.07
0.76552,-0.64,-252.66
0.76562,-5.79,-248.89
0.76572,-10.93,-244.76
0.76582,-16.06,-240.29
0.76592,-21.17,-235.48
0.76602,-26.24,-230.33
0.76612,-31.28,-224.86
0.76622,-36.28,-219.07
0.76632,-41.22,-212.96
0.76642,-46.11,-206.56
0.76652,-50.93,-199.86
0.76662,-55.68,-192.88
0.76672,-60.35,-185.63
0.76682,-64.94,-178.11
0.76692,-69.43,-170.34
0.76702,-73.83,-162.32
0.76712,-78.12,-154.08
0.76722,-82.30,-145.62
0.76732,-86.37,-136.95
0.76742,-90.31,-128.09
0.76752,-94.13,-119.05
0.76762,-97.81,-109.84
0.76772,-101.35,-100.47
0.76782,-104.75,-90.96
0.76792,-108.00,-81.33
0.76802,-111.10,-71.57
0.76812,-114.04,-61.72
0.76822,-116.82,-51.78
0.76832,-119.44,-41.77
0.76842,-121.88,-31.69
0.76852,-124.16,-21.58
0.76862,-126.26,-11.43
0.76872,-128.17,-1.27
0.76882,-129.91,8.90
0.76892,-131.46,19.05
0.76902,-132.83,29.17
0.76912,-134.01,39.25
0.76922,-135.00,49.28
0.76932,-135.79,59.23
0.76942,-136.40,69.10
0.76952,-136.81,78.87
0.76962,-137.03,88.53
0.76972,-137.05,98.06
0.76982,-136.88,107.45
0.76992,-136.52,116.69
0.77002,-135.96,125.76
0.77012,-135.21,134.66
0.77022,-134.26,143.36
0.77032,-133.13,151.85
0.77042,-131.81,160.13
0.77052,-130.30,168.18
0.77062,-128.61,176.00
0.77072,-126.74,183.56
0.77082,-124.68,190.86
0.77092,-122.45,197.89
0.77102,-120.05,204.63
0.77112,-117.47,211.09
0.77122,-114.73,217.24
0.77132,-111.83,223.09
0.77142,-108.77,228.62
0.77152,-105.55,233.82
0.77162,-102.19,238.69
0.77172,-98.68,243.22
0.77182,-95.03,247.40
0.77192,-91.25,251.24
0.77202,-87.33,254.71
0.77212,-83.30,257.82
0.77222,-79.14,260.57
0.77232,-74.88,262.94
0.77242,-70.51,264.94
0.77252,-66.04,266.56
0.77262,-61.47,267.80
0.77272,-56.82,268.67
0.77282,-52.09,269.14
0.77292,-47.28,269.24
0.77302,-42.41,268.95
0.77312,-37.48,268.29
0.77322,-32.50,267.23
0.77332,-27.47,265.80
0.77342,-22.40,263.99
0.77352,-17.30,261.81
0.77362,-12.18,259.25
0.77372,-7.04,256.32
0.77382,-1.89,253.03
0.77392,3.26,249.38
0.77402,8.41,245.37
0.77412,13.54,241.01
0.77422,18.66,236.31
0.77432,23.75,231.28
0.77442,28.80,225.91
0.77452,33.81,220.23
0.77462,38.77,214.23
0.77472,43.68,207.92
0.77482,48.52,201.32
0.77492,53.30,194.43
0.77502,58.00,187.27
0.77512,62.61,179.84
0.77522,67.14,172.15
0.77532,71.57,164.22
0.77542,75.89,156.05
0.77552,80.11,147.66
0.77562,84.22,139.06
0.77572,88.20,130.26
0.77582,92.06,121.28
0.77592,95.79,112.12
0.77602,99.38,102.81
0.77612,102.83,93.34
0.77622,106.13,83.75
0.77632,109.28,74.03
0.77642,112.28,64.21
0.77652,115.11,54.30
0.77662,117.78,44.31
0.77672,120.28,34.25
0.77682,122.61,24.15
0.77692,124.77,14.01
0.77702,126.75,3.85
0.77712,128.55,-6.31
0.77722,130.16,-16.47
0.77732,131.59,-26.60
0.77742,132.83,-36.70
0.77752,133.88,-46.74
0.77762,134.75,-56.72
0.77772,135.42,-66.62
0.77782,135.89,-76.43
0.77792,136.17,-86.12
0.77802,136.26,-95.70
0.77812,136.16,-105.14
0.77822,135.86,-114.43
0.77832,135.36,-123.56
0.77842,134.68,-132.51
0.77852,133.80,-141.28
0.77862,132.73,-149.84
0.77872,131.47,-158.20
0.77882,130.03,-166.33
0.77892,128.40,-174.22
0.77902,126.58,-181.87
0.77912,124.59,-189.25
0.77922,122.42,-196.37
0.77932,120.07,-203.22
0.77942,117.55,-209.77
0.77952,114.87,-216.03
0.77962,112.02,-221.97
0.77972,109.01,-227.61
0.77982,105.84,-232.92
0.77992,102.53,-237.90
0.78002,99.07,-242.55
0.78012,95.46,-246.85
0.78022,91.73,-250.79
0.78032,87.86,-254.39
0.78042,83.86,-257.62
0.78052,79.75,-260.49
0.78062,75.52,-262.99
0.78072,71.18,-265.11
0.78082,66.74,-266.86
0.78092,62.21,-268.23
0.78102,57.58,-269.22
0.78112,52.88,-269.82
0.78122,48.10,-270.05
0.78132,43.25,-269.89
0.78142,38.34,-269.35
0.78152,33.37,-268.42
0.78162,28.35,-267.12
0.78172,23.30,-265.43
0.78182,18.21,-263.37
0.78192,13.09,-260.94
0.78202,7.96,-258.13
0.78212,2.81,-254.96
0.78222,-2.34,-251.43
0.78232,-7.49,-247.54
0.78242,-12.63,-243.30
0.78252,-17.75,-238.71
0.78262,-22.85,-233.79
0.78272,-27.91,-228.53
0.78282,-32.94,-222.95
0.78292,-37.91,-217.05
0.78302,-42.84,-210.85
0.78312,-47.71,-204.34
0.78322,-52.50,-197.55
0.78332,-57.23,-190.48
0.78342,-61.87,-183.13
0.78352,-66.43,-175.53
0.78362,-70.89,-167.68
0.78372,-75.25,-159.59
0.78382,-79.51,-151.27
0.78392,-83.65,-142.74
0.78402,-87.68,-134.01
0.78412,-91.58,-125.08
0.78422,-95.35,-115.98
0.78432,-98.99,-106.72
0.78442,-102.48,-97.30
0.78452,-105.83,-87.75
0.78462,-109.04,-78.07
0.78472,-112.08,-68.28
0.78482,-114.97,-58.40
0.78492,-117.70,-48.43
0.78502,-120.26,-38.40
0.78512,-122.64,-28.31
0.78522,-124.86,-18.18
0.78532,-126.90,-8.03
0.78542,-128.75,2.14
0.78552,-130.43,12.30
0.78562,-131.92,22.44
0.78572,-133.23,32.55
0.78582,-134.34,42.62
0.78592,-135.27,52.62
0.78602,-136.00,62.55
0.78612,-136.54,72.39
0.78622,-136.89,82.12
0.78632,-137.04,91.74
0.78642,-137.00,101.22
0.78652,-136.76,110.57
0.78662,-136.33,119.75
0.78672,-135.71,128.76
0.78682,-134.90,137.59
0.78692,-133.89,146.23
0.78702,-132.69,154.65
0.78712,-131.31,162.86
0.78722,-129.74,170.83
0.78732,-127.99,178.56
0.78742,-126.05,186.04
0.78752,-123.94,193.25
0.78762,-121.65,200.19
0.78772,-119.19,206.84
0.78782,-116.56,213.19
0.78792,-113.77,219.25
0.78802,-110.81,224.99
0.78812,-107.70,230.41
0.78822,-104.43,235.50
0.78832,-101.02,240.26
0.78842,-97.46,244.67
0.78852,-93.77,248.74
0.78862,-89.94,252.45
0.78872,-85.98,255.80
0.78882,-81.91,258.79
0.78892,-77.72,261.42
0.78902,-73.42,263.66
0.78912,-69.01,265.54
0.78922,-64.51,267.04
0.78932,-59.91,268.15
0.78942,-55.23,268.89
0.78952,-50.48,269.24
0.78962,-45.65,269.21
0.78972,-40.76,268.79
0.78982,-35.81,267.99
0.78992,-30.81,266.82
0.79002,-25.76,265.26
0.79012,-20.68,263.32
0.79022,-15.58,261.01
0.79032,-10.45,258.33
0.79042,-5.30,255.28
0.79052,-0.15,251.87
0.79062,5.00,248.10
0.79072,10.14,243.97
0.79082,15.27,239.50
0.79092,20.38,234.69
0.79102,25.45,229.54
0.79112,30.49,224.07
0.79122,35.49,218.28
0.79132,40.43,212.18
0.79142,45.32,205.77
0.79152,50.14,199.07
0.79162,54.89,192.09
0.79172,59.56,184.84
0.79182,64.15,177.32
0.79192,68.64,169.55
0.79202,73.04,161.54
0.79212,77.33,153.29
0.79222,81.51,144.83
0.79232,85.58,136.17
0.79242,89.52,127.31
0.79252,93.34,118.26
0.79262,97.02,109.05
0.79272,100.56,99.69
0.79282,103.96,90.18
0.79292,107.22,80.54
0.79302,110.31,70.79
0.79312,113.26,60.93
0.79322,116.04,50.99
0.79332,118.65,40.98
0.79342,121.10,30.91
0.79352,123.37,20.79
0.79362,125.47,10.64
0.79372,127.39,0.48
0.79382,129.12,-9.68
0.79392,130.68,-19.83
0.79402,132.04,-29.96
0.79412,133.22,-40.04
0.79422,134.21,-50.06
0.79432,135.01,-60.01
0.79442,135.61,-69.88
0.79452,136.03,-79.65
0.79462,136.24,-89.31
0.79472,136.27,-98.84
0.79482,136.10,-108.24
0.79492,135.73,-117.47
0.79502,135.17,-126.55
0.79512,134.42,-135.44
0.79522,133.48,-144.14
0.79532,132.35,-152.63
0.79542,131.03,-160.91
0.79552,129.52,-168.97
0.79562,127.83,-176.78
0.79572,125.96,-184.34
0.79582,123.90,-191.64
0.79592,121.67,-198.67
0.79602,119.27,-205.42
0.79612,116.69,-211.87
0.79622,113.95,-218.03
0.79632,111.05,-223.87
0.79642,107.99,-229.40
0.79652,104.77,-234.60
0.79662,101.41,-239.47
0.79672,97.90,-244.00
0.79682,94.25,-248.18
0.79692,90.47,-252.01
0.79702,86.56,-255.49
0.79712,82.52,-258.60
0.79722,78.37,-261.34
0.79732,74.10,-263.72
0.79742,69.73,-265.72
0.79752,65.26,-267.34
0.79762,60.69,-268.58
0.79772,56.04,-269.44
0.79782,51.31,-269.92
0.79792,46.51,-270.02
0.79802,41.64,-269.73
0.79812,36.70,-269.06
0.79822,31.72,-268.01
0.79832,26.69,-266.58
0.79842,21.62,-264.77
0.79852,16.52,-262.58
0.79862,11.40,-260.02
0.79872,6.26,-257.10
0.79882,1.11,-253.80
0.79892,-4.04,-250.15
0.79902,-9.19,-246.14
0.79912,-14.32,-241.79
0.79922,-19.43,-237.09
0.79932,-24.52,-232.05
0.79942,-29.57,-226.69
0.79952,-34.58,-221.00
0.79962,-39.54,-215.00
0.79972,-44.45,-208.69
0.79982,-49.30,-202.09
0.79992,-54.07,-195.20
0.80002,-58.77,-188.04
0.80012,-63.38,-180.61
0.80022,-67.91,-172.92
0.80032,-72.34,-164.99
0.80042,-76.67,-156.82
0.80052,-80.89,-148.43
0.80062,-84.99,-139.83
0.80072,-88.97,-131.03
0.80082,-92.83,-122.05
0.80092,-96.56,-112.89
0.80102,-100.15,-103.58
0.80112,-103.60,-94.11
0.80122,-106.90,-84.52
0.80132,-110.05,-74.80
0.80142,-113.05,-64.98
0.80152,-115.88,-55.07
0.80162,-118.55,-45.08
0.80172,-121.05,-35.02
0.80182,-123.38,-24.92
0.80192,-125.54,-14.78
0.80202,-127.52,-4.62
0.80212,-129.32,5.54
0.80222,-130.93,15.70
0.80232,-132.36,25.84
0.80242,-133.60,35.93
0.80252,-134.65,45.98
0.80262,-135.51,55.96
0.80272,-136.18,65.86
0.80282,-136.66,75.66
0.80292,-136.94,85.36
0.80302,-137.03,94.93
0.80312,-136.92,104.37
0.80322,-136.62,113.66
0.80332,-136.13,122.79
0.80342,-135.44,131.75
0.80352,-134.56,140.51
0.80362,-133.50,149.08
0.80372,-132.24,157.43
0.80382,-130.79,165.56
0.80392,-129.16,173.46
0.80402,-127.35,181.10
0.80412,-125.35,188.49
0.80422,-123.18,195.61
0.80432,-120.83,202.45
0.80442,-118.31,209.01
0.80452,-115.63,215.26
0.80462,-112.78,221.21
0.80472,-109.77,226.85
0.80482,-106.61,232.16
0.80492,-103.29,237.14
0.80502,-99.83,241.78
0.80512,-96.23,246.08
0.80522,-92.49,250.03
0.80532,-88.62,253.63
0.80542,-84.62,256.86
0.80552,-80.51,259.73
0.80562,-76.28,262.22
0.80572,-71.94,264.35
0.80582,-67.50,266.10
0.80592,-62.97,267.47
0.80602,-58.34,268.46
0.80612,-53.64,269.06
0.80622,-48.86,269.29
0.80632,-44.01,269.13
0.80642,-39.10,268.59
0.80652,-34.13,267.66
0.80662,-29.11,266.36
0.80672,-24.06,264.67
0.80682,-18.97,262.61
0.80692,-13.85,260.18
0.80702,-8.72,257.37
0.80712,-3.57,254.20
0.80722,1.58,250.67
0.80732,6.73,246.78
0.80742,11.87,242.54
0.80752,16.99,237.95
0.80762,22.09,233.03
0.80772,27.15,227.77
0.80782,32.18,222.19
0.80792,37.16,216.30
0.80802,42.09,210.09
0.80812,46.95,203.59
0.80822,51.75,196.79
0.80832,56.47,189.72
0.80842,61.12,182.38
0.80852,65.67,174.77
0.80862,70.14,166.92
0.80872,74.50,158.83
0.80882,78.76,150.52
0.80892,82.90,141.99
0.80902,86.92,133.25
0.80912,90.83,124.33
0.80922,94.60,115.23
0.80932,98.23,105.97
0.80942,101.73,96.55
0.80952,105.08,87.00
0.80962,108.28,77.32
0.80972,111.33,67.53
0.80982,114.22,57.65
0.80992,116.95,47.68
0.81002,119.50,37.65
0.81012,121.89,27.56
0.81022,124.11,17.43
0.81032,126.15,7.28
0.81042,128.00,-2.89
0.81052,129.68,-13.05
0.81062,131.17,-23.19
0.81072,132.48,-33.30
0.81082,133.59,-43.37
0.81092,134.52,-53.37
0.81102,135.25,-63.30
0.81112,135.79,-73.13
0.81122,136.14,-82.87
0.81132,136.29,-92.49
0.81142,136.25,-101.97
0.81152,136.01,-111.31
0.81162,135.59,-120.50
0.81172,134.96,-129.51
0.81182,134.15,-138.34
0.81192,133.14,-146.98
0.81202,131.95,-155.40
0.81212,130.56,-163.61
0.81222,129.00,-171.58
0.81232,127.24,-179.31
0.81242,125.31,-186.79
0.81252,123.19,-194.00
0.81262,120.91,-200.93
0.81272,118.45,-207.58
0.81282,115.82,-213.94
0.81292,113.02,-219.99
0.81302,110.06,-225.73
0.81312,106.95,-231.15
0.81322,103.69,-236.24
0.81332,100.27,-241.00
0.81342,96.72,-245.42
0.81352,93.02,-249.48
0.81362,89.20,-253.19
0.81372,85.24,-256.55
0.81382,81.17,-259.54
0.81392,76.97,-262.16
0.81402,72.67,-264.41
0.81412,68.27,-266.28
0.81422,63.76,-267.78
0.81432,59.17,-268.89
0.81442,54.49,-269.63
0.81452,49.74,-269.98
0.81462,44.91,-269.95
0.81472,40.02,-269.53
0.81482,35.07,-268.74
0.81492,30.07,-267.56
0.81502,25.02,-266.00
0.81512,19.94,-264.06
0.81522,14.84,-261.75
0.81532,9.71,-259.07
0.81542,4.56,-256.02
0.81552,-0.59,-252.61
0.81562,-5.74,-248.84
0.81572,-10.88,-244.71
0.81582,-16.01,-240.24
0.81592,-21.11,-235.43
0.81602,-26.19,-230.28
0.81612,-31.23,-224.81
0.81622,-36.23,-219.02
0.81632,-41.17,-212.91
0.81642,-46.06,-206.51
0.81652,-50.88,-199.81
0.81662,-55.63,-192.83
0.81672,-60.30,-185.57
0.81682,-64.88,-178.06
0.81692,-69.38,-170.29
0.81702,-73.78,-162.27
0.81712,-78.07,-154.03
0.81722,-82.25,-145.57
0.81732,-86.31,-136.90
0.81742,-90.26,-128.04
0.81752,-94.07,-119.00
0.81762,-97.75,-109.79
0.81772,-101.30,-100.42
0.81782,-104.70,-90.91
0.81792,-107.95,-81.28
0.81802,-111.05,-71.52
0.81812,-113.99,-61.67
0.81822,-116.77,-51.73
0.81832,-119.39,-41.71
0.81842,-121.83,-31.64
0.81852,-124.10,-21.53
0.81862,-126.20,-11.38
0.81872,-128.12,-1.22
0.81882,-129.86,8.95
0.81892,-131.41,19.10
0.81902,-132.78,29.22
0.81912,-133.95,39.30
0.81922,-134.94,49.33
0.81932,-135.74,59.28
0.81942,-136.34,69.15
0.81952,-136.76,78.92
0.81962,-136.97,88.58
0.81972,-137.00,98.11
0.81982,-136.83,107.50
0.81992,-136.46,116.74
0.82002,-135.90,125.81
0.82012,-135.15,134.71
0.82022,-134.21,143.41
0.82032,-133.08,151.90
0.82042,-131.76,160.18
0.82052,-130.25,168.24
0.82062,-128.56,176.05
0.82072,-126.68,183.61
0.82082,-124.63,190.91
0.82092,-122.40,197.94
0.82102,-120.00,204.69
0.82112,-117.42,211.14
0.82122,-114.68,217.30
0.82132,-111.78,223.14
0.82142,-108.72,228.67
0.82152,-105.50,233.87
0.82162,-102.14,238.74
0.82172,-98.63,243.27
0.82182,-94.98,247.46
0.82192,-91.19,251.29
0.82202,-87.28,254.76
0.82212,-83.25,257.87
0.82222,-79.09,260.62
0.82232,-74.83,262.99
0.82242,-70.45,264.99
0.82252,-65.98,266.61
0.82262,-61.42,267.86
0.82272,-56.77,268.72
0.82282,-52.04,269.20
0.82292,-47.23,269.29
0.82302,-42.36,269.01
0.82312,-37.43,268.34
0.82322,-32.44,267.29
0.82332,-27.41,265.85
0.82342,-22.35,264.04
0.82352,-17.25,261.86
0.82362,-12.12,259.30
0.82372,-6.98,256.37
0.82382,-1.83,253.08
0.82392,3.32,249.43
0.82402,8.46,245.42
0.82412,13.60,241.07
0.82422,18.71,236.37
0.82432,23.80,231.33
0.82442,28.85,225.97
0.82452,33.86,220.28
0.82462,38.82,214.28
0.82472,43.73,207.97
0.82482,48.58,201.37
0.82492,53.35,194.48
0.82502,58.05,187.32
0.82512,62.66,179.89
0.82522,67.19,172.20
0.82532,71.62,164.27
0.82542,75.95,156.10
0.82552,80.17,147.71
0.82562,84.27,139.11
0.82572,88.26,130.32
0.82582,92.11,121.33
0.82592,95.84,112.18
0.82602,99.43,102.86
0.82612,102.88,93.40
0.82622,106.18,83.80
0.82632,109.33,74.09
0.82642,112.33,64.26
0.82652,115.16,54.35
0.82662,117.83,44.36
0.82672,120.34,34.31
0.82682,122.67,24.20
0.82692,124.82,14.06
0.82702,126.80,3.90
0.82712,128.60,-6.26
0.82722,130.21,-16.42
0.82732,131.64,-26.55
0.82742,132.88,-36.65
0.82752,133.94,-46.69
0.82762,134.80,-56.67
0.82772,135.47,-66.57
0.82782,135.94,-76.38
0.82792,136.23,-86.07
0.82802,136.31,-95.65
0.82812,136.21,-105.09
0.82822,135.91,-114.38
0.82832,135.42,-123.51
0.82842,134.73,-132.46
0.82852,133.85,-141.23
0.82862,132.78,-149.79
0.82872,131.52,-158.15
0.82882,130.08,-166.27
0.82892,128.45,-174.17
0.82902,126.63,-181.81
0.82912,124.64,-189.20
0.82922,122.47,-196.32
0.82932,120.12,-203.16
0.82942,117.60,-209.72
0.82952,114.92,-215.97
0.82962,112.07,-221.92
0.82972,109.06,-227.56
0.82982,105.90,-232.87
0.82992,102.58,-237.85
0.83002,99.12,-242.49
0.83012,95.52,-246.79
0.83022,91.78,-250.74
0.83032,87.91,-254.34
0.83042,83.91,-257.57
0.83052,79.80,-260.44
0.83062,75.57,-262.93
0.83072,71.23,-265.06
0.83082,66.79,-266.81
0.83092,62.26,-268.18
0.83102,57.64,-269.16
0.83112,52.93,-269.77
0.83122,48.15,-270.00
0.83132,43.30,-269.84
0.83142,38.39,-269.29
0.83152,33.42,-268.37
0.83162,28.41,-267.06
0.83172,23.35,-265.38
0.83182,18.26,-263.32
0.83192,13.15,-260.88
0.83202,8.01,-258.08
0.83212,2.86,-254.91
0.83222,-2.29,-251.38
0.83232,-7.44,-247.49
0.83242,-12.58,-243.24
0.83252,-17.70,-238.66
0.83262,-22.79,-233.73
0.83272,-27.86,-228.48
0.83282,-32.88,-222.90
0.83292,-37.86,-217.00
0.83302,-42.79,-210.80
0.83312,-47.65,-204.29
0.83322,-52.45,-197.50
0.83332,-57.18,-190.42
0.83342,-61.82,-183.08
0.83352,-66.38,-175.48
0.83362,-70.84,-167.62
0.83372,-75.20,-159.53
0.83382,-79.46,-151.22
0.83392,-83.60,-142.69
0.83402,-87.63,-133.95
0.83412,-91.53,-125.03
0.83422,-95.30,-115.93
0.83432,-98.93,-106.67
0.83442,-102.43,-97.25
0.83452,-105.78,-87.70
0.83462,-108.98,-78.02
0.83472,-112.03,-68.23
0.83482,-114.92,-58.35
0.83492,-117.64,-48.38
0.83502,-120.20,-38.35
0.83512,-122.59,-28.26
0.83522,-124.81,-18.13
0.83532,-126.84,-7.98
0.83542,-128.70,2.19
0.83552,-130.38,12.35
0.83562,-131.87,22.49
0.83572,-133.17,32.60
0.83582,-134.29,42.67
0.83592,-135.21,52.67
0.83602,-135.95,62.60
0.83612,-136.49,72.44
0.83622,-136.83,82.17
0.83632,-136.99,91.79
0.83642,-136.95,101.28
0.83652,-136.71,110.62
0.83662,-136.28,119.80
0.83672,-135.66,128.82
0.83682,-134.84,137.65
0.83692,-133.84,146.28
0.83702,-132.64,154.71
0.83712,-131.26,162.91
0.83722,-129.69,170.88
0.83732,-127.94,178.61
0.83742,-126.00,186.09
0.83752,-123.89,193.30
0.83762,-121.60,200.24
0.83772,-119.14,206.89
0.83782,-116.51,213.24
0.83792,-113.71,219.30
0.83802,-110.76,225.04
0.83812,-107.65,230.46
0.83822,-104.38,235.55
0.83832,-100.97,240.31
0.83842,-97.41,244.72
0.83852,-93.72,248.79
0.83862,-89.89,252.50
0.83872,-85.93,255.86
0.83882,-81.86,258.85
0.83892,-77.67,261.47
0.83902,-73.36,263.72
0.83912,-68.96,265.59
0.83922,-64.46,267.09
0.83932,-59.86,268.20
0.83942,-55.18,268.94
0.83952,-50.43,269.29
0.83962,-45.60,269.26
0.83972,-40.71,268.84
0.83982,-35.76,268.05
0.83992,-30.76,266.87
0.84002,-25.71,265.31
0.84012,-20.63,263.37
0.84022,-15.53,261.06
0.84032,-10.40,258.38
0.84042,-5.25,255.33
0.84052,-0.10,251.92
0.84062,5.05,248.15
0.84072,10.19,244.02
0.84082,15.32,239.55
0.84092,20.43,234.74
0.84102,25.50,229.59
0.84112,30.54,224.12
0.84122,35.54,218.33
0.84132,40.48,212.23
0.84142,45.37,205.82
0.84152,50.19,199.12
0.84162,54.94,192.14
0.84172,59.61,184.89
0.84182,64.20,177.37
0.84192,68.69,169.60
0.84202,73.09,161.59
0.84212,77.38,153.35
0.84222,81.56,144.88
0.84232,85.63,136.22
0.84242,89.57,127.36
0.84252,93.39,118.31
0.84262,97.07,109.10
0.84272,100.61,99.74
0.84282,104.01,90.23
0.84292,107.27,80.59
0.84302,110.37,70.84
0.84312,113.31,60.99
0.84322,116.09,51.04
0.84332,118.70,41.03
0.84342,121.15,30.96
0.84352,123.42,20.84
0.84362,125.52,10.70
0.84372,127.44,0.53
0.84382,129.17,-9.63
0.84392,130.73,-19.78
0.84402,132.09,-29.90
0.84412,133.27,-39.99
0.84422,134.26,-50.01
0.84432,135.06,-59.96
0.84442,135.66,-69.83
0.84452,136.08,-79.60
0.84462,136.29,-89.26
0.84472,136.32,-98.79
0.84482,136.15,-108.18
0.84492,135.78,-117.42
0.84502,135.22,-126.49
0.84512,134.47,-135.39
0.84522,133.53,-144.09
0.84532,132.40,-152.58
0.84542,131.08,-160.86
0.84552,129.57,-168.92
0.84562,127.88,-176.73
0.84572,126.01,-184.29
0.84582,123.95,-191.59
0.84592,121.72,-198.62
0.84602,119.32,-205.37
0.84612,116.74,-211.82
0.84622,114.00,-217.97
0.84632,111.10,-223.82
0.84642,108.04,-229.35
0.84652,104.82,-234.55
0.84662,101.46,-239.42
0.84672,97.95,-243.95
0.84682,94.30,-248.13
0.84692,90.52,-251.96
0.84702,86.61,-255.44
0.84712,82.57,-258.55
0.84722,78.42,-261.29
0.84732,74.15,-263.67
0.84742,69.78,-265.67
0.84752,65.31,-267.29
0.84762,60.74,-268.53
0.84772,56.09,-269.39
0.84782,51.36,-269.87
0.84792,46.56,-269.97
0.84802,41.69,-269.68
0.84812,36.75,-269.01
0.84822,31.77,-267.96
0.84832,26.74,-266.53
0.84842,21.67,-264.72
0.84852,16.57,-262.53
0.84862,11.45,-259.97
0.84872,6.31,-257.05
0.84882,1.16,-253.75
0.84892,-3.99,-250.10
0.84902,-9.14,-246.10
0.84912,-14.27,-241.74
0.84922,-19.38,-237.04
0.84932,-24.47,-232.00
0.84942,-29.52,-226.64
0.84952,-34.53,-220.95
0.84962,-39.50,-214.95
0.84972,-44.40,-208.64
0.84982,-49.25,-202.04
0.84992,-54.02,-195.16
0.85002,-58.72,-187.99
0.85012,-63.33,-180.56
0.85022,-67.86,-172.87
0.85032,-72.29,-164.94
0.85042,-76.62,-156.77
0.85052,-80.84,-148.38
0.85062,-84.94,-139.78
0.85072,-88.92,-130.98
0.85082,-92.78,-122.00
0.85092,-96.51,-112.84
0.85102,-100.10,-103.53
0.85112,-103.55,-94.07
0.85122,-106.85,-84.47
0.85132,-110.00,-74.75
0.85142,-113.00,-64.93
0.85152,-115.83,-55.02
0.85162,-118.50,-45.03
0.85172,-121.00,-34.97
0.85182,-123.33,-24.87
0.85192,-125.49,-14.73
0.85202,-127.47,-4.57
0.85212,-129.27,5.59
0.85222,-130.88,15.75
0.85232,-132.31,25.88
0.85242,-133.55,35.98
0.85252,-134.60,46.03
0.85262,-135.46,56.01
0.85272,-136.13,65.90
0.85282,-136.61,75.71
0.85292,-136.89,85.41
0.85302,-136.98,94.98
0.85312,-136.87,104.42
0.85322,-136.57,113.71
0.85332,-136.08,122.84
0.85342,-135.39,131.80
0.85352,-134.52,140.56
0.85362,-133.45,149.13
0.85372,-132.19,157.48
0.85382,-130.74,165.61
0.85392,-129.11,173.50
0.85402,-127.30,181.15
0.85412,-125.30,188.54
0.85422,-123.13,195.66
0.85432,-120.78,202.50
0.85442,-118.27,209.05
0.85452,-115.58,215.31
0.85462,-112.73,221.26
0.85472,-109.72,226.90
0.85482,-106.56,232.21
0.85492,-103.24,237.19
0.85502,-99.78,241.83
0.85512,-96.18,246.13
0.85522,-92.44,250.08
0.85532,-88.57,253.68
0.85542,-84.57,256.91
0.85552,-80.46,259.78
0.85562,-76.23,262.27
0.85572,-71.89,264.40
0.85582,-67.45,266.15
0.85592,-62.92,267.52
0.85602,-58.30,268.50
0.85612,-53.59,269.11
0.85622,-48.81,269.34
0.85632,-43.96,269.18
0.85642,-39.05,268.64
0.85652,-34.08,267.71
0.85662,-29.06,266.41
0.85672,-24.01,264.72
0.85682,-18.92,262.66
0.85692,-13.80,260.23
0.85702,-8.67,257.42
0.85712,-3.52,254.25
0.85722,1.63,250.72
0.85732,6.78,246.83
0.85742,11.92,242.59
0.85752,17.04,238.00
0.85762,22.14,233.08
0.85772,27.20,227.82
0.85782,32.23,222.24
0.85792,37.21,216.34
0.85802,42.13,210.14
0.85812,47.00,203.64
0.85822,51.80,196.84
0.85832,56.52,189.77
0.85842,61.17,182.43
0.85852,65.72,174.82
0.85862,70.19,166.97
0.85872,74.55,158.88
0.85882,78.80,150.56
0.85892,82.95,142.03
0.85902,86.97,133.30
0.85912,90.87,124.38
0.85922,94.65,115.28
0.85932,98.28,106.01
0.85942,101.78,96.60
0.85952,105.13,87.05
0.85962,108.33,77.37
0.85972,111.38,67.58
0.85982,114.27,57.70
0.85992,116.99,47.73
0.86002,119.55,37.69
0.86012,121.94,27.61
0.86022,124.16,17.48
0.86032,126.19,7.32
0.86042,128.05,-2.84
0.86052,129.73,-13.00
0.86062,131.22,-23.14
0.86072,132.52,-33.26
0.86082,133.64,-43.32
0.86092,134.56,-53.32
0.86102,135.30,-63.25
0.86112,135.84,-73.09
0.86122,136.18,-82.82
0.86132,136.34,-92.44
0.86142,136.30,-101.92
0.86152,136.06,-111.27
0.86162,135.63,-120.45
0.86172,135.01,-129.46
0.86182,134.20,-138.29
0.86192,133.19,-146.93
0.86202,132.00,-155.35
0.86212,130.61,-163.56
0.86222,129.04,-171.53
0.86232,127.29,-179.26
0.86242,125.36,-186.74
0.86252,123.24,-193.95
0.86262,120.95,-200.88
0.86272,118.49,-207.53
0.86282,115.86,-213.89
0.86292,113.07,-219.94
0.86302,110.11,-225.68
0.86312,107.00,-231.10
0.86322,103.73,-236.20
0.86332,100.32,-240.95
0.86342,96.76,-245.37
0.86352,93.07,-249.43
0.86362,89.24,-253.15
0.86372,85.29,-256.50
0.86382,81.21,-259.49
0.86392,77.02,-262.11
0.86402,72.72,-264.36
0.86412,68.31,-266.23
0.86422,63.81,-267.73
0.86432,59.22,-268.85
0.86442,54.54,-269.58
0.86452,49.78,-269.93
0.86462,44.96,-269.90
0.86472,40.06,-269.49
0.86482,35.11,-268.69
0.86492,30.11,-267.51
0.86502,25.07,-265.95
0.86512,19.99,-264.02
0.86522,14.88,-261.71
0.86532,9.75,-259.02
0.86542,4.61,-255.97
0.86552,-0.54,-252.56
0.86562,-5.69,-248.79
0.86572,-10.83,-244.67
0.86582,-15.96,-240.19
0.86592,-21.07,-235.38
0.86602,-26.14,-230.24
0.86612,-31.18,-224.76
0.86622,-36.18,-218.97
0.86632,-41.12,-212.87
0.86642,-46.01,-206.46
0.86652,-50.83,-199.76
0.86662,-55.58,-192.78
0.86672,-60.25,-185.53
0.86682,-64.84,-178.01
0.86692,-69.33,-170.24
0.86702,-73.73,-162.23
0.86712,-78.02,-153.98
0.86722,-82.20,-145.52
0.86732,-86.27,-136.86
0.86742,-90.21,-128.00
0.86752,-94.03,-118.95
0.86762,-97.71,-109.74
0.86772,-101.25,-100.38
0.86782,-104.65,-90.87
0.86792,-107.90,-81.23
0.86802,-111.00,-71.48
0.86812,-113.94,-61.62
0.86822,-116.72,-51.68
0.86832,-119.34,-41.67
0.86842,-121.78,-31.60
0.86852,-124.06,-21.48
0.86862,-126.15,-11.33
0.86872,-128.07,-1.17
0.86882,-129.81,9.00
0.86892,-131.36,19.15
0.86902,-132.73,29.27
0.86912,-133.91,39.35
0.86922,-134.90,49.38
0.86932,-135.69,59.33
0.86942,-136.30,69.20
0.86952,-136.71,78.97
0.86962,-136.93,88.63
0.86972,-136.95,98.16
0.86982,-136.78,107.55
0.86992,-136.42,116.79
0.87002,-135.86,125.86
0.87012,-135.11,134.75
0.87022,-134.17,143.45
0.87032,-133.03,151.95
0.87042,-131.71,160.23
0.87052,-130.20,168.28
0.87062,-128.51,176.10
0.87072,-126.64,183.66
0.87082,-124.58,190.96
0.87092,-122.35,197.99
0.87102,-119.95,204.73
0.87112,-117.37,211.19
0.87122,-114.63,217.34
0.87132,-111.73,223.19
0.87142,-108.67,228.72
0.87152,-105.45,233.92
0.87162,-102.09,238.79
0.87172,-98.58,243.32
0.87182,-94.93,247.50
0.87192,-91.15,251.33
0.87202,-87.24,254.81
0.87212,-83.20,257.92
0.87222,-79.05,260.66
0.87232,-74.78,263.04
0.87242,-70.41,265.04
0.87252,-65.94,266.66
0.87262,-61.37,267.90
0.87272,-56.72,268.76
0.87282,-51.99,269.24
0.87292,-47.18,269.34
0.87302,-42.31,269.05
0.87312,-37.38,268.38
0.87322,-32.40,267.33
0.87332,-27.37,265.90
0.87342,-22.30,264.09
0.87352,-17.20,261.91
0.87362,-12.08,259.35
0.87372,-6.94,256.42
0.87382,-1.79,253.13
0.87392,3.36,249.48
0.87402,8.51,245.47
0.87412,13.64,241.11
0.87422,18.76,236.41
0.87432,23.84,231.38
0.87442,28.90,226.01
0.87452,33.91,220.33
0.87462,38.87,214.32
0.87472,43.78,208.02
0.87482,48.62,201.42
0.87492,53.40,194.53
0.87502,58.09,187.37
0.87512,62.71,179.93
0.87522,67.24,172.25
0.87532,71.67,164.31
0.87542,75.99,156.15
0.87552,80.21,147.76
0.87562,84.32,139.16
0.87572,88.30,130.36
0.87582,92.16,121.38
0.87592,95.89,112.22
0.87602,99.48,102.91
0.87612,102.93,93.44
0.87622,106.23,83.85
0.87632,109.38,74.13
0.87642,112.37,64.31
0.87652,115.21,54.40
0.87662,117.88,44.41
0.87672,120.38,34.35
0.87682,122.71,24.25
0.87692,124.87,14.11
0.87702,126.85,3.95
0.87712,128.65,-6.21
0.87722,130.26,-16.37
0.87732,131.69,-26.50
0.87742,132.93,-36.60
0.87752,133.98,-46.65
0.87762,134.84,-56.63
0.87772,135.51,-66.52
0.87782,135.99,-76.33
0.87792,136.27,-86.03
0.87802,136.36,-95.60
0.87812,136.25,-105.04
0.87822,135.96,-114.33
0.87832,135.46,-123.46
0.87842,134.78,-132.41
0.87852,133.90,-141.18
0.87862,132.83,-149.75
0.87872,131.57,-158.10
0.87882,130.12,-166.23
0.87892,128.49,-174.12
0.87902,126.68,-181.77
0.87912,124.69,-189.16
0.87922,122.51,-196.28
0.87932,120.17,-203.12
0.87942,117.65,-209.67
0.87952,114.96,-215.93
0.87962,112.12,-221.88
0.87972,109.11,-227.51
0.87982,105.94,-232.82
0.87992,102.63,-237.80
0.88002,99.17,-242.45
0.88012,95.56,-246.75
0.88022,91.82,-250.70
0.88032,87.95,-254.29
0.88042,83.96,-257.52
0.88052,79.84,-260.39
0.88062,75.61,-262.89
0.88072,71.28,-265.01
0.88082,66.84,-266.76
0.88092,62.30,-268.13
0.88102,57.68,-269.12
0.88112,52.98,-269.73
0.88122,48.20,-269.95
0.88132,43.35,-269.79
0.88142,38.43,-269.25
0.88152,33.47,-268.32
0.88162,28.45,-267.02
0.88172,23.40,-265.33
0.88182,18.31,-263.27
0.88192,13.19,-260.84
0.88202,8.06,-258.03
0.88212,2.91,-254.86
0.88222,-2.24,-251.33
0.88232,-7.39,-247.44
0.88242,-12.53,-243.20
0.88252,-17.65,-238.61
0.88262,-22.75,-233.69
0.88272,-27.81,-228.43
0.88282,-32.84,-222.85
0.88292,-37.82,-216.96
0.88302,-42.74,-210.75
0.88312,-47.61,-204.25
0.88322,-52.41,-197.45
0.88332,-57.13,-190.38
0.88342,-61.78,-183.04
0.88352,-66.33,-175.43
0.88362,-70.79,-167.58
0.88372,-75.16,-159.49
0.88382,-79.41,-151.17
0.88392,-83.56,-142.64
0.88402,-87.58,-133.91
0.88412,-91.48,-124.99
0.88422,-95.25,-115.89
0.88432,-98.89,-106.62
0.88442,-102.39,-97.21
0.88452,-105.74,-87.65
0.88462,-108.94,-77.98
0.88472,-111.99,-68.19
0.88482,-114.87,-58.30
0.88492,-117.60,-48.34
0.88502,-120.16,-38.30
0.88512,-122.55,-28.21
0.88522,-124.76,-18.08
0.88532,-126.80,-7.93
0.88542,-128.66,2.23
0.88552,-130.33,12.40
0.88562,-131.82,22.54
0.88572,-133.13,32.65
0.88582,-134.24,42.71
0.88592,-135.17,52.72
0.88602,-135.90,62.64
0.88612,-136.44,72.48
0.88622,-136.79,82.22
0.88632,-136.94,91.83
0.88642,-136.90,101.32
0.88652,-136.67,110.66
0.88662,-136.24,119.85
0.88672,-135.61,128.86
0.88682,-134.80,137.69
0.88692,-133.79,146.32
0.88702,-132.60,154.75
0.88712,-131.22,162.96
0.88722,-129.65,170.93
0.88732,-127.89,178.66
0.88742,-125.96,186.13
0.88752,-123.85,193.35
0.88762,-121.56,200.28
0.88772,-119.10,206.93
0.88782,-116.47,213.29
0.88792,-113.67,219.34
0.88802,-110.71,225.08
0.88812,-107.60,230.50
0.88822,-104.34,235.59
0.88832,-100.92,240.35
0.88842,-97.37,244.77
0.88852,-93.67,248.83
0.88862,-89.84,252.55
0.88872,-85.89,255.90
0.88882,-81.81,258.89
0.88892,-77.62,261.51
0.88902,-73.32,263.76
0.88912,-68.91,265.63
0.88922,-64.41,267.13
0.88932,-59.82,268.25
0.88942,-55.14,268.98
0.88952,-50.38,269.33
0.88962,-45.55,269.30
0.88972,-40.66,268.89
0.88982,-35.71,268.09
0.88992,-30.71,266.91
0.89002,-25.67,265.35
0.89012,-20.59,263.42
0.89022,-15.48,261.11
0.89032,-10.35,258.43
0.89042,-5.21,255.38
0.89052,-0.06,251.96
0.89062,5.09,248.19
0.89072,10.24,244.07
0.89082,15.36,239.60
0.89092,20.47,234.79
0.89102,25.55,229.64
0.89112,30.59,224.17
0.89122,35.58,218.37
0.89132,40.53,212.27
0.89142,45.41,205.87
0.89152,50.23,199.17
0.89162,54.98,192.19
0.89172,59.66,184.93
0.89182,64.24,177.41
0.89192,68.74,169.64
0.89202,73.13,161.63
0.89212,77.43,153.39
0.89222,81.61,144.93
0.89232,85.67,136.26
0.89242,89.62,127.40
0.89252,93.43,118.36
0.89262,97.11,109.15
0.89272,100.66,99.78
0.89282,104.06,90.27
0.89292,107.31,80.64
0.89302,110.41,70.88
0.89312,113.35,61.03
0.89322,116.13,51.09
0.89332,118.75,41.08
0.89342,121.19,31.00
0.89352,123.47,20.89
0.89362,125.56,10.74
0.89372,127.48,0.58
0.89382,129.22,-9.59
0.89392,130.77,-19.74
0.89402,132.14,-29.86
0.89412,133.32,-39.94
0.89422,134.30,-49.97
0.89432,135.10,-59.92
0.89442,135.71,-69.79
0.89452,136.12,-79.56
0.89462,136.34,-89.22
0.89472,136.36,-98.75
0.89482,136.19,-108.14
0.89492,135.83,-117.38
0.89502,135.27,-126.45
0.89512,134.52,-135.34
0.89522,133.58,-144.04
0.89532,132.44,-152.54
0.89542,131.12,-160.82
0.89552,129.62,-168.87
0.89562,127.92,-176.68
0.89572,126.05,-184.25
0.89582,123.99,-191.55
0.89592,121.76,-198.58
0.89602,119.36,-205.32
0.89612,116.79,-211.78
0.89622,114.05,-217.93
0.89632,111.14,-223.78
0.89642,108.08,-229.30
0.89652,104.87,-234.51
0.89662,101.50,-239.38
0.89672,97.99,-243.91
0.89682,94.34,-248.09
0.89692,90.56,-251.92
0.89702,86.65,-255.40
0.89712,82.61,-258.51
0.89722,78.46,-261.25
0.89732,74.19,-263.62
0.89742,69.82,-265.62
0.89752,65.35,-267.25
0.89762,60.79,-268.49
0.89772,56.14,-269.35
0.89782,51.40,-269.83
0.89792,46.60,-269.93
0.89802,41.73,-269.64
0.89812,36.80,-268.97
0.89822,31.81,-267.92
0.89832,26.78,-266.49
0.89842,21.72,-264.68
0.89852,16.62,-262.49
0.89862,11.49,-259.93
0.89872,6.35,-257.00
0.89882,1.21,-253.71
0.89892,-3.95,-250.06
0.89902,-9.09,-246.05
0.89912,-14.23,-241.70
0.89922,-19.34,-237.00
0.89932,-24.43,-231.96
0.89942,-29.48,-226.59
0.89952,-34.49,-220.91
0.89962,-39.45,-214.91
0.89972,-44.36,-208.60
0.89982,-49.20,-202.00
0.89992,-53.98,-195.11
0.90002,-58.68,-187.95
0.90012,-63.29,-180.52
0.90022,-67.82,-172.83
0.90032,-72.25,-164.90
0.90042,-76.57,-156.73
0.90052,-80.79,-148.34
0.90062,-84.90,-139.74
0.90072,-88.88,-130.94
0.90082,-92.74,-121.96
0.90092,-96.47,-112.80
0.90102,-100.06,-103.49
0.90112,-103.51,-94.02
0.90122,-106.81,-84.43
0.90132,-109.96,-74.71
0.90142,-112.95,-64.89
0.90152,-115.79,-54.98
0.90162,-118.46,-44.99
0.90172,-120.96,-34.93
0.90182,-123.29,-24.83
0.90192,-125.45,-14.69
0.90202,-127.43,-4.53
0.90212,-129.22,5.64
0.90222,-130.84,15.79
0.90232,-132.27,25.93
0.90242,-133.51,36.02
0.90252,-134.56,46.07
0.90262,-135.42,56.05
0.90272,-136.09,65.95
0.90282,-136.57,75.75
0.90292,-136.85,85.45
0.90302,-136.94,95.02
0.90312,-136.83,104.46
0.90322,-136.53,113.76
0.90332,-136.04,122.88
0.90342,-135.35,131.84
0.90352,-134.47,140.60
0.90362,-133.40,149.17
0.90372,-132.15,157.52
0.90382,-130.70,165.65
0.90392,-129.07,173.55
0.90402,-127.25,181.19
0.90412,-125.26,188.58
0.90422,-123.09,195.70
0.90432,-120.74,202.54
0.90442,-118.22,209.10
0.90452,-115.54,215.35
0.90462,-112.69,221.30
0.90472,-109.68,226.94
0.90482,-106.52,232.25
0.90492,-103.20,237.23
0.90502,-99.74,241.87
0.90512,-96.14,246.17
0.90522,-92.40,250.12
0.90532,-88.53,253.72
0.90542,-84.53,256.95
0.90552,-80.42,259.82
0.90562,-76.19,262.32
0.90572,-71.85,264.44
0.90582,-67.41,266.19
0.90592,-62.88,267.56
0.90602,-58.25,268.55
0.90612,-53.55,269.15
0.90622,-48.77,269.38
0.90632,-43.92,269.22
0.90642,-39.00,268.68
0.90652,-34.04,267.75
0.90662,-29.02,266.45
0.90672,-23.97,264.76
0.90682,-18.88,262.70
0.90692,-13.76,260.27
0.90702,-8.63,257.46
0.90712,-3.48,254.29
0.90722,1.67,250.76
0.90732,6.82,246.87
0.90742,11.96,242.63
0.90752,17.08,238.04
0.90762,22.18,233.12
0.90772,27.24,227.86
0.90782,32.27,222.28
0.90792,37.25,216.39
0.90802,42.18,210.18
0.90812,47.04,203.68
0.90822,51.84,196.89
0.90832,56.56,189.81
0.90842,61.21,182.47
0.90852,65.76,174.86
0.90862,70.23,167.01
0.90872,74.59,158.92
0.90882,78.85,150.61
0.90892,82.99,142.08
0.90902,87.01,133.34
0.90912,90.92,124.42
0.90922,94.69,115.32
0.90932,98.32,106.06
0.90942,101.82,96.64
0.90952,105.17,87.09
0.90962,108.37,77.41
0.90972,111.42,67.62
0.90982,114.31,57.74
0.90992,117.03,47.77
0.91002,119.59,37.74
0.91012,121.98,27.65
0.91022,124.20,17.52
0.91032,126.24,7.37
0.91042,128.09,-2.80
0.91052,129.77,-12.96
0.91062,131.26,-23.10
0.91072,132.56,-33.21
0.91082,133.68,-43.28
0.91092,134.61,-53.28
0.91102,135.34,-63.21
0.91112,135.88,-73.05
0.91122,136.23,-82.78
0.91132,136.38,-92.40
0.91142,136.34,-101.88
0.91152,136.10,-111.23
0.91162,135.67,-120.41
0.91172,135.05,-129.42
0.91182,134.24,-138.25
0.91192,133.23,-146.89
0.91202,132.04,-155.31
0.91212,130.65,-163.52
0.91222,129.08,-171.49
0.91232,127.33,-179.22
0.91242,125.40,-186.70
0.91252,123.28,-193.91
0.91262,121.00,-200.84
0.91272,118.53,-207.49
0.91282,115.90,-213.85
0.91292,113.11,-219.90
0.91302,110.15,-225.64
0.91312,107.04,-231.06
0.91322,103.78,-236.15
0.91332,100.36,-240.91
0.91342,96.81,-245.33
0.91352,93.11,-249.39
0.91362,89.28,-253.11
0.91372,85.33,-256.46
0.91382,81.25,-259.45
0.91392,77.06,-262.07
0.91402,72.76,-264.32
0.91412,68.36,-266.19
0.91422,63.85,-267.69
0.91432,59.26,-268.80
0.91442,54.58,-269.54
0.91452,49.82,-269.89
0.91462,45.00,-269.86
0.91472,40.10,-269.44
0.91482,35.15,-268.65
0.91492,30.16,-267.47
0.91502,25.11,-265.91
0.91512,20.03,-263.98
0.91522,14.93,-261.67
0.91532,9.80,-258.98
0.91542,4.65,-255.93
0.91552,-0.50,-252.52
0.91562,-5.65,-248.75
0.91572,-10.79,-244.63
0.91582,-15.92,-240.15
0.91592,-21.03,-235.34
0.91602,-26.10,-230.19
0.91612,-31.14,-224.72
0.91622,-36.14,-218.93
0.91632,-41.08,-212.83
0.91642,-45.97,-206.42
0.91652,-50.79,-199.72
0.91662,-55.54,-192.74
0.91672,-60.21,-185.49
0.91682,-64.80,-177.97
0.91692,-69.29,-170.20
0.91702,-73.69,-162.19
0.91712,-77.98,-153.94
0.91722,-82.16,-145.48
0.91732,-86.23,-136.82
0.91742,-90.17,-127.95
0.91752,-93.98,-118.91
0.91762,-97.67,-109.70
0.91772,-101.21,-100.33
0.91782,-104.61,-90.83
0.91792,-107.86,-81.19
0.91802,-110.96,-71.44
0.91812,-113.90,-61.58
0.91822,-116.68,-51.64
0.91832,-119.30,-41.63
0.91842,-121.74,-31.55
0.91852,-124.02,-21.44
0.91862,-126.11,-11.29
0.91872,-128.03,-1.13
0.91882,-129.77,9.04
0.91892,-131.32,19.19
0.91902,-132.69,29.31
0.91912,-133.87,39.39
0.91922,-134.86,49.42
0.91932,-135.65,59.37
0.91942,-136.26,69.24
0.91952,-136.67,79.01
0.91962,-136.89,88.67
0.91972,-136.91,98.20
0.91982,-136.74,107.59
0.91992,-136.38,116.83
0.92002,-135.82,125.90
0.92012,-135.07,134.79
0.92022,-134.12,143.50
0.92032,-132.99,151.99
0.92042,-131.67,160.27
0.92052,-130.16,168.32
0.92062,-128.47,176.14
0.92072,-126.60,183.70
0.92082,-124.54,191.00
0.92092,-122.31,198.03
0.92102,-119.91,204.77
0.92112,-117.33,211.23
0.92122,-114.59,217.38
0.92132,-111.69,223.23
0.92142,-108.63,228.76
0.92152,-105.41,233.96
0.92162,-102.05,238.83
0.92172,-98.54,243.36
0.92182,-94.89,247.54
0.92192,-91.11,251.37
0.92202,-87.20,254.85
0.92212,-83.16,257.96
0.92222,-79.01,260.70
0.92232,-74.74,263.08
0.92242,-70.37,265.08
0.92252,-65.90,266.70
0.92262,-61.33,267.94
0.92272,-56.68,268.80
0.92282,-51.95,269.28
0.92292,-47.14,269.38
0.92302,-42.27,269.09
0.92312,-37.34,268.42
0.92322,-32.36,267.37
0.92332,-27.33,265.94
0.92342,-22.26,264.13
0.92352,-17.16,261.95
0.92362,-12.04,259.39
0.92372,-6.90,256.46
0.92382,-1.75,253.17
0.92392,3.40,249.52
0.92402,8.55,245.51
0.92412,13.68,241.15
0.92422,18.80,236.45
0.92432,23.88,231.42
0.92442,28.94,226.05
0.92452,33.95,220.37
0.92462,38.91,214.36
0.92472,43.82,208.06
0.92482,48.66,201.46
0.92492,53.44,194.57
0.92502,58.13,187.41
0.92512,62.75,179.97
0.92522,67.28,172.29
0.92532,71.71,164.35
0.92542,76.03,156.19
0.92552,80.25,147.80
0.92562,84.36,139.20
0.92572,88.34,130.40
0.92582,92.20,121.42
0.92592,95.93,112.26
0.92602,99.52,102.95
0.92612,102.97,93.48
0.92622,106.27,83.89
0.92632,109.42,74.17
0.92642,112.41,64.35
0.92652,115.25,54.44
0.92662,117.92,44.45
0.92672,120.42,34.39
0.92682,122.75,24.29
0.92692,124.91,14.15
0.92702,126.89,3.99
0.92712,128.69,-6.17
0.92722,130.30,-16.33
0.92732,131.73,-26.46
0.92742,132.97,-36.56
0.92752,134.02,-46.61
0.92762,134.88,-56.59
0.92772,135.55,-66.48
0.92782,136.03,-76.29
0.92792,136.31,-85.99
0.92802,136.40,-95.56
0.92812,136.29,-105.00
0.92822,135.99,-114.29
0.92832,135.50,-123.42
0.92842,134.81,-132.37
0.92852,133.94,-141.14
0.92862,132.87,-149.71
0.92872,131.61,-158.06
0.92882,130.16,-166.19
0.92892,128.53,-174.08
0.92902,126.72,-181.73
0.92912,124.72,-189.12
0.92922,122.55,-196.24
0.92932,120.21,-203.08
0.92942,117.69,-209.63
0.92952,115.00,-215.89
0.92962,112.15,-221.84
0.92972,109.15,-227.47
0.92982,105.98,-232.78
0.92992,102.67,-237.77
0.93002,99.20,-242.41
0.93012,95.60,-246.71
0.93022,91.86,-250.66
0.93032,87.99,-254.25
0.93042,84.00,-257.48
0.93052,79.88,-260.35
0.93062,75.65,-262.85
0.93072,71.32,-264.97
0.93082,66.88,-266.72
0.93092,62.34,-268.09
0.93102,57.72,-269.08
0.93112,53.02,-269.69
0.93122,48.23,-269.91
0.93132,43.38,-269.75
0.93142,38.47,-269.21
0.93152,33.51,-268.28
0.93162,28.49,-266.98
0.93172,23.44,-265.30
0.93182,18.35,-263.23
0.93192,13.23,-260.80
0.93202,8.09,-258.00
0.93212,2.95,-254.82
0.93222,-2.20,-251.29
0.93232,-7.35,-247.40
0.93242,-12.49,-243.16
0.93252,-17.61,-238.57
0.93262,-22.71,-233.65
0.93272,-27.77,-228.39
0.93282,-32.80,-222.81
0.93292,-37.78,-216.92
0.93302,-42.70,-210.71
0.93312,-47.57,-204.21
0.93322,-52.37,-197.41
0.93332,-57.09,-190.34
0.93342,-61.74,-183.00
0.93352,-66.29,-175.39
0.93362,-70.76,-167.54
0.93372,-75.12,-159.45
0.93382,-79.37,-151.13
0.93392,-83.52,-142.60
0.93402,-87.54,-133.87
0.93412,-91.44,-124.95
0.93422,-95.21,-115.85
0.93432,-98.85,-106.58
0.93442,-102.35,-97.17
0.93452,-105.70,-87.61
0.93462,-108.90,-77.94
0.93472,-111.95,-68.15
0.93482,-114.84,-58.27
0.93492,-117.56,-48.30
0.93502,-120.12,-38.26
0.93512,-122.51,-28.17
0.93522,-124.72,-18.05
0.93532,-126.76,-7.89
0.93542,-128.62,2.27
0.93552,-130.30,12.43
0.93562,-131.79,22.58
0.93572,-133.09,32.69
0.93582,-134.21,42.75
0.93592,-135.13,52.75
0.93602,-135.86,62.68
0.93612,-136.40,72.52
0.93622,-136.75,82.25
0.93632,-136.90,91.87
0.93642,-136.86,101.36
0.93652,-136.63,110.70
0.93662,-136.20,119.88
0.93672,-135.58,128.90
0.93682,-134.76,137.73
0.93692,-133.76,146.36
0.93702,-132.56,154.79
0.93712,-131.18,162.99
0.93722,-129.61,170.97
0.93732,-127.85,178.70
0.93742,-125.92,186.17
0.93752,-123.81,193.38
0.93762,-121.52,200.32
0.93772,-119.06,206.97
0.93782,-116.43,213.33
0.93792,-113.63,219.38
0.93802,-110.68,225.12
0.93812,-107.56,230.54
0.93822,-104.30,235.63
0.93832,-100.88,240.39
0.93842,-97.33,244.80
0.93852,-93.63,248.87
0.93862,-89.81,252.58
0.93872,-85.85,255.94
0.93882,-81.78,258.93
0.93892,-77.58,261.55
0.93902,-73.28,263.80
0.93912,-68.88,265.67
0.93922,-64.37,267.17
0.93932,-59.78,268.28
0.93942,-55.10,269.02
0.93952,-50.34,269.37
0.93962,-45.52,269.34
0.93972,-40.62,268.93
0.93982,-35.67,268.13
0.93992,-30.67,266.95
0.94000,-26.77,265.74
0.94005,16.52,309.38
0.94012,73.88,363.88
0.94022,158.10,437.28
0.94032,237.60,497.33
0.94042,309.20,542.01
0.94052,370.25,569.80
0.94062,419.25,579.65
0.94072,455.42,570.91
0.94082,479.18,543.57
0.94092,491.68,498.39
0.94102,495.09,437.03
0.94112,492.12,361.93
0.94122,486.06,276.01
0.94132,480.38,182.39
0.94142,478.64,84.07
0.94152,484.26,-16.18
0.94162,500.35,-115.90
0.94172,529.63,-212.83
0.94182,574.12,-305.10
0.94192,635.15,-391.21
0.94202,713.06,-470.37
0.94212,807.42,-542.45
0.94222,916.83,-608.13
0.94232,1039.38,-668.62
0.94242,1172.42,-725.68
0.94252,1313.15,-781.21
0.94262,1458.24,-837.32
0.94272,1604.52,-896.08
0.94282,1748.57,-959.64
0.94292,1887.45,-1029.95
0.94302,2018.38,-1108.82
0.94312,2139.46,-1197.53
0.94322,2249.18,-1296.92
0.94332,2347.06,-1407.15
0.94342,2433.01,-1527.85
0.94352,2507.89,-1658.09
0.94362,2572.83,-1796.57
0.94372,2629.74,-1941.58
0.94382,2680.68,-2091.18
0.94392,2728.25,-2243.13
0.94402,2774.92,-2395.14
0.94412,2823.36,-2544.85
0.94422,2875.76,-2690.10
0.94432,2934.13,-2829.00
0.94442,2999.84,-2960.08
0.94452,3073.86,-3082.28
0.94462,3156.45,-3195.02
0.94472,3247.45,-3298.12
0.94482,3345.98,-3391.84
0.94492,3450.75,-3476.86
0.94502,3559.89,-3554.22
0.94512,3671.24,-3625.30
0.94522,3782.36,-3691.67
0.94532,3890.76,-3755.01
0.94542,3994.02,-3816.93
0.94552,4089.87,-3878.94
0.94562,4176.39,-3942.27
0.94572,4251.96,-4007.95
0.94582,4315.49,-4076.61
0.94592,4366.30,-4148.60
0.94602,4404.31,-4223.83
0.94612,4429.89,-4301.84
0.94622,4444.00,-4381.75
0.94632,4447.88,-4462.42
0.94642,4443.21,-4542.39
0.94652,4431.74,-4620.14
0.94662,4415.46,-4694.00
0.94672,4396.18,-4762.40
0.94682,4375.78,-4823.79
0.94692,4355.76,-4876.84
0.94702,4337.47,-4920.39
0.94712,4321.74,-4953.64
0.94722,4309.12,-4976.03
0.94732,4299.59,-4987.47
0.94742,4292.83,-4988.12
0.94752,4288.01,-4978.55
0.94762,4284.08,-4959.52
0.94772,4279.63,-4932.06
0.94782,4273.17,-4897.31
0.94792,4263.01,-4856.57
0.94802,4247.57,-4811.08
0.94812,4225.25,-4762.11
0.94822,4194.77,-4710.76
0.94832,4155.00,-4657.97
0.94842,4105.22,-4604.43
0.94852,4045.01,-4550.55
0.94862,3974.37,-4496.50
0.94872,3893.61,-4442.15
0.94882,3803.45,-4387.14
0.94892,3704.84,-4330.89
0.94902,3599.03,-4272.63
0.94912,3487.41,-4211.45
0.94922,3371.50,-4146.37
0.94932,3252.80,-4076.42
0.94942,3132.77,-4000.65
0.94952,3012.68,-3918.28
0.94962,2893.64,-3828.64
0.94972,2776.47,-3731.31
0.94982,2661.73,-3626.08
0.94992,2549.67,-3512.96
0.95002,2440.22,-3392.21
0.95012,2333.05,-3264.34
0.95022,2227.54,-3130.05
0.95032,2122.92,-2990.20
0.95042,2018.21,-2845.81
0.95052,1912.43,-2697.92
0.95062,1804.52,-2547.64
0.95072,1693.54,-2395.99
0.95082,1578.64,-2243.94
0.95092,1459.17,-2092.33
0.95102,1334.65,-1941.84
0.95112,1204.91,-1792.96
0.95122,1069.99,-1646.00
0.95132,930.25,-1501.03
0.95142,786.25,-1357.97
0.95152,638.82,-1216.54
0.95162,488.91,-1076.34
0.95172,337.65,-936.85
0.95182,186.20,-797.53
0.95192,35.78,-657.78
0.95202,-112.48,-517.06
0.95212,-257.52,-374.89
0.95222,-398.44,-230.89
0.95232,-534.51,-84.84
0.95242,-665.22,63.36
0.95252,-790.30,213.59
0.95262,-909.69,365.58
0.95272,-1023.55,518.90
0.95282,-1132.24,672.96
0.95292,-1236.29,827.05
0.95302,-1336.30,980.40
0.95312,-1433.01,1132.14
0.95322,-1527.13,1281.42
0.95332,-1619.36,1427.38
0.95342,-1710.33,1569.26
0.95352,-1800.56,1706.36
0.95362,-1890.39,1838.13
0.95372,-1980.02,1964.12
0.95382,-2069.44,2084.08
0.95392,-2158.49,2197.88
0.95402,-2246.78,2305.53
0.95412,-2333.80,2407.21
0.95422,-2418.88,2503.19
0.95432,-2501.28,2593.84
0.95442,-2580.16,2679.57
0.95452,-2654.71,2760.85
0.95462,-2724.12,2838.11
0.95472,-2787.66,2911.75
0.95482,-2844.69,2982.13
0.95492,-2894.72,3049.48
0.95502,-2937.40,3113.96
0.95512,-2972.56,3175.59
0.95522,-3000.17,3234.29
0.95532,-3020.42,3289.84
0.95542,-3033.60,3341.94
0.95552,-3040.14,3390.19
0.95562,-3040.58,3434.11
0.95572,-3035.52,3473.21
0.95582,-3025.59,3506.97
0.95592,-3011.41,3534.87
0.95602,-2993.55,3556.46
0.95612,-2972.52,3571.34
0.95622,-2948.75,3579.19
0.95632,-2922.52,3579.80
0.95642,-2894.00,3573.06
0.95652,-2863.22,3559.00
0.95662,-2830.10,3537.73
0.95672,-2794.41,3509.49
0.95682,-2755.87,3474.59
0.95692,-2714.08,3433.42
0.95702,-2668.62,3386.41
0.95712,-2619.04,3334.05
0.95722,-2564.92,3276.79
0.95732,-2505.86,3215.10
0.95742,-2441.56,3149.39
0.95752,-2371.77,3080.01
0.95762,-2296.39,3007.25
0.95772,-2215.42,2931.32
0.95782,-2128.97,2852.34
0.95792,-2037.28,2770.36
0.95802,-1940.71,2685.33
0.95812,-1839.70,2597.17
0.95822,-1734.76,2505.73
0.95832,-1626.47,2410.83
0.95842,-1515.42,2312.27
0.95852,-1402.20,2209.87
0.95862,-1287.39,2103.47
0.95872,-1171.48,1992.95
0.95882,-1054.95,1878.25
0.95892,-938.16,1759.39
0.95902,-821.37,1636.44
0.95912,-704.76,1509.58
0.95922,-588.43,1379.06
0.95932,-472.36,1245.18
0.95942,-356.46,1108.33
0.95952,-240.61,968.95
0.95962,-124.61,827.50
0.95972,-8.26,684.48
0.95982,108.63,540.37
0.95992,226.24,395.66
0.96002,344.70,250.78
0.96012,464.08,106.14
0.96022,584.39,-37.90
0.96032,705.54,-181.06
0.96042,827.38,-323.12
0.96052,949.65,-463.92
0.96062,1072.04,-603.36
0.96072,1194.16,-741.39
0.96082,1315.57,-878.02
0.96092,1435.80,-1013.26
0.96102,1554.35,-1147.18
0.96112,1670.74,-1279.81
0.96122,1784.50,-1411.21
0.96132,1895.19,-1541.38
0.96142,2002.46,-1670.31
0.96152,2105.97,-1797.95
0.96162,2205.49,-1924.17
0.96172,2300.86,-2048.82
0.96182,2391.98,-2171.69
0.96192,2478.84,-2292.51
0.96202,2561.49,-2410.98
0.96212,2640.01,-2526.77
0.96222,2714.56,-2639.51
0.96232,2785.28,-2748.84
0.96242,2852.35,-2854.39
0.96252,2915.91,-2955.80
0.96262,2976.13,-3052.75
0.96272,3033.08,-3144.95
0.96282,3086.84,-3232.14
0.96292,3137.40,-3314.13
0.96302,3184.72,-3390.78
0.96312,3228.70,-3461.99
0.96322,3269.18,-3527.72
0.96332,3305.95,-3587.99
0.96342,3338.80,-3642.84
0.96352,3367.45,-3692.35
0.96362,3391.64,-3736.62
0.96372,3411.10,-3775.76
0.96382,3425.58,-3809.89
0.96392,3434.87,-3839.11
0.96402,3438.78,-3863.50
0.96412,3437.17,-3883.14
0.96422,3429.97,-3898.05
0.96432,3417.16,-3908.24
0.96442,3398.77,-3913.69
0.96452,3374.91,-3914.32
0.96462,3345.71,-3910.07
0.96472,3311.36,-3900.81
0.96482,3272.08,-3886.43
0.96492,3228.12,-3866.81
0.96502,3179.73,-3841.81
0.96512,3127.17,-3811.34
0.96522,3070.67,-3775.29
0.96532,3010.46,-3733.60
0.96542,2946.72,-3686.25
0.96552,2879.63,-3633.25
0.96562,2809.30,-3574.63
0.96572,2735.82,-3510.49
0.96582,2659.23,-3440.95
0.96592,2579.55,-3366.19
0.96602,2496.76,-3286.39
0.96612,2410.85,-3201.78
0.96622,2321.76,-3112.59
0.96632,2229.47,-3019.09
0.96642,2133.93,-2921.51
0.96652,2035.15,-2820.12
0.96662,1933.14,-2715.15
0.96672,1827.94,-2606.83
0.96682,1719.64,-2495.35
0.96692,1608.37,-2380.90
0.96702,1494.29,-2263.64
0.96712,1377.61,-2143.70
0.96722,1258.56,-2021.19
0.96732,1137.42,-1896.21
0.96742,1014.49,-1768.84
0.96752,890.06,-1639.16
0.96762,764.45,-1507.25
0.96772,637.98,-1373.19
0.96782,510.95,-1237.07
0.96792,383.65,-1099.00
0.96802,256.33,-959.10
0.96812,129.24,-817.54
0.96822,2.57,-674.48
0.96832,-123.49,-530.14
0.96842,-248.81,-384.73
0.96852,-373.26,-238.52
0.96862,-496.77,-91.77
0.96872,-619.26,55.23
0.96882,-740.66,202.18
0.96892,-860.94,348.80
0.96902,-980.02,494.77
0.96912,-1097.86,639.82
0.96922,-1214.39,783.65
0.96932,-1329.50,926.02
0.96942,-1443.08,1066.67
0.96952,-1555.01,1205.39
0.96962,-1665.13,1341.98
0.96972,-1773.24,1476.27
0.96982,-1879.14,1608.10
0.96992,-1982.63,1737.34
0.97002,-2083.45,1863.87
0.97012,-2181.38,1987.59
0.97022,-2276.18,2108.40
0.97032,-2367.61,2226.21
0.97042,-2455.44,2340.92
0.97052,-2539.48,2452.44
0.97062,-2619.54,2560.66
0.97072,-2695.46,2665.46
0.97082,-2767.11,2766.72
0.97092,-2834.39,2864.30
0.97102,-2897.22,2958.04
0.97112,-2955.55,3047.78
0.97122,-3009.36,3133.36
0.97132,-3058.65,3214.59
0.97142,-3103.43,3291.31
0.97152,-3143.71,3363.33
0.97162,-3179.54,3430.50
0.97172,-3210.94,3492.64
0.97182,-3237.93,3549.63
0.97192,-3260.53,3601.33
0.97202,-3278.77,3647.63
0.97212,-3292.62,3688.46
0.97222,-3302.08,3723.75
0.97232,-3307.12,3753.46
0.97242,-3307.70,3777.57
0.97252,-3303.78,3796.09
0.97262,-3295.30,3809.03
0.97272,-3282.20,3816.42
0.97282,-3264.44,3818.32
0.97292,-3241.96,3814.77
0.97302,-3214.73,3805.84
0.97312,-3182.73,3791.58
0.97322,-3145.96,3772.06
0.97332,-3104.43,3747.33
0.97342,-3058.18,3717.44
0.97352,-3007.28,3682.45
0.97362,-2951.80,3642.40
0.97372,-2891.85,3597.32
0.97382,-2827.55,3547.26
0.97392,-2759.05,3492.25
0.97402,-2686.50,3432.32
0.97412,-2610.06,3367.51
0.97422,-2529.91,3297.87
0.97432,-2446.22,3223.46
0.97442,-2359.16,3144.33
0.97452,-2268.89,3060.57
0.97462,-2175.58,2972.27
0.97472,-2079.37,2879.54
0.97482,-1980.42,2782.52
0.97492,-1878.85,2681.33
0.97502,-1774.79,2576.14
0.97512,-1668.35,2467.13
0.97522,-1559.65,2354.48
0.97532,-1448.80,2238.39
0.97542,-1335.89,2119.05
0.97552,-1221.04,1996.69
0.97562,-1104.36,1871.51
0.97572,-985.97,1743.73
0.97582,-866.02,1613.56
0.97592,-744.62,1481.20
0.97602,-621.96,1346.87
0.97612,-498.18,1210.75
0.97622,-373.48,1073.03
0.97632,-248.05,933.90
0.97642,-122.09,793.55
0.97652,4.18,652.13
0.97662,130.55,509.83
0.97672,256.78,366.81
0.97682,382.66,223.24
0.97692,507.96,79.29
0.97702,632.47,-64.86
0.97712,755.98,-209.03
0.97722,878.28,-353.04
0.97732,999.19,-496.69
0.97742,1118.52,-639.79
0.97752,1236.12,-782.13
0.97762,1351.83,-923.50
0.97772,1465.50,-1063.68
0.97782,1577.00,-1202.45
0.97792,1686.21,-1339.58
0.97802,1793.00,-1474.86
0.97812,1897.27,-1608.07
0.97822,1998.91,-1738.97
0.97832,2097.79,-1867.37
0.97842,2193.81,-1993.05
0.97852,2286.86,-2115.82
0.97862,2376.81,-2235.50
0.97872,2463.55,-2351.90
0.97882,2546.95,-2464.87
0.97892,2626.87,-2574.24
0.97902,2703.19,-2679.88
0.97912,2775.78,-2781.66
0.97922,2844.50,-2879.44
0.97932,2909.23,-2973.12
0.97942,2969.84,-3062.59
0.97952,3026.21,-3147.74
0.97962,3078.23,-3228.48
0.97972,3125.81,-3304.70
0.97982,3168.86,-3376.32
0.97992,3207.30,-3443.25
0.98002,3241.07,-3505.40
0.98012,3270.13,-3562.67
0.98022,3294.43,-3614.97
0.98032,3313.97,-3662.24
0.98042,3328.73,-3704.38
0.98052,3338.71,-3741.31
0.98062,3343.93,-3772.96
0.98072,3344.41,-3799.28
0.98082,3340.17,-3820.19
0.98092,3331.24,-3835.65
0.98102,3317.65,-3845.62
0.98112,3299.45,-3850.07
0.98122,3276.67,-3848.98
0.98132,3249.34,-3842.36
0.98142,3217.51,-3830.21
0.98152,3181.22,-3812.56
0.98162,3140.50,-3789.43
0.98172,3095.40,-3760.87
0.98182,3045.96,-3726.93
0.98192,2992.23,-3687.68
0.98202,2934.27,-3643.20
0.98212,2872.13,-3593.56
0.98222,2805.87,-3538.85
0.98232,2735.58,-3479.17
0.98242,2661.34,-3414.60
0.98252,2583.25,-3345.26
0.98262,2501.41,-3271.23
0.98272,2415.93,-3192.63
0.98282,2326.95,-3109.57
0.98292,2234.59,-3022.16
0.98302,2139.00,-2930.51
0.98312,2040.34,-2834.74
0.98322,1938.76,-2734.97
0.98332,1834.43,-2631.33
0.98342,1727.51,-2523.95
0.98352,1618.18,-2412.97
0.98362,1506.60,-2298.53
0.98372,1392.94,-2180.79
0.98382,1277.39,-2059.91
0.98392,1160.10,-1936.05
0.98402,1041.24,-1809.39
0.98412,920.98,-1680.11
0.98422,799.48,-1548.41
0.98432,676.90,-1414.46
0.98442,553.41,-1278.49
0.98452,429.16,-1140.68
0.98462,304.31,-1001.25
0.98472,179.03,-860.42
0.98482,53.48,-718.38
0.98492,-72.19,-575.36
0.98502,-197.79,-431.57
0.98512,-323.17,-287.22
0.98522,-448.14,-142.51
0.98532,-572.54,2.35
0.98542,-696.17,147.15
0.98552,-818.87,291.69
0.98562,-940.45,435.77
0.98572,-1060.72,579.20
0.98582,-1179.49,721.78
0.98592,-1296.60,863.33
0.98602,-1411.85,1003.64
0.98612,-1525.07,1142.54
0.98622,-1636.08,1279.84
0.98632,-1744.72,1415.34
0.98642,-1850.83,1548.86
0.98652,-1954.26,1680.21
0.98662,-2054.84,1809.22
0.98672,-2152.45,1935.69
0.98682,-2246.95,2059.44
0.98692,-2338.21,2180.29
0.98702,-2426.11,2298.06
0.98712,-2510.54,2412.58
0.98722,-2591.39,2523.68
0.98732,-2668.56,2631.17
0.98742,-2741.94,2734.92
0.98752,-2811.46,2834.75
0.98762,-2877.00,2930.53
0.98772,-2938.50,3022.11
0.98782,-2995.86,3109.35
0.98792,-3049.01,3192.13
0.98802,-3097.87,3270.34
0.98812,-3142.36,3343.87
0.98822,-3182.41,3412.61
0.98832,-3217.97,3476.47
0.98842,-3248.97,3535.38
0.98852,-3275.36,3589.25
0.98862,-3297.09,3638.01
0.98872,-3314.12,3681.62
0.98882,-3326.41,3720.00
0.98892,-3333.95,3753.11
0.98902,-3336.71,3780.91
0.98912,-3334.69,3803.36
0.98922,-3327.89,3820.43
0.98932,-3316.32,3832.11
0.98942,-3299.99,3838.35
0.98952,-3278.95,3839.17
0.98962,-3253.22,3834.54
0.98972,-3222.84,3824.48
0.98982,-3187.88,3808.98
0.98992,-3148.38,3788.07
0.99002,-3104.42,3761.77
0.99012,-3056.06,3730.10
0.99022,-3003.38,3693.12
0.99032,-2946.45,3650.86
0.99042,-2885.37,3603.38
0.99052,-2820.22,3550.76
0.99062,-2751.09,3493.06
0.99072,-2678.07,3430.38
0.99082,-2601.28,3362.79
0.99092,-2520.81,3290.41
0.99102,-2436.77,3213.33
0.99112,-2349.27,3131.68
0.99122,-2258.43,3045.58
0.99132,-2164.37,2955.15
0.99142,-2067.22,2860.53
0.99152,-1967.11,2761.86
0.99162,-1864.18,2659.27
0.99172,-1758.57,2552.93
0.99182,-1650.44,2442.97
0.99192,-1539.93,2329.56
0.99202,-1427.20,2212.86
0.99212,-1312.42,2093.03
0.99222,-1195.75,1970.24
0.99232,-1077.38,1844.66
0.99242,-957.46,1716.46
0.99252,-836.18,1585.81
0.99262,-713.71,1452.91
0.99272,-590.24,1317.93
0.99282,-465.95,1181.07
0.99292,-341.01,1042.51
0.99302,-215.61,902.45
0.99312,-89.92,761.08
0.99322,35.87,618.62
0.99332,161.59,475.25
0.99342,287.06,331.20
0.99352,412.11,186.65
0.99362,536.56,41.84
0.99372,660.25,-103.05
0.99382,782.99,-247.79
0.99392,904.64,-392.18
0.99402,1025.00,-536.01
0.99412,1143.92,-679.07
0.99422,1261.24,-821.15
0.99432,1376.78,-962.05
0.99442,1490.39,-1101.57
0.99452,1601.91,-1239.52
0.99462,1711.16,-1375.68
0.99472,1818.00,-1509.89
0.99482,1922.28,-1641.93
0.99492,2023.83,-1771.64
0.99502,2122.52,-1898.83
0.99512,2218.19,-2023.31
0.99522,2310.70,-2144.93
0.99532,2399.93,-2263.51
0.99542,2485.74,-2378.87
0.99552,2568.00,-2490.87
0.99562,2646.60,-2599.35
0.99572,2721.42,-2704.14
0.99582,2792.35,-2805.11
0.99592,2859.31,-2902.11
0.99602,2922.18,-2994.99
0.99612,2980.89,-3083.63
0.99622,3035.36,-3167.89
0.99632,3085.51,-3247.67
0.99642,3131.27,-3322.82
0.99652,3172.59,-3393.26
0.99662,3209.41,-3458.87
0.99672,3241.67,-3519.56
0.99682,3269.34,-3575.25
0.99692,3292.38,-3625.84
0.99702,3310.75,-3671.27
0.99712,3324.43,-3711.48
0.99722,3333.41,-3746.40
0.99732,3337.66,-3775.99
0.99742,3337.18,-3800.20
0.99752,3331.96,-3819.01
0.99762,3322.02,-3832.39
0.99772,3307.36,-3840.33
0.99782,3288.00,-3842.80
0.99792,3263.96,-3839.83
0.99802,3235.27,-3831.40
0.99812,3201.98,-3817.53
0.99822,3164.13,-3798.25
0.99832,3121.77,-3773.58
0.99842,3074.97,-3743.57
0.99852,3023.78,-3708.24
0.99862,2968.28,-3667.65
0.99872,2908.56,-3621.86
0.99882,2844.70,-3570.92
0.99892,2776.79,-3514.92
0.99902,2704.93,-3453.93
0.99912,2629.23,-3388.03
0.99922,2549.80,-3317.31
0.99932,2466.75,-3241.88
0.99942,2380.21,-3161.83
0.99952,2290.29,-3077.28
0.99962,2197.13,-2988.36
0.99972,2100.86,-2895.18
0.99982,2001.61,-2797.88
0.99992,1899.52,-2696.60
1.00002,1794.75,-2591.48
1.00012,1687.43,-2482.67
1.00022,1577.72,-2370.33
1.00032,1465.77,-2254.63
1.00042,1351.73,-2135.72
1.00052,1235.77,-2013.78
1.00062,1118.06,-1888.98
1.00072,998.74,-1761.51
1.00082,878.00,-1631.53
1.00092,756.00,-1499.25
1.00102,632.92,-1364.84
1.00112,508.93,-1228.51
1.00122,384.22,-1090.43
1.00132,258.94,-950.81
1.00142,133.30,-809.84
1.00152,7.46,-667.73
1.00162,-118.39,-524.67
1.00172,-244.07,-380.87
1.00182,-369.40,-236.52
1.00192,-494.20,-91.83
1.00202,-618.30,52.98
1.00212,-741.51,197.73
1.00222,-863.66,342.20
1.00232,-984.57,486.19
1.00242,-1104.08,629.50
1.00252,-1222.01,771.91
1.00262,-1338.20,913.23
1.00272,-1452.48,1053.26
1.00282,-1564.69,1191.79
1.00292,-1674.68,1328.63
1.00302,-1782.29,1463.58
1.00312,-1887.37,1596.45
1.00322,-1989.77,1727.04
1.00332,-2089.34,1855.18
1.00342,-2185.96,1980.68
1.00352,-2279.47,2103.35
1.00362,-2369.75,2223.04
1.00372,-2456.66,2339.55
1.00382,-2540.10,2452.74
1.00392,-2619.93,2562.44
1.00402,-2696.03,2668.49
1.00412,-2768.32,2770.75
1.00422,-2836.66,2869.06
1.00432,-2900.98,2963.30
1.00442,-2961.18,3053.33
1.00452,-3017.16,3139.02
1.00462,-3068.85,3220.26
1.00472,-3116.18,3296.91
1.00482,-3159.07,3368.89
1.00492,-3197.47,3436.08
1.00502,-3231.32,3498.40
1.00512,-3260.57,3555.74
1.00522,-3285.19,3608.04
1.00532,-3305.13,3655.21
1.00542,-3320.37,3697.19
1.00552,-3330.90,3733.91
1.00562,-3336.69,3765.33
1.00572,-3337.73,3791.40
1.00582,-3334.04,3812.08
1.00592,-3325.62,3827.33
1.00602,-3312.47,3837.15
1.00612,-3294.62,3841.50
1.00622,-3272.09,3840.40
1.00632,-3244.91,3833.83
1.00642,-3213.13,3821.81
1.00652,-3176.79,3804.36
1.00662,-3135.94,3781.50
1.00672,-3090.63,3753.26
1.00682,-3040.93,3719.68
1.00692,-2986.91,3680.82
1.00702,-2928.65,3636.73
1.00712,-2866.22,3587.47
1.00722,-2799.71,3533.12
1.00732,-2729.23,3473.74
1.00742,-2654.86,3409.43
1.00752,-2576.72,3340.28
1.00762,-2494.91,3266.38
1.00772,-2409.55,3187.85
1.00782,-2320.77,3104.79
1.00792,-2228.68,3017.31
1.00802,-2133.43,2925.55
1.00812,-2035.14,2829.64
1.00822,-1933.96,2729.70
1.00832,-1830.04,2625.88
1.00842,-1723.51,2518.33
1.00852,-1614.54,2407.20
1.00862,-1503.27,2292.64
1.00872,-1389.87,2174.83
1.00882,-1274.50,2053.92
1.00892,-1157.33,1930.09
1.00902,-1038.51,1803.51
1.00912,-918.22,1674.37
1.00922,-796.62,1542.84
1.00932,-673.90,1409.12
1.00942,-550.22,1273.40
1.00952,-425.76,1135.87
1.00962,-300.69,996.72
1.00972,-175.20,856.16
1.00982,-49.45,714.38
1.00992,76.37,571.58
1.01002,202.08,427.98
1.01012,327.50,283.77
1.01022,452.47,139.16
1.01032,576.79,-5.65
1.01042,700.30,-150.45
1.01052,822.81,-295.03
1.01062,944.16,-439.20
1.01072,1064.16,-582.73
1.01082,1182.65,-725.45
1.01092,1299.46,-867.13
1.01102,1414.43,-1007.58
1.01112,1527.38,-1146.59
1.01122,1638.16,-1283.99
1.01132,1746.61,-1419.55
1.01142,1852.57,-1553.11
1.01152,1955.90,-1684.46
1.01162,2056.45,-1813.42
1.01172,2154.07,-1939.80
1.01182,2248.63,-2063.43
1.01192,2340.00,-2184.12
1.01202,2428.03,-2301.72
1.01212,2512.62,-2416.04
1.01222,2593.63,-2526.94
1.01232,2670.96,-2634.24
1.01242,2744.50,-2737.79
1.01252,2814.13,-2837.46
1.01262,2879.77,-2933.09
1.01272,2941.32,-3024.56
1.01282,2998.69,-3111.72
1.01292,3051.80,-3194.46
1.01302,3100.57,-3272.66
1.01312,3144.95,-3346.21
1.01322,3184.85,-3415.01
1.01332,3220.22,-3478.95
1.01342,3251.03,-3537.94
1.01352,3277.21,-3591.91
1.01362,3298.73,-3640.78
1.01372,3315.56,-3684.47
1.01382,3327.69,-3722.93
1.01392,3335.08,-3756.10
1.01402,3337.73,-3783.93
1.01412,3335.63,-3806.39
1.01422,3328.79,-3823.44
1.01432,3317.22,-3835.06
1.01442,3300.94,-3841.23
1.01452,3279.96,-3841.95
1.01462,3254.32,-3837.20
1.01472,3224.06,-3827.00
1.01482,3189.21,-3811.37
1.01492,3149.83,-3790.32
1.01502,3105.98,-3763.88
1.01512,3057.71,-3732.09
1.01522,3005.10,-3695.00
1.01532,2948.22,-3652.66
1.01542,2887.15,-3605.13
1.01552,2821.98,-3552.47
1.01562,2752.80,-3494.76
1.01572,2679.71,-3432.09
1.01582,2602.81,-3364.54
1.01592,2522.22,-3292.21
1.01602,2438.04,-3215.19
1.01612,2350.39,-3133.62
1.01622,2259.41,-3047.58
1.01632,2165.21,-2957.22
1.01642,2067.93,-2862.66
1.01652,1967.72,-2764.03
1.01662,1864.71,-2661.47
1.01672,1759.04,-2555.14
1.01682,1650.88,-2445.17
1.01692,1540.36,-2331.73
1.01702,1427.66,-2214.98
1.01712,1312.93,-2095.08
1.01722,1196.33,-1972.20
1.01732,1078.03,-1846.52
1.01742,958.20,-1718.22
1.01752,837.00,-1587.48
1.01762,714.62,-1454.48
1.01772,591.22,-1319.42
1.01782,466.98,-1182.48
1.01792,342.08,-1043.85
1.01802,216.70,-903.75
1.01812,91.00,-762.36
1.01822,-34.82,-619.88
1.01832,-160.59,-476.53
1.01842,-286.13,-332.50
1.01852,-411.27,-187.99
1.01862,-535.82,-43.22
1.01872,-659.61,101.61
1.01882,-782.47,246.30
1.01892,-904.21,390.64
1.01902,-1024.67,534.42
1.01912,-1143.67,677.44
1.01922,-1261.05,819.50
1.01932,-1376.64,960.39
1.01942,-1490.27,1099.92
1.01952,-1601.79,1237.88
1.01962,-1711.03,1374.09
1.01972,-1817.84,1508.33
1.01982,-1922.07,1640.44
1.01992,-2023.56,1770.21
1.02002,-2122.19,1897.47
1.02012,-2217.79,2022.03
1.02022,-2310.25,2143.72
1.02032,-2399.42,2262.36
1.02042,-2485.18,2377.78
1.02052,-2567.41,2489.83
1.02062,-2645.99,2598.34
1.02072,-2720.81,2703.16
1.02082,-2791.77,2804.13
1.02092,-2858.75,2901.12
1.02102,-2921.67,2993.99
1.02112,-2980.44,3082.60
1.02122,-3034.98,3166.84
1.02132,-3085.20,3246.57
1.02142,-3131.04,3321.69
1.02152,-3172.43,3392.09
1.02162,-3209.32,3457.66
1.02172,-3241.64,3518.33
1.02182,-3269.36,3573.99
1.02192,-3292.43,3624.57
1.02202,-3310.82,3670.00
1.02212,-3324.51,3710.22
1.02222,-3333.48,3745.16
1.02232,-3337.71,3774.78
1.02242,-3337.20,3799.03
1.02252,-3331.95,3817.89
1.02262,-3321.96,3831.32
1.02272,-3307.25,3839.30
1.02282,-3287.84,3841.83
1.02292,-3263.76,3838.90
1.02302,-3235.04,3830.51
1.02312,-3201.73,3816.68
1.02322,-3163.86,3797.43
1.02332,-3121.50,3772.78
1.02342,-3074.70,3742.77
1.02352,-3023.53,3707.44
1.02362,-2968.07,3666.84
1.02372,-2908.39,3621.03
1.02382,-2844.57,3570.08
1.02392,-2776.71,3514.05
1.02402,-2704.91,3453.03
1.02412,-2629.26,3387.10
1.02422,-2549.88,3316.35
1.02432,-2466.88,3240.90
1.02442,-2380.37,3160.83
1.02452,-2290.48,3076.28
1.02462,-2197.33,2987.35
1.02472,-2101.06,2894.18
1.02482,-2001.81,2796.89
1.02492,-1899.71,2695.63
1.02502,-1794.92,2590.54
1.02512,-1687.57,2481.76
1.02522,-1577.83,2369.46
1.02532,-1465.84,2253.79
1.02542,-1351.77,2134.92
1.02552,-1235.79,2013.01
1.02562,-1118.04,1888.24
1.02572,-998.71,1760.79
1.02582,-877.95,1630.84
1.02592,-755.95,1498.57
1.02602,-632.88,1364.17
1.02612,-508.90,1227.83
1.02622,-384.20,1089.75
1.02632,-258.96,950.12
1.02642,-133.35,809.14
1.02652,-7.54,667.00
1.02662,118.27,523.92
1.02672,243.91,380.10
1.02682,369.21,235.73
1.02692,493.98,91.03
1.02702,618.05,-53.80
1.02712,741.24,-198.56
1.02722,863.37,-343.03
1.02732,984.28,-487.02
1.02742,1103.79,-630.31
1.02752,1221.73,-772.71
1.02762,1337.93,-914.02
1.02772,1452.23,-1054.02
1.02782,1564.47,-1192.53
1.02792,1674.48,-1329.34
1.02802,1782.12,-1464.26
1.02812,1887.22,-1597.11
1.02822,1989.64,-1727.68
1.02832,2089.23,-1855.80
1.02842,2185.85,-1981.28
1.02852,2279.37,-2103.95
1.02862,2369.65,-2223.62
1.02872,2456.56,-2340.14
1.02882,2539.98,-2453.33
1.02892,2619.79,-2563.04
1.02902,2695.87,-2669.10
1.02912,2768.13,-2771.37
1.02922,2836.45,-2869.70
1.02932,2900.74,-2963.96
1.02942,2960.91,-3054.00
1.02952,3016.87,-3139.71
1.02962,3068.54,-3220.95
1.02972,3115.85,-3297.61
1.02982,3158.73,-3369.59
1.02992,3197.13,-3436.79
1.03002,3230.98,-3499.10
1.03012,3260.23,-3556.43
1.03022,3284.86,-3608.72
1.03032,3304.82,-3655.87
1.03042,3320.07,-3697.83
1.03052,3330.62,-3734.54
1.03062,3336.42,-3765.94
1.03072,3337.49,-3791.99
1.03082,3333.81,-3812.65
1.03092,3325.40,-3827.89
1.03102,3312.26,-3837.69
1.03112,3294.41,-3842.04
1.03122,3271.88,-3840.93
1.03132,3244.71,-3834.37
1.03142,3212.92,-3822.35
1.03152,3176.56,-3804.90
1.03162,3135.69,-3782.05
1.03172,3090.37,-3753.82
1.03182,3040.65,-3720.25
1.03192,2986.61,-3681.40
1.03202,2928.33,-3637.32
1.03212,2865.88,-3588.07
1.03222,2799.36,-3533.72
1.03232,2728.87,-3474.35
1.03242,2654.49,-3410.05
1.03252,2576.35,-3340.90
1.03262,2494.54,-3267.00
1.03272,2409.18,-3188.46
1.03282,2320.40,-3105.39
1.03292,2228.33,-3017.90
1.03302,2133.09,-2926.13
1.03312,2034.81,-2830.20
1.03322,1933.64,-2730.25
1.03332,1829.73,-2626.42
1.03342,1723.22,-2518.86
1.03352,1614.25,-2407.71
1.03362,1502.99,-2293.15
1.03372,1389.60,-2175.33
1.03382,1274.23,-2054.41
1.03392,1157.05,-1930.58
1.03402,1038.23,-1804.01
1.03412,917.93,-1674.87
1.03422,796.32,-1543.35
1.03432,673.59,-1409.64
1.03442,549.89,-1273.92
1.03452,425.42,-1136.40
1.03462,300.34,-997.26
1.03472,174.83,-856.70
1.03482,49.08,-714.93
1.03492,-76.75,-572.14
1.03502,-202.47,-428.54
1.03512,-327.90,-284.33
1.03522,-452.86,-139.72
1.03532,-577.19,5.10
1.03542,-700.69,149.90
1.03552,-823.19,294.49
1.03562,-944.53,438.66
1.03572,-1064.53,582.21
1.03582,-1183.01,724.93
1.03592,-1299.81,866.62
1.03602,-1414.77,1007.08
1.03612,-1527.71,1146.11
1.03622,-1638.48,1283.50
1.03632,-1746.93,1419.08
1.03642,-1852.89,1552.64
1.03652,-1956.22,1683.99
1.03662,-2056.77,1812.94
1.03672,-2154.40,1939.32
1.03682,-2248.97,2062.95
1.03692,-2340.34,2183.64
1.03702,-2428.39,2301.23
1.03712,-2512.98,2415.55
1.03722,-2594.01,2526.44
1.03732,-2671.35,2633.73
1.03742,-2744.89,2737.28
1.03752,-2814.53,2836.95
1.03762,-2880.17,2932.58
1.03772,-2941.73,3024.04
1.03782,-2999.10,3111.20
1.03792,-3052.21,3193.95
1.03802,-3100.98,3272.15
1.03812,-3145.34,3345.71
1.03822,-3185.24,3414.51
1.03832,-3220.61,3478.45
1.03842,-3251.41,3537.46
1.03852,-3277.58,3591.43
1.03862,-3299.10,3640.30
1.03872,-3315.93,3684.00
1.03882,-3328.04,3722.47
1.03892,-3335.43,3755.64
1.03902,-3338.08,3783.48
1.03912,-3335.98,3805.94
1.03922,-3329.15,3822.99
1.03932,-3317.58,3834.61
1.03942,-3301.30,3840.77
1.03952,-3280.33,3841.48
1.03962,-3254.70,3836.74
1.03972,-3224.44,3826.53
1.03982,-3189.60,3810.89
1.03992,-3150.23,3789.84
1.04002,-3106.38,3763.40
1.04012,-3058.12,3731.61
1.04022,-3005.51,3694.52
1.04032,-2948.63,3652.17
1.04042,-2887.56,3604.64
1.04052,-2822.39,3551.98
1.04062,-2753.21,3494.28
1.04072,-2680.12,3431.61
1.04082,-2603.22,3364.06
1.04092,-2522.62,3291.74
1.04102,-2438.43,3214.73
1.04112,-2350.78,3133.16
1.04122,-2259.79,3047.13
1.04132,-2165.59,2956.77
1.04142,-2068.31,2862.21
1.04152,-1968.09,2763.59
1.04162,-1865.08,2661.03
1.04172,-1759.41,2554.70
1.04182,-1651.25,2444.73
1.04192,-1540.74,2331.29
1.04202,-1428.04,2214.53
1.04212,-1313.31,2094.63
1.04222,-1196.72,1971.75
1.04232,-1078.42,1846.07
1.04242,-958.59,1717.77
1.04252,-837.41,1587.02
1.04262,-715.03,1454.02
1.04272,-591.63,1318.95
1.04282,-467.40,1182.01
1.04292,-342.50,1043.39
1.04302,-217.11,903.28
1.04312,-91.42,761.90
1.04322,34.40,619.42
1.04332,160.18,476.07
1.04342,285.72,332.04
1.04352,410.86,187.54
1.04362,535.42,42.77
1.04372,659.21,-102.06
1.04382,782.07,-246.74
1.04392,903.82,-391.08
1.04402,1024.28,-534.86
1.04412,1143.28,-677.88
1.04422,1260.66,-819.93
1.04432,1376.25,-960.83
1.04442,1489.88,-1100.35
1.04452,1601.40,-1238.31
1.04462,1710.64,-1374.52
1.04472,1817.44,-1508.77
1.04482,1921.67,-1640.87
1.04492,2023.16,-1770.65
1.04502,2121.78,-1897.91
1.04512,2217.39,-2022.47
1.04522,2309.84,-2144.16
1.04532,2399.01,-2262.80
1.04542,2484.77,-2378.23
1.04552,2566.99,-2490.28
1.04562,2645.57,-2598.79
1.04572,2720.39,-2703.60
1.04582,2791.35,-2804.58
1.04592,2858.34,-2901.57
1.04602,2921.26,-2994.43
1.04612,2980.03,-3083.05
1.04622,3034.57,-3167.28
1.04632,3084.80,-3247.01
1.04642,3130.64,-3322.12
1.04652,3172.03,-3392.52
1.04662,3208.92,-3458.09
1.04672,3241.24,-3518.75
1.04682,3268.96,-3574.42
1.04692,3292.03,-3625.00
1.04702,3310.43,-3670.43
1.04712,3324.12,-3710.64
1.04722,3333.08,-3745.59
1.04732,3337.31,-3775.21
1.04742,3336.80,-3799.46
1.04752,3331.54,-3818.32
1.04762,3321.55,-3831.75
1.04772,3306.84,-3839.73
1.04782,3287.43,-3842.26
1.04792,3263.35,-3839.33
1.04802,3234.63,-3830.95
1.04812,3201.31,-3817.12
1.04822,3163.45,-3797.87
1.04832,3121.08,-3773.22
1.04842,3074.29,-3743.20
1.04852,3023.12,-3707.87
1.04862,2967.66,-3667.28
1.04872,2907.98,-3621.46
1.04882,2844.16,-3570.51
1.04892,2776.31,-3514.48
1.04902,2704.51,-3453.45
1.04912,2628.86,-3387.52
1.04922,2549.48,-3316.78
1.04932,2466.48,-3241.32
1.04942,2379.97,-3161.26
1.04952,2290.08,-3076.70
1.04962,2196.93,-2987.77
1.04972,2100.66,-2894.60
1.04982,2001.41,-2797.31
1.04992,1899.31,-2696.05
1.05002,1794.52,-2590.96
1.05012,1687.17,-2482.19
1.05022,1577.42,-2369.88
1.05032,1465.44,-2254.22
1.05042,1351.37,-2135.35
1.05052,1235.37,-2013.44
1.05062,1117.63,-1888.67
1.05072,998.29,-1761.22
1.05082,877.54,-1631.27
1.05092,755.54,-1499.00
1.05102,632.46,-1364.60
1.05112,508.49,-1228.26
1.05122,383.79,-1090.18
1.05132,258.55,-950.54
1.05142,132.94,-809.56
1.05152,7.14,-667.43
1.05162,-118.67,-524.34
1.05172,-244.31,-380.52
1.05182,-369.61,-236.15
1.05192,-494.38,-91.45
1.05202,-618.45,53.38
1.05212,-741.64,198.14
1.05222,-863.77,342.61
1.05232,-984.68,486.60
1.05242,-1104.19,629.90
1.05252,-1222.13,772.30
1.05262,-1338.33,913.60
1.05272,-1452.64,1053.60
1.05282,-1564.87,1192.11
1.05292,-1674.89,1328.92
1.05302,-1782.52,1463.84
1.05312,-1887.63,1596.69
1.05322,-1990.05,1727.26
1.05332,-2089.64,1855.38
1.05342,-2186.26,1980.86
1.05352,-2279.78,2103.53
1.05362,-2370.06,2223.20
1.05372,-2456.97,2339.72
1.05382,-2540.38,2452.91
1.05392,-2620.19,2562.62
1.05402,-2696.28,2668.68
1.05412,-2768.53,2770.95
1.05422,-2836.85,2869.29
1.05432,-2901.14,2963.54
1.05442,-2961.31,3053.59
1.05452,-3017.27,3139.29
1.05462,-3068.94,3220.54
1.05472,-3116.25,3297.20
1.05482,-3159.13,3369.18
1.05492,-3197.53,3436.38
1.05502,-3231.38,3498.68
1.05512,-3260.64,3556.02
1.05522,-3285.26,3608.30
1.05532,-3305.22,3655.46
1.05542,-3320.48,3697.42
1.05552,-3331.02,3734.13
1.05562,-3336.83,3765.53
1.05572,-3337.90,3791.57
1.05582,-3334.22,3812.23
1.05592,-3325.81,3827.48
1.05602,-3312.67,3837.28
1.05612,-3294.82,3841.63
1.05622,-3272.29,3840.52
1.05632,-3245.11,3833.95
1.05642,-3213.32,3821.93
1.05652,-3176.97,3804.49
1.05662,-3136.10,3781.63
1.05672,-3090.77,3753.40
1.05682,-3041.05,3719.84
1.05692,-2987.01,3680.99
1.05702,-2928.73,3636.91
1.05712,-2866.28,3587.66
1.05722,-2799.77,3533.32
1.05732,-2729.27,3473.95
1.05742,-2654.89,3409.64
1.05752,-2576.75,3340.49
1.05762,-2494.94,3266.59
1.05772,-2409.58,3188.05
1.05782,-2320.81,3104.98
1.05792,-2228.73,3017.50
1.05802,-2133.49,2925.72
1.05812,-2035.22,2829.79
1.05822,-1934.05,2729.84
1.05832,-1830.14,2626.01
1.05842,-1723.62,2518.45
1.05852,-1614.66,2407.30
1.05862,-1503.40,2292.74
1.05872,-1390.01,2174.92
1.05882,-1274.64,2054.01
1.05892,-1157.46,1930.17
1.05902,-1038.63,1803.60
1.05912,-918.33,1674.46
1.05922,-796.73,1542.94
1.05932,-673.99,1409.23
1.05942,-550.30,1273.52
1.05952,-425.82,1135.99
1.05962,-300.74,996.85
1.05972,-175.23,856.30
1.05982,-49.48,714.53
1.05992,76.35,571.74
1.06002,202.07,428.14
1.06012,327.50,283.93
1.06022,452.46,139.31
1.06032,576.78,-5.50
1.06042,700.29,-150.30
1.06052,822.79,-294.89
1.06062,944.13,-439.07
1.06072,1064.12,-582.61
1.06082,1182.61,-725.34
1.06092,1299.41,-867.03
1.06102,1414.36,-1007.48
1.06112,1527.31,-1146.51
1.06122,1638.08,-1283.91
1.06132,1746.53,-1419.48
1.06142,1852.49,-1553.04
1.06152,1955.82,-1684.39
1.06162,2056.37,-1813.35
1.06172,2154.00,-1939.73
1.06182,2248.57,-2063.35
1.06192,2339.94,-2184.05
1.06202,2427.99,-2301.63
1.06212,2512.58,-2415.95
1.06222,2593.61,-2526.84
1.06232,2670.95,-2634.13
1.06242,2744.49,-2737.69
1.06252,2814.13,-2837.35
1.06262,2879.78,-2932.98
1.06272,2941.33,-3024.44
1.06282,2998.70,-3111.61
1.06292,3051.81,-3194.35
1.06302,3100.58,-3272.55
1.06312,3144.95,-3346.11
1.06322,3184.84,-3414.91
1.06332,3220.21,-3478.85
1.06342,3251.01,-3537.86
1.06352,3277.18,-3591.83
1.06362,3298.70,-3640.71
1.06372,3315.53,-3684.41
1.06382,3327.64,-3722.87
1.06392,3335.03,-3756.04
1.06402,3337.68,-3783.88
1.06412,3335.58,-3806.34
1.06422,3328.75,-3823.39
1.06432,3317.18,-3835.01
1.06442,3300.90,-3841.18
1.06452,3279.93,-3841.89
1.06462,3254.30,-3837.14
1.06472,3224.04,-3826.93
1.06482,3189.20,-3811.29
1.06492,3149.83,-3790.24
1.06502,3105.98,-3763.80
1.06512,3057.72,-3732.01
1.06522,3005.11,-3694.91
1.06532,2948.24,-3652.57
1.06542,2887.17,-3605.04
1.06552,2822.00,-3552.38
1.06562,2752.82,-3494.68
1.06572,2679.72,-3432.01
1.06582,2602.82,-3364.46
1.06592,2522.22,-3292.13
1.06602,2438.03,-3215.13
1.06612,2350.38,-3133.55
1.06622,2259.39,-3047.53
1.06632,2165.19,-2957.17
1.06642,2067.91,-2862.61
1.06652,1967.70,-2763.98
1.06662,1864.68,-2661.43
1.06672,1759.02,-2555.09
1.06682,1650.85,-2445.13
1.06692,1540.34,-2331.69
1.06702,1427.65,-2214.93
1.06712,1312.92,-2095.03
1.06722,1196.32,-1972.15
1.06732,1078.03,-1846.47
1.06742,958.20,-1718.17
1.06752,837.01,-1587.42
1.06762,714.63,-1454.42
1.06772,591.24,-1319.35
1.06782,467.00,-1182.41
1.06792,342.11,-1043.79
1.06802,216.72,-903.68
1.06812,91.03,-762.29
1.06822,-34.80,-619.82
1.06832,-160.57,-476.47
1.06842,-286.12,-332.44
1.06852,-411.26,-187.93
1.06862,-535.81,-43.17
1.06872,-659.61,101.66
1.06882,-782.46,246.35
1.06892,-904.21,390.68
1.06902,-1024.67,534.46
1.06912,-1143.67,677.48
1.06922,-1261.05,819.54
1.06932,-1376.64,960.43
1.06942,-1490.28,1099.96
1.06952,-1601.79,1237.92
1.06962,-1711.03,1374.12
1.06972,-1817.84,1508.37
1.06982,-1922.06,1640.48
1.06992,-2023.56,1770.26
1.07002,-2122.17,1897.52
1.07012,-2217.78,2022.08
1.07022,-2310.23,2143.77
1.07032,-2399.40,2262.41
1.07042,-2485.16,2377.84
1.07052,-2567.39,2489.88
1.07062,-2645.97,2598.39
1.07072,-2720.79,2703.21
1.07082,-2791.74,2804.18
1.07092,-2858.73,2901.17
1.07102,-2921.65,2994.04
1.07112,-2980.43,3082.65
1.07122,-3034.96,3166.88
1.07132,-3085.19,3246.61
1.07142,-3131.03,3321.73
1.07152,-3172.42,3392.13
1.07162,-3209.31,3457.70
1.07172,-3241.63,3518.36
1.07182,-3269.35,3574.02
1.07192,-3292.43,3624.61
1.07202,-3310.82,3670.04
1.07212,-3324.51,3710.25
1.07222,-3333.47,3745.19
1.07232,-3337.70,3774.81
1.07242,-3337.19,3799.07
1.07252,-3331.93,3817.93
1.07262,-3321.94,3831.36
1.07272,-3307.23,3839.34
1.07282,-3287.82,3841.87
1.07292,-3263.74,3838.94
1.07302,-3235.02,3830.56
1.07312,-3201.70,3816.73
1.07322,-3163.83,3797.48
1.07332,-3121.47,3772.83
1.07342,-3074.67,3742.82
1.07352,-3023.51,3707.49
1.07362,-2968.05,3666.89
1.07372,-2908.36,3621.08
1.07382,-2844.55,3570.12
1.07392,-2776.70,3514.09
1.07402,-2704.90,3453.07
1.07412,-2629.25,3387.13
1.07422,-2549.87,3316.39
1.07432,-2466.87,3240.93
1.07442,-2380.36,3160.87
1.07452,-2290.47,3076.31
1.07462,-2197.32,2987.38
1.07472,-2101.05,2894.21
1.07482,-2001.80,2796.93
1.07492,-1899.70,2695.66
1.07502,-1794.90,2590.57
1.07512,-1687.56,2481.80
1.07522,-1577.81,2369.50
1.07532,-1465.82,2253.83
1.07542,-1351.75,2134.96
1.07552,-1235.76,2013.05
1.07562,-1118.02,1888.29
1.07572,-998.68,1760.84
1.07582,-877.93,1630.89
1.07592,-755.92,1498.61
1.07602,-632.85,1364.21
1.07612,-508.88,1227.88
1.07622,-384.18,1089.79
1.07632,-258.94,950.16
1.07642,-133.32,809.18
1.07652,-7.52,667.04
1.07662,118.29,523.96
1.07672,243.93,380.13
1.07682,369.22,235.77
1.07692,493.99,91.06
1.07702,618.06,-53.77
1.07712,741.25,-198.52
1.07722,863.39,-343.00
1.07732,984.29,-486.99
1.07742,1103.80,-630.28
1.07752,1221.74,-772.68
1.07762,1337.95,-913.98
1.07772,1452.25,-1053.99
1.07782,1564.49,-1192.49
1.07792,1674.50,-1329.30
1.07802,1782.14,-1464.23
1.07812,1887.24,-1597.07
1.07822,1989.66,-1727.64
1.07832,2089.25,-1855.76
1.07842,2185.88,-1981.24
1.07852,2279.40,-2103.91
1.07862,2369.67,-2223.59
1.07872,2456.58,-2340.10
1.07882,2540.00,-2453.29
1.07892,2619.81,-2563.00
1.07902,2695.90,-2669.06
1.07912,2768.15,-2771.34
1.07922,2836.47,-2869.67
1.07932,2900.76,-2963.93
1.07942,2960.93,-3053.97
1.07952,3016.89,-3139.67
1.07962,3068.56,-3220.92
1.07972,3115.87,-3297.58
1.07982,3158.75,-3369.56
1.07992,3197.15,-3436.76
1.08002,3231.00,-3499.07
1.08012,3260.25,-3556.40
1.08022,3284.88,-3608.69
1.08032,3304.84,-3655.84
1.08042,3320.10,-3697.80
1.08052,3330.64,-3734.51
1.08062,3336.45,-3765.91
1.08072,3337.52,-3791.96
1.08082,3333.84,-3812.62
1.08092,3325.43,-3827.86
1.08102,3312.29,-3837.66
1.08112,3294.44,-3842.01
1.08122,3271.91,-3840.90
1.08132,3244.73,-3834.33
1.08142,3212.94,-3822.32
1.08152,3176.59,-3804.87
1.08162,3135.72,-3782.01
1.08172,3090.39,-3753.78
1.08182,3040.67,-3720.22
1.08192,2986.63,-3681.37
1.08202,2928.35,-3637.29
1.08212,2865.91,-3588.04
1.08222,2799.39,-3533.70
1.08232,2728.89,-3474.33
1.08242,2654.52,-3410.02
1.08252,2576.37,-3340.87
1.08262,2494.56,-3266.97
1.08272,2409.21,-3188.43
1.08282,2320.43,-3105.36
1.08292,2228.35,-3017.88
1.08302,2133.11,-2926.10
1.08312,2034.84,-2830.17
1.08322,1933.67,-2730.22
1.08332,1829.76,-2626.39
1.08342,1723.24,-2518.83
1.08352,1614.28,-2407.68
1.08362,1503.02,-2293.12
1.08372,1389.63,-2175.30
1.08382,1274.26,-2054.38
1.08392,1157.08,-1930.55
1.08402,1038.26,-1803.98
1.08412,917.96,-1674.84
1.08422,796.35,-1543.32
1.08432,673.62,-1409.61
1.08442,549.92,-1273.89
1.08452,425.45,-1136.37
1.08462,300.36,-997.23
1.08472,174.86,-856.68
1.08482,49.10,-714.90
1.08492,-76.73,-572.11
1.08502,-202.44,-428.51
1.08512,-327.87,-284.30
1.08522,-452.84,-139.69
1.08532,-577.16,5.12
1.08542,-700.66,149.93
1.08552,-823.17,294.52
1.08562,-944.50,438.69
1.08572,-1064.50,582.24
1.08582,-1182.98,724.96
1.08592,-1299.78,866.65
1.08602,-1414.74,1007.11
1.08612,-1527.68,1146.14
1.08622,-1638.46,1283.53
1.08632,-1746.90,1419.11
1.08642,-1852.86,1552.66
1.08652,-1956.19,1684.02
1.08662,-2056.75,1812.97
1.08672,-2154.37,1939.35
1.08682,-2248.94,2062.98
1.08692,-2340.31,2183.67
1.08702,-2428.36,2301.26
1.08712,-2512.96,2415.58
1.08722,-2593.98,2526.46
1.08732,-2671.32,2633.76
1.08742,-2744.86,2737.31
1.08752,-2814.51,2836.97
1.08762,-2880.15,2932.60
1.08772,-2941.70,3024.07
1.08782,-2999.07,3111.23
1.08792,-3052.18,3193.97
1.08802,-3100.95,3272.18
1.08812,-3145.32,3345.73
1.08822,-3185.21,3414.53
1.08832,-3220.58,3478.48
1.08842,-3251.38,3537.48
1.08852,-3277.55,3591.46
1.08862,-3299.07,3640.33
1.08872,-3315.90,3684.03
1.08882,-3328.01,3722.50
1.08892,-3335.40,3755.67
1.08902,-3338.05,3783.51
1.08912,-3335.96,3805.97
1.08922,-3329.12,3823.02
1.08932,-3317.55,3834.63
1.08942,-3301.27,3840.80
1.08952,-3280.30,3841.51
1.08962,-3254.67,3836.76
1.08972,-3224.41,3826.56
1.08982,-3189.57,3810.92
1.08992,-3150.20,3789.87
1.09002,-3106.35,3763.43
1.09012,-3058.09,3731.64
1.09022,-3005.49,3694.54
1.09032,-2948.61,3652.20
1.09042,-2887.54,3604.67
1.09052,-2822.37,3552.01
1.09062,-2753.19,3494.31
1.09072,-2680.09,3431.64
1.09082,-2603.19,3364.09
1.09092,-2522.59,3291.76
1.09102,-2438.41,3214.76
1.09112,-2350.76,3133.18
1.09122,-2259.76,3047.16
1.09132,-2165.56,2956.80
1.09142,-2068.28,2862.24
1.09152,-1968.07,2763.62
1.09162,-1865.05,2661.06
1.09172,-1759.39,2554.73
1.09182,-1651.22,2444.76
1.09192,-1540.71,2331.32
1.09202,-1428.02,2214.56
1.09212,-1313.29,2094.66
1.09222,-1196.69,1971.78
1.09232,-1078.40,1846.10
1.09242,-958.57,1717.80
1.09252,-837.38,1587.05
1.09262,-715.00,1454.05
1.09272,-591.61,1318.98
1.09282,-467.37,1182.04
1.09292,-342.47,1043.42
1.09302,-217.09,903.31
1.09312,-91.40,761.92
1.09322,34.43,619.45
1.09332,160.20,476.10
1.09342,285.75,332.07
1.09352,410.89,187.57
1.09362,535.44,42.80
1.09372,659.24,-102.03
1.09382,782.09,-246.72
1.09392,903.84,-391.05
1.09402,1024.30,-534.83
1.09412,1143.31,-677.85
1.09422,1260.69,-819.90
1.09432,1376.28,-960.80
1.09442,1489.91,-1100.32
1.09452,1601.42,-1238.28
1.09462,1710.66,-1374.49
1.09472,1817.47,-1508.74
1.09482,1921.70,-1640.85
1.09492,2023.19,-1770.62
1.09502,2121.81,-1897.88
1.09512,2217.41,-2022.44
1.09522,2309.86,-2144.13
1.09532,2399.03,-2262.77
1.09542,2484.79,-2378.20
1.09552,2567.02,-2490.25
1.09562,2645.60,-2598.76
1.09572,2720.42,-2703.57
1.09582,2791.37,-2804.55
1.09592,2858.36,-2901.54
1.09602,2921.29,-2994.41
1.09612,2980.06,-3083.02
1.09622,3034.60,-3167.25
1.09632,3084.83,-3246.98
1.09642,3130.67,-3322.09
1.09652,3172.06,-3392.49
1.09662,3208.95,-3458.07
1.09672,3241.27,-3518.73
1.09682,3268.99,-3574.39
1.09692,3292.06,-3624.97
1.09702,3310.46,-3670.40
1.09712,3324.15,-3710.62
1.09722,3333.11,-3745.56
1.09732,3337.34,-3775.18
1.09742,3336.83,-3799.43
1.09752,3331.57,-3818.29
1.09762,3321.58,-3831.72
1.09772,3306.87,-3839.71
1.09782,3287.46,-3842.24
1.09792,3263.38,-3839.31
1.09802,3234.66,-3830.92
1.09812,3201.34,-3817.09
1.09822,3163.47,-3797.84
1.09832,3121.11,-3773.19
1.09842,3074.31,-3743.18
1.09852,3023.15,-3707.85
1.09862,2967.68,-3667.25
1.09872,2908.00,-3621.44
1.09882,2844.19,-3570.48
1.09892,2776.33,-3514.45
1.09902,2704.53,-3453.43
1.09912,2628.89,-3387.50
1.09922,2549.51,-3316.75
1.09932,2466.51,-3241.29
1.09942,2380.00,-3161.23
1.09952,2290.11,-3076.67
1.09962,2196.96,-2987.75
1.09972,2100.69,-2894.57
1.09982,2001.44,-2797.29
1.09992,1899.34,-2696.03
1.10002,1794.54,-2590.93
1.10012,1687.20,-2482.16
1.10022,1577.45,-2369.86
1.10032,1465.46,-2254.19
1.10042,1351.39,-2135.32
1.10052,1235.40,-2013.41
1.10062,1117.66,-1888.65
1.10072,998.32,-1761.20
1.10082,877.57,-1631.25
1.10092,755.57,-1498.98
1.10102,632.49,-1364.58
1.10112,508.52,-1228.24
1.10122,383.82,-1090.15
1.10132,258.58,-950.52
1.10142,132.97,-809.54
1.10152,7.17,-667.40
1.10162,-118.64,-524.32
1.10172,-244.29,-380.49
1.10182,-369.58,-236.13
1.10192,-494.35,-91.42
1.10202,-618.42,53.41
1.10212,-741.61,198.17
1.10222,-863.74,342.64
1.10232,-984.65,486.63
1.10242,-1104.16,629.92
1.10252,-1222.10,772.32
1.10262,-1338.31,913.62
1.10272,-1452.61,1053.63
1.10282,-1564.85,1192.13
1.10292,-1674.86,1328.95
1.10302,-1782.50,1463.87
1.10312,-1887.60,1596.71
1.10322,-1990.02,1727.28
1.10332,-2089.61,1855.40
1.10342,-2186.24,1980.88
1.10352,-2279.75,2103.55
1.10362,-2370.03,2223.23
1.10372,-2456.94,2339.74
1.10382,-2540.36,2452.94
1.10392,-2620.17,2562.64
1.10402,-2696.25,2668.71
1.10412,-2768.51,2770.98
1.10422,-2836.83,2869.31
1.10432,-2901.12,2963.57
1.10442,-2961.28,3053.61
1.10452,-3017.24,3139.32
1.10462,-3068.91,3220.56
1.10472,-3116.23,3297.23
1.10482,-3159.11,3369.21
1.10492,-3197.50,3436.40
1.10502,-3231.35,3498.71
1.10512,-3260.61,3556.05
1.10522,-3285.24,3608.33
1.10532,-3305.19,3655.49
1.10542,-3320.45,3697.45
1.10552,-3330.99,3734.15
1.10562,-3336.80,3765.55
1.10572,-3337.87,3791.60
1.10582,-3334.20,3812.26
1.10592,-3325.78,3827.50
1.10602,-3312.64,3837.31
1.10612,-3294.80,3841.65
1.10622,-3272.27,3840.55
1.10632,-3245.09,3833.98
1.10642,-3213.30,3821.96
1.10652,-3176.94,3804.51
1.10662,-3136.07,3781.66
1.10672,-3090.75,3753.43
1.10682,-3041.03,3719.87
1.10692,-2986.99,3681.02
1.10702,-2928.71,3636.94
1.10712,-2866.26,3587.69
1.10722,-2799.74,3533.34
1.10732,-2729.24,3473.97
1.10742,-2654.87,3409.67
1.10752,-2576.72,3340.52
1.10762,-2494.91,3266.62
1.10772,-2409.56,3188.08
1.10782,-2320.78,3105.01
1.10792,-2228.71,3017.52
1.10802,-2133.46,2925.75
1.10812,-2035.19,2829.82
1.10822,-1934.02,2729.87
1.10832,-1830.11,2626.04
1.10842,-1723.60,2518.47
1.10852,-1614.63,2407.33
1.10862,-1503.38,2292.77
1.10872,-1389.98,2174.95
1.10882,-1274.61,2054.03
1.10892,-1157.43,1930.20
1.10902,-1038.61,1803.63
1.10912,-918.31,1674.49
1.10922,-796.70,1542.97
1.10932,-673.97,1409.26
1.10942,-550.27,1273.54
1.10952,-425.80,1136.02
1.10962,-300.72,996.88
1.10972,-175.21,856.33
1.10982,-49.45,714.55
1.10992,76.37,571.76
1.11002,202.09,428.16
1.11012,327.52,283.95
1.11022,452.49,139.34
1.11032,576.81,-5.47
1.11042,700.31,-150.28
1.11052,822.82,-294.87
1.11062,944.15,-439.04
1.11072,1064.15,-582.59
1.11082,1182.63,-725.31
1.11092,1299.43,-867.00
1.11102,1414.39,-1007.46
1.11112,1527.33,-1146.48
1.11122,1638.10,-1283.88
1.11132,1746.55,-1419.46
1.11142,1852.51,-1553.01
1.11152,1955.84,-1684.36
1.11162,2056.40,-1813.32
1.11172,2154.02,-1939.70
1.11182,2248.59,-2063.33
1.11192,2339.96,-2184.02
1.11202,2428.01,-2301.61
1.11212,2512.61,-2415.93
1.11222,2593.63,-2526.81
1.11232,2670.97,-2634.11
1.11242,2744.51,-2737.66
1.11252,2814.16,-2837.32
1.11262,2879.80,-2932.95
1.11272,2941.35,-3024.41
1.11282,2998.72,-3111.58
1.11292,3051.83,-3194.32
1.11302,3100.60,-3272.53
1.11312,3144.97,-3346.08
1.11322,3184.87,-3414.88
1.11332,3220.24,-3478.83
1.11342,3251.03,-3537.83
1.11352,3277.21,-3591.81
1.11362,3298.72,-3640.68
1.11372,3315.55,-3684.38
1.11382,3327.67,-3722.84
1.11392,3335.06,-3756.02
1.11402,3337.70,-3783.85
1.11412,3335.61,-3806.31
1.11422,3328.77,-3823.36
1.11432,3317.21,-3834.98
1.11442,3300.93,-3841.15
1.11452,3279.96,-3841.86
1.11462,3254.32,-3837.11
1.11472,3224.07,-3826.91
1.11482,3189.23,-3811.27
1.11492,3149.86,-3790.21
1.11502,3106.01,-3763.77
1.11512,3057.75,-3731.98
1.11522,3005.14,-3694.89
1.11532,2948.26,-3652.55
1.11542,2887.19,-3605.01
1.11552,2822.02,-3552.36
1.11562,2752.84,-3494.65
1.11572,2679.75,-3431.98
1.11582,2602.85,-3364.44
1.11592,2522.25,-3292.11
1.11602,2438.06,-3215.10
1.11612,2350.41,-3133.53
1.11622,2259.42,-3047.50
1.11632,2165.22,-2957.15
1.11642,2067.94,-2862.59
1.11652,1967.72,-2763.96
1.11662,1864.71,-2661.41
1.11672,1759.05,-2555.07
1.11682,1650.88,-2445.10
1.11692,1540.37,-2331.66
1.11702,1427.67,-2214.91
1.11712,1312.94,-2095.01
1.11722,1196.35,-1972.13
1.11732,1078.05,-1846.45
1.11742,958.23,-1718.14
1.11752,837.04,-1587.40
1.11762,714.66,-1454.40
1.11772,591.27,-1319.33
1.11782,467.03,-1182.39
1.11792,342.13,-1043.76
1.11802,216.75,-903.66
1.11812,91.05,-762.27
1.11822,-34.77,-619.80
1.11832,-160.54,-476.44
1.11842,-286.09,-332.41
1.11852,-411.23,-187.91
1.11862,-535.78,-43.14
1.11872,-659.58,101.69
1.11882,-782.44,246.37
1.11892,-904.18,390.71
1.11902,-1024.64,534.49
1.11912,-1143.65,677.51
1.11922,-1261.03,819.56
1.11932,-1376.62,960.45
1.11942,-1490.25,1099.98
1.11952,-1601.76,1237.94
1.11962,-1711.00,1374.15
1.11972,-1817.81,1508.40
1.11982,-1922.04,1640.50
1.11992,-2023.53,1770.28
1.12002,-2122.15,1897.54
1.12012,-2217.75,2022.10
1.12022,-2310.20,2143.79
1.12032,-2399.37,2262.43
1.12042,-2485.13,2377.86
1.12052,-2567.36,2489.91
1.12062,-2645.94,2598.42
1.12072,-2720.76,2703.23
1.12082,-2791.71,2804.21
1.12092,-2858.70,2901.20
1.12102,-2921.63,2994.07
1.12112,-2980.40,3082.68
1.12122,-3034.94,3166.91
1.12132,-3085.16,3246.64
1.12142,-3131.01,3321.75
1.12152,-3172.40,3392.15
1.12162,-3209.28,3457.73
1.12172,-3241.61,3518.39
1.12182,-3269.33,3574.05
1.12192,-3292.40,3624.63
1.12202,-3310.79,3670.06
1.12212,-3324.48,3710.28
1.12222,-3333.45,3745.22
1.12232,-3337.68,3774.84
1.12242,-3337.16,3799.10
1.12252,-3331.91,3817.95
1.12262,-3321.92,3831.38
1.12272,-3307.21,3839.37
1.12282,-3287.80,3841.90
1.12292,-3263.71,3838.97
1.12302,-3234.99,3830.58
1.12312,-3201.68,3816.76
1.12322,-3163.81,3797.50
1.12332,-3121.45,3772.85
1.12342,-3074.65,3742.84
1.12352,-3023.48,3707.51
1.12362,-2968.02,3666.91
1.12372,-2908.34,3621.10
1.12382,-2844.53,3570.14
1.12392,-2776.67,3514.11
1.12402,-2704.87,3453.09
1.12412,-2629.23,3387.16
1.12422,-2549.85,3316.42
1.12432,-2466.84,3240.96
1.12442,-2380.33,3160.89
1.12452,-2290.44,3076.34
1.12462,-2197.30,2987.41
1.12472,-2101.03,2894.24
1.12482,-2001.78,2796.95
1.12492,-1899.68,2695.69
1.12502,-1794.88,2590.60
1.12512,-1687.53,2481.82
1.12522,-1577.79,2369.52
1.12532,-1465.80,2253.86
1.12542,-1351.73,2134.99
1.12552,-1235.74,2013.08
1.12562,-1117.99,1888.31
1.12572,-998.66,1760.86
1.12582,-877.90,1630.91
1.12592,-755.90,1498.64
1.12602,-632.83,1364.24
1.12612,-508.85,1227.90
1.12622,-384.15,1089.82
1.12632,-258.91,950.19
1.12642,-133.30,809.20
1.12652,-7.50,667.07
1.12662,118.31,523.99
1.12672,243.95,380.16
1.12682,369.25,235.79
1.12692,494.02,91.09
1.12702,618.08,-53.74
1.12712,741.27,-198.50
1.12722,863.41,-342.97
1.12732,984.32,-486.96
1.12742,1103.83,-630.25
1.12752,1221.77,-772.65
1.12762,1337.97,-913.96
1.12772,1452.27,-1053.96
1.12782,1564.51,-1192.47
1.12792,1674.53,-1329.28
1.12802,1782.16,-1464.20
1.12812,1887.26,-1597.04
1.12822,1989.69,-1727.62
1.12832,2089.28,-1855.73
1.12842,2185.90,-1981.22
1.12852,2279.42,-2103.88
1.12862,2369.70,-2223.56
1.12872,2456.61,-2340.08
1.12882,2540.02,-2453.27
1.12892,2619.83,-2562.97
1.12902,2695.92,-2669.04
1.12912,2768.17,-2771.31
1.12922,2836.49,-2869.64
1.12932,2900.78,-2963.90
1.12942,2960.95,-3053.94
1.12952,3016.91,-3139.65
1.12962,3068.58,-3220.89
1.12972,3115.89,-3297.56
1.12982,3158.78,-3369.54
1.12992,3197.17,-3436.73
1.13002,3231.02,-3499.04
1.13012,3260.28,-3556.38
1.13022,3284.90,-3608.66
1.13032,3304.86,-3655.82
1.13042,3320.12,-3697.78
1.13052,3330.66,-3734.48
1.13062,3336.47,-3765.88
1.13072,3337.54,-3791.93
1.13082,3333.86,-3812.59
1.13092,3325.45,-3827.83
1.13102,3312.31,-3837.64
1.13112,3294.46,-3841.99
1.13122,3271.94,-3840.88
1.13132,3244.76,-3834.31
1.13142,3212.97,-3822.29
1.13152,3176.61,-3804.84
1.13162,3135.74,-3781.99
1.13172,3090.42,-3753.76
1.13182,3040.70,-3720.20
1.13192,2986.66,-3681.35
1.13202,2928.38,-3637.27
1.13212,2865.93,-3588.02
1.13222,2799.41,-3533.67
1.13232,2728.92,-3474.30
1.13242,2654.54,-3410.00
1.13252,2576.39,-3340.85
1.13262,2494.59,-3266.95
1.13272,2409.23,-3188.41
1.13282,2320.45,-3105.34
1.13292,2228.38,-3017.85
1.13302,2133.14,-2926.08
1.13312,2034.86,-2830.15
1.13322,1933.70,-2730.20
1.13332,1829.78,-2626.37
1.13342,1723.27,-2518.80
1.13352,1614.31,-2407.66
1.13362,1503.05,-2293.10
1.13372,1389.65,-2175.27
1.13382,1274.29,-2054.36
1.13392,1157.11,-1930.53
1.13402,1038.28,-1803.95
1.13412,917.98,-1674.82
1.13422,796.38,-1543.30
1.13432,673.64,-1409.59
1.13442,549.95,-1273.87
1.13452,425.47,-1136.35
1.13462,300.39,-997.21
1.13472,174.88,-856.65
1.13482,49.13,-714.88
1.13492,-76.70,-572.09
1.13502,-202.42,-428.49
1.13512,-327.85,-284.28
1.13522,-452.81,-139.67
1.13532,-577.13,5.14
1.13542,-700.64,149.95
1.13552,-823.14,294.54
1.13562,-944.48,438.71
1.13572,-1064.47,582.26
1.13582,-1182.96,724.98
1.13592,-1299.76,866.67
1.13602,-1414.71,1007.13
1.13612,-1527.66,1146.16
1.13622,-1638.43,1283.56
1.13632,-1746.88,1419.13
1.13642,-1852.84,1552.69
1.13652,-1956.17,1684.04
1.13662,-2056.72,1812.99
1.13672,-2154.35,1939.38
1.13682,-2248.92,2063.00
1.13692,-2340.29,2183.69
1.13702,-2428.33,2301.28
1.13712,-2512.93,2415.60
1.13722,-2593.96,2526.49
1.13732,-2671.29,2633.78
1.13742,-2744.84,2737.33
1.13752,-2814.48,2837.00
1.13762,-2880.12,2932.63
1.13772,-2941.68,3024.09
1.13782,-2999.05,3111.25
1.13792,-3052.16,3194.00
1.13802,-3100.93,3272.20
1.13812,-3145.29,3345.76
1.13822,-3185.19,3414.56
1.13832,-3220.56,3478.50
1.13842,-3251.35,3537.51
1.13852,-3277.53,3591.48
1.13862,-3299.05,3640.36
1.13872,-3315.87,3684.06
1.13882,-3327.99,3722.52
1.13892,-3335.38,3755.69
1.13902,-3338.03,3783.53
1.13912,-3335.93,3805.99
1.13922,-3329.10,3823.04
1.13932,-3317.53,3834.66
1.13942,-3301.25,3840.83
1.13952,-3280.28,3841.54
1.13962,-3254.65,3836.79
1.13972,-3224.39,3826.59
1.13982,-3189.55,3810.95
1.13992,-3150.18,3789.89
1.14002,-3106.33,3763.45
1.14012,-3058.07,3731.66
1.14022,-3005.46,3694.57
1.14032,-2948.58,3652.23
1.14042,-2887.52,3604.69
1.14052,-2822.35,3552.04
1.14062,-2753.16,3494.33
1.14072,-2680.07,3431.66
1.14082,-2603.17,3364.12
1.14092,-2522.57,3291.79
1.14102,-2438.38,3214.78
1.14112,-2350.73,3133.21
1.14122,-2259.74,3047.18
1.14132,-2165.54,2956.83
1.14142,-2068.26,2862.27
1.14152,-1968.04,2763.64
1.14162,-1865.03,2661.09
1.14172,-1759.37,2554.75
1.14182,-1651.20,2444.78
1.14192,-1540.69,2331.34
1.14202,-1427.99,2214.59
1.14212,-1313.26,2094.69
1.14222,-1196.67,1971.81
1.14232,-1078.38,1846.13
1.14242,-958.55,1717.82
1.14252,-837.36,1587.08
1.14262,-714.98,1454.08
1.14272,-591.59,1319.01
1.14282,-467.35,1182.07
1.14292,-342.45,1043.44
1.14302,-217.07,903.34
1.14312,-91.37,761.95
1.14322,34.45,619.48
1.14332,160.22,476.12
1.14342,285.77,332.09
1.14352,410.91,187.59
1.14362,535.46,42.82
1.14372,659.26,-102.00
1.14382,782.12,-246.69
1.14392,903.86,-391.02
1.14402,1024.32,-534.80
1.14412,1143.33,-677.82
1.14422,1260.71,-819.88
1.14432,1376.30,-960.77
1.14442,1489.93,-1100.30
1.14452,1601.45,-1238.26
1.14462,1710.68,-1374.46
1.14472,1817.49,-1508.71
1.14482,1921.72,-1640.82
1.14492,2023.21,-1770.60
1.14502,2121.83,-1897.86
1.14512,2217.43,-2022.42
1.14522,2309.88,-2144.11
1.14532,2399.05,-2262.75
1.14542,2484.81,-2378.18
1.14552,2567.04,-2490.22
1.14562,2645.62,-2598.73
1.14572,2720.44,-2703.55
1.14582,2791.40,-2804.53
1.14592,2858.38,-2901.51
1.14602,2921.31,-2994.38
1.14612,2980.08,-3082.99
1.14622,3034.62,-3167.22
1.14632,3084.85,-3246.95
1.14642,3130.69,-3322.07
1.14652,3172.08,-3392.47
1.14662,3208.97,-3458.04
1.14672,3241.29,-3518.70
1.14682,3269.01,-3574.36
1.14692,3292.08,-3624.95
1.14702,3310.48,-3670.38
1.14712,3324.17,-3710.59
1.14722,3333.13,-3745.53
1.14732,3337.36,-3775.15
1.14742,3336.85,-3799.41
1.14752,3331.59,-3818.27
1.14762,3321.60,-3831.70
1.14772,3306.89,-3839.68
1.14782,3287.48,-3842.21
1.14792,3263.40,-3839.28
1.14802,3234.68,-3830.90
1.14812,3201.36,-3817.07
1.14822,3163.50,-3797.82
1.14832,3121.13,-3773.17
1.14842,3074.34,-3743.16
1.14852,3023.17,-3707.83
1.14862,2967.71,-3667.23
1.14872,2908.03,-3621.42
1.14882,2844.21,-3570.46
1.14892,2776.36,-3514.43
1.14902,2704.56,-3453.41
1.14912,2628.91,-3387.47
1.14922,2549.53,-3316.73
1.14932,2466.53,-3241.27
1.14942,2380.02,-3161.21
1.14952,2290.13,-3076.65
1.14962,2196.98,-2987.72
1.14972,2100.72,-2894.55
1.14982,2001.46,-2797.27
1.14992,1899.36,-2696.00
1.15002,1794.57,-2590.91
1.15012,1687.22,-2482.14
1.15022,1577.47,-2369.84
1.15032,1465.49,-2254.17
1.15042,1351.42,-2135.30
1.15052,1235.43,-2013.39
1.15062,1117.68,-1888.63
1.15072,998.35,-1761.18
1.15082,877.59,-1631.22
1.15092,755.59,-1498.95
1.15102,632.51,-1364.55
1.15112,508.54,-1228.22
1.15122,383.84,-1090.13
1.15132,258.60,-950.50
1.15142,132.99,-809.51
1.15152,7.19,-667.38
1.15162,-118.62,-524.30
1.15172,-244.26,-380.47
1.15182,-369.56,-236.10
1.15192,-494.33,-91.40
1.15202,-618.39,53.43
1.15212,-741.58,198.19
1.15222,-863.72,342.66
1.15232,-984.63,486.65
1.15242,-1104.14,629.94
1.15252,-1222.08,772.34
1.15262,-1338.28,913.64
1.15272,-1452.58,1053.65
1.15282,-1564.82,1192.15
1.15292,-1674.84,1328.97
1.15302,-1782.47,1463.89
1.15312,-1887.57,1596.73
1.15322,-1990.00,1727.31
1.15332,-2089.59,1855.42
1.15342,-2186.21,1980.91
1.15352,-2279.73,2103.57
1.15362,-2370.01,2223.25
1.15372,-2456.92,2339.77
1.15382,-2540.33,2452.96
1.15392,-2620.14,2562.66
1.15402,-2696.23,2668.73
1.15412,-2768.48,2771.00
1.15422,-2836.80,2869.33
1.15432,-2901.09,2963.59
1.15442,-2961.26,3053.63
1.15452,-3017.22,3139.34
1.15462,-3068.89,3220.58
1.15472,-3116.20,3297.25
1.15482,-3159.08,3369.23
1.15492,-3197.48,3436.42
1.15502,-3231.33,3498.73
1.15512,-3260.59,3556.07
1.15522,-3285.21,3608.35
1.15532,-3305.17,3655.51
1.15542,-3320.43,3697.47
1.15552,-3330.97,3734.17
1.15562,-3336.78,3765.57
1.15572,-3337.85,3791.62
1.15582,-3334.17,3812.28
1.15592,-3325.76,3827.52
1.15602,-3312.62,3837.33
1.15612,-3294.77,3841.68
1.15622,-3272.24,3840.57
1.15632,-3245.07,3834.00
1.15642,-3213.28,3821.98
1.15652,-3176.92,3804.54
1.15662,-3136.05,3781.68
1.15672,-3090.72,3753.45
1.15682,-3041.01,3719.89
1.15692,-2986.97,3681.04
1.15702,-2928.68,3636.96
1.15712,-2866.24,3587.71
1.15722,-2799.72,3533.37
1.15732,-2729.22,3474.00
1.15742,-2654.85,3409.69
1.15752,-2576.70,3340.54
1.15762,-2494.89,3266.64
1.15772,-2409.54,3188.10
1.15782,-2320.76,3105.03
1.15792,-2228.69,3017.55
1.15802,-2133.44,2925.77
1.15812,-2035.17,2829.84
1.15822,-1934.00,2729.89
1.15832,-1830.09,2626.06
1.15842,-1723.58,2518.50
1.15852,-1614.61,2407.36
1.15862,-1503.35,2292.79
1.15872,-1389.96,2174.97
1.15882,-1274.59,2054.06
1.15892,-1157.41,1930.23
1.15902,-1038.59,1803.65
1.15912,-918.29,1674.51
1.15922,-796.68,1542.99
1.15932,-673.95,1409.28
1.15942,-550.25,1273.57
1.15952,-425.78,1136.04
1.15962,-300.70,996.91
1.15972,-175.19,856.35
1.15982,-49.43,714.58
1.15992,76.40,571.79
1.16002,202.11,428.19
1.16012,327.54,283.98
1.16022,452.51,139.36
1.16032,576.83,-5.45
1.16042,700.33,-150.25
1.16052,822.84,-294.84
1.16062,944.17,-439.01
1.16072,1064.17,-582.56
1.16082,1182.65,-725.28
1.16092,1299.45,-866.97
1.16102,1414.41,-1007.43
1.16112,1527.35,-1146.46
1.16122,1638.13,-1283.86
1.16132,1746.57,-1419.43
1.16142,1852.53,-1552.99
1.16152,1955.87,-1684.34
1.16162,2056.42,-1813.30
1.16172,2154.05,-1939.68
1.16182,2248.61,-2063.30
1.16192,2339.99,-2183.99
1.16202,2428.03,-2301.58
1.16212,2512.63,-2415.90
1.16222,2593.65,-2526.79
1.16232,2670.99,-2634.08
1.16242,2744.54,-2737.64
1.16252,2814.18,-2837.30
1.16262,2879.82,-2932.93
1.16272,2941.37,-3024.39
1.16282,2998.74,-3111.56
1.16292,3051.85,-3194.30
1.16302,3100.63,-3272.50
1.16312,3144.99,-3346.06
1.16322,3184.89,-3414.86
1.16332,3220.26,-3478.80
1.16342,3251.05,-3537.81
1.16352,3277.23,-3591.79
1.16362,3298.74,-3640.66
1.16372,3315.57,-3684.36
1.16382,3327.69,-3722.82
1.16392,3335.08,-3755.99
1.16402,3337.73,-3783.83
1.16412,3335.63,-3806.29
1.16422,3328.80,-3823.34
1.16432,3317.23,-3834.96
1.16442,3300.95,-3841.13
1.16452,3279.98,-3841.84
1.16462,3254.35,-3837.09
1.16472,3224.09,-3826.89
1.16482,3189.25,-3811.25
1.16492,3149.88,-3790.19
1.16502,3106.03,-3763.75
1.16512,3057.77,-3731.96
1.16522,3005.16,-3694.87
1.16532,2948.29,-3652.53
1.16542,2887.22,-3604.99
1.16552,2822.05,-3552.34
1.16562,2752.87,-3494.63
1.16572,2679.77,-3431.96
1.16582,2602.87,-3364.42
1.16592,2522.27,-3292.09
1.16602,2438.08,-3215.08
1.16612,2350.43,-3133.51
1.16622,2259.44,-3047.48
1.16632,2165.24,-2957.13
1.16642,2067.96,-2862.57
1.16652,1967.75,-2763.94
1.16662,1864.73,-2661.39
1.16672,1759.07,-2555.05
1.16682,1650.90,-2445.08
1.16692,1540.39,-2331.64
1.16702,1427.70,-2214.89
1.16712,1312.97,-2094.99
1.16722,1196.37,-1972.11
1.16732,1078.08,-1846.43
1.16742,958.25,-1718.12
1.16752,837.06,-1587.38
1.16762,714.68,-1454.38
1.16772,591.29,-1319.31
1.16782,467.05,-1182.37
1.16792,342.16,-1043.74
1.16802,216.77,-903.64
1.16812,91.08,-762.25
1.16822,-34.75,-619.78
1.16832,-160.52,-476.42
1.16842,-286.07,-332.39
1.16852,-411.21,-187.89
1.16862,-535.76,-43.12
1.16872,-659.56,101.71
1.16882,-782.41,246.39
1.16892,-904.16,390.73
1.16902,-1024.62,534.51
1.16912,-1143.62,677.53
1.16922,-1261.01,819.58
1.16932,-1376.59,960.47
1.16942,-1490.23,1100.00
1.16952,-1601.74,1237.96
1.16962,-1710.98,1374.17
1.16972,-1817.79,1508.42
1.16982,-1922.01,1640.52
1.16992,-2023.51,1770.30
1.17002,-2122.12,1897.56
1.17012,-2217.73,2022.12
1.17022,-2310.18,2143.81
1.17032,-2399.35,2262.45
1.17042,-2485.11,2377.88
1.17052,-2567.34,2489.93
1.17062,-2645.92,2598.44
1.17072,-2720.74,2703.25
1.17082,-2791.69,2804.23
1.17092,-2858.68,2901.22
1.17102,-2921.60,2994.09
1.17112,-2980.38,3082.70
1.17122,-3034.92,3166.93
1.17132,-3085.14,3246.66
1.17142,-3130.98,3321.78
1.17152,-3172.38,3392.17
1.17162,-3209.26,3457.75
1.17172,-3241.59,3518.41
1.17182,-3269.31,3574.07
1.17192,-3292.38,3624.65
1.17202,-3310.77,3670.08
1.17212,-3324.46,3710.30
1.17222,-3333.43,3745.24
1.17232,-3337.66,3774.86
1.17242,-3337.14,3799.12
1.17252,-3331.89,3817.97
1.17262,-3321.90,3831.40
1.17272,-3307.19,3839.39
1.17282,-3287.78,3841.92
1.17292,-3263.69,3838.99
1.17302,-3234.97,3830.61
1.17312,-3201.66,3816.78
1.17322,-3163.79,3797.52
1.17332,-3121.43,3772.87
1.17342,-3074.63,3742.86
1.17352,-3023.46,3707.53
1.17362,-2968.00,3666.93
1.17372,-2908.32,3621.12
1.17382,-2844.51,3570.17
1.17392,-2776.65,3514.14
1.17402,-2704.85,3453.11
1.17412,-2629.21,3387.18
1.17422,-2549.83,3316.44
1.17432,-2466.82,3240.98
1.17442,-2380.31,3160.92
1.17452,-2290.42,3076.36
1.17462,-2197.28,2987.43
1.17472,-2101.01,2894.26
1.17482,-2001.76,2796.97
1.17492,-1899.66,2695.71
1.17502,-1794.86,2590.62
1.17512,-1687.51,2481.85
1.17522,-1577.77,2369.55
1.17532,-1465.78,2253.88
1.17542,-1351.71,2135.01
1.17552,-1235.72,2013.10
1.17562,-1117.97,1888.34
1.17572,-998.64,1760.89
1.17582,-877.88,1630.93
1.17592,-755.88,1498.66
1.17602,-632.81,1364.26
1.17612,-508.83,1227.93
1.17622,-384.14,1089.84
1.17632,-258.89,950.21
1.17642,-133.28,809.22
1.17652,-7.48,667.09
1.17662,118.33,524.01
1.17672,243.97,380.18
1.17682,369.27,235.82
1.17692,494.04,91.11
1.17702,618.10,-53.72
1.17712,741.29,-198.48
1.17722,863.43,-342.95
1.17732,984.34,-486.94
1.17742,1103.85,-630.23
1.17752,1221.79,-772.63
1.17762,1337.99,-913.93
1.17772,1452.29,-1053.94
1.17782,1564.53,-1192.44
1.17792,1674.55,-1329.25
1.17802,1782.18,-1464.18
1.17812,1887.28,-1597.02
1.17822,1989.71,-1727.59
1.17832,2089.30,-1855.71
1.17842,2185.92,-1981.19
1.17852,2279.44,-2103.86
1.17862,2369.72,-2223.54
1.17872,2456.63,-2340.05
1.17882,2540.04,-2453.25
1.17892,2619.85,-2562.95
1.17902,2695.94,-2669.02
1.17912,2768.19,-2771.29
1.17922,2836.51,-2869.62
1.17932,2900.80,-2963.88
1.17942,2960.97,-3053.92
1.17952,3016.93,-3139.63
1.17962,3068.60,-3220.87
1.17972,3115.91,-3297.54
1.17982,3158.80,-3369.52
1.17992,3197.19,-3436.71
1.18002,3231.04,-3499.02
1.18012,3260.30,-3556.36
1.18022,3284.92,-3608.64
1.18032,3304.88,-3655.80
1.18042,3320.14,-3697.76
1.18052,3330.68,-3734.46
1.18062,3336.49,-3765.86
1.18072,3337.56,-3791.91
1.18082,3333.89,-3812.57
1.18092,3325.47,-3827.81
1.18102,3312.33,-3837.61
1.18112,3294.49,-3841.96
1.18122,3271.96,-3840.85
1.18132,3244.78,-3834.29
1.18142,3212.99,-3822.27
1.18152,3176.63,-3804.82
1.18162,3135.76,-3781.97
1.18172,3090.44,-3753.74
1.18182,3040.72,-3720.18
1.18192,2986.68,-3681.33
1.18202,2928.40,-3637.25
1.18212,2865.95,-3588.00
1.18222,2799.43,-3533.65
1.18232,2728.94,-3474.28
1.18242,2654.56,-3409.98
1.18252,2576.42,-3340.83
1.18262,2494.61,-3266.93
1.18272,2409.25,-3188.39
1.18282,2320.48,-3105.32
1.18292,2228.40,-3017.83
1.18302,2133.16,-2926.06
1.18312,2034.88,-2830.13
1.18322,1933.72,-2730.18
1.18332,1829.81,-2626.35
1.18342,1723.29,-2518.78
1.18352,1614.33,-2407.64
1.18362,1503.07,-2293.08
1.18372,1389.68,-2175.26
1.18382,1274.31,-2054.34
1.18392,1157.13,-1930.51
1.18402,1038.30,-1803.94
1.18412,918.00,-1674.80
1.18422,796.40,-1543.28
1.18432,673.66,-1409.57
1.18442,549.97,-1273.85
1.18452,425.49,-1136.33
1.18462,300.41,-997.19
1.18472,174.90,-856.63
1.18482,49.15,-714.86
1.18492,-76.68,-572.07
1.18502,-202.40,-428.47
1.18512,-327.83,-284.26
1.18522,-452.79,-139.65
1.18532,-577.11,5.16
1.18542,-700.61,149.97
1.18552,-823.12,294.56
1.18562,-944.46,438.73
1.18572,-1064.45,582.28
1.18582,-1182.93,725.00
1.18592,-1299.73,866.69
1.18602,-1414.69,1007.15
1.18612,-1527.63,1146.18
1.18622,-1638.41,1283.57
1.18632,-1746.85,1419.15
1.18642,-1852.82,1552.71
1.18652,-1956.15,1684.06
1.18662,-2056.70,1813.01
1.18672,-2154.33,1939.39
1.18682,-2248.89,2063.02
1.18692,-2340.27,2183.71
1.18702,-2428.31,2301.30
1.18712,-2512.91,2415.62
1.18722,-2593.93,2526.51
1.18732,-2671.27,2633.80
1.18742,-2744.82,2737.35
1.18752,-2814.46,2837.01
1.18762,-2880.10,2932.65
1.18772,-2941.65,3024.11
1.18782,-2999.03,3111.27
1.18792,-3052.13,3194.02
1.18802,-3100.91,3272.22
1.18812,-3145.27,3345.78
1.18822,-3185.17,3414.58
1.18832,-3220.54,3478.52
1.18842,-3251.33,3537.53
1.18852,-3277.51,3591.50
1.18862,-3299.02,3640.38
1.18872,-3315.85,3684.08
1.18882,-3327.97,3722.54
1.18892,-3335.36,3755.71
1.18902,-3338.01,3783.55
1.18912,-3335.91,3806.01
1.18922,-3329.08,3823.06
1.18932,-3317.51,3834.68
1.18942,-3301.23,3840.85
1.18952,-3280.26,3841.56
1.18962,-3254.63,3836.81
1.18972,-3224.37,3826.61
1.18982,-3189.53,3810.97
1.18992,-3150.16,3789.91
1.19002,-3106.31,3763.47
1.19012,-3058.05,3731.68
1.19022,-3005.44,3694.59
1.19032,-2948.57,3652.25
1.19042,-2887.50,3604.71
1.19052,-2822.33,3552.06
1.19062,-2753.15,3494.35
1.19072,-2680.05,3431.68
1.19082,-2603.15,3364.14
1.19092,-2522.55,3291.81
1.19102,-2438.36,3214.80
1.19112,-2350.71,3133.23
1.19122,-2259.72,3047.20
1.19132,-2165.52,2956.85
1.19142,-2068.24,2862.29
1.19152,-1968.03,2763.66
1.19162,-1865.01,2661.11
1.19172,-1759.35,2554.77
1.19182,-1651.18,2444.81
1.19192,-1540.67,2331.36
1.19202,-1427.97,2214.61
1.19212,-1313.25,2094.71
1.19222,-1196.65,1971.83
1.19232,-1078.36,1846.15
1.19242,-958.53,1717.85
1.19252,-837.34,1587.10
1.19262,-714.96,1454.10
1.19272,-591.57,1319.03
1.19282,-467.33,1182.09
1.19292,-342.43,1043.47
1.19302,-217.05,903.36
1.19312,-91.35,761.97
1.19322,34.47,619.50
1.19332,160.24,476.15
1.19342,285.79,332.12
1.19352,410.93,187.62
1.19362,535.48,42.85
1.19372,659.28,-101.98
1.19382,782.14,-246.67
1.19392,903.88,-391.00
1.19402,1024.34,-534.78
1.19412,1143.35,-677.80
1.19422,1260.73,-819.86
1.19432,1376.32,-960.75
1.19442,1489.95,-1100.27
1.19452,1601.46,-1238.24
1.19462,1710.70,-1374.44
1.19472,1817.51,-1508.69
1.19482,1921.74,-1640.80
1.19492,2023.23,-1770.57
1.19502,2121.85,-1897.83
1.19512,2217.45,-2022.40
1.19522,2309.90,-2144.09
1.19532,2399.07,-2262.73
1.19542,2484.83,-2378.16
1.19552,2567.06,-2490.20
1.19562,2645.64,-2598.71
1.19572,2720.46,-2703.53
1.19582,2791.42,-2804.50
1.19592,2858.40,-2901.49
1.19602,2921.33,-2994.36
1.19612,2980.10,-3082.97
1.19622,3034.64,-3167.20
1.19632,3084.87,-3246.93
1.19642,3130.71,-3322.05
1.19652,3172.10,-3392.45
1.19662,3208.99,-3458.02
1.19672,3241.31,-3518.68
1.19682,3269.03,-3574.34
1.19692,3292.10,-3624.92
1.19702,3310.50,-3670.36
1.19712,3324.19,-3710.57
1.19722,3333.15,-3745.51
1.19732,3337.38,-3775.13
1.19742,3336.87,-3799.39
1.19752,3331.61,-3818.25
1.19762,3321.62,-3831.68
1.19772,3306.91,-3839.66
1.19782,3287.50,-3842.19
1.19792,3263.42,-3839.26
1.19802,3234.70,-3830.88
1.19812,3201.38,-3817.05
1.19822,3163.52,-3797.80
1.19832,3121.15,-3773.15
1.19842,3074.36,-3743.14
1.19852,3023.19,-3707.81
1.19862,2967.73,-3667.21
1.19872,2908.05,-3621.40
1.19882,2844.23,-3570.44
1.19892,2776.38,-3514.41
1.19902,2704.58,-3453.39
1.19912,2628.93,-3387.46
1.19922,2549.55,-3316.71
1.19932,2466.55,-3241.25
1.19942,2380.04,-3161.19
1.19952,2290.15,-3076.63
1.19962,2197.01,-2987.71
1.19972,2100.74,-2894.53
1.19982,2001.48,-2797.25
1.19992,1899.39,-2695.99
1.20002,1794.59,-2590.89
1.20012,1687.24,-2482.12
1.20022,1577.50,-2369.82
1.20032,1465.51,-2254.15
1.20042,1351.44,-2135.28
1.20052,1235.45,-2013.38
1.20062,1117.70,-1888.61
1.20072,998.37,-1761.16
1.20082,877.61,-1631.21
1.20092,755.61,-1498.94
1.20102,632.54,-1364.54
1.20112,508.56,-1228.20
1.20122,383.87,-1090.11
1.20132,258.62,-950.48
1.20142,133.01,-809.50
1.20152,7.21,-667.36
1.20162,-118.60,-524.28
1.20172,-244.24,-380.45
1.20182,-369.53,-236.09
1.20192,-494.30,-91.38
1.20202,-618.37,53.45
1.20212,-741.56,198.20
1.20222,-863.70,342.68
1.20232,-984.61,486.67
1.20242,-1104.11,629.96
1.20252,-1222.06,772.36
1.20262,-1338.26,913.66
1.20272,-1452.56,1053.67
1.20282,-1564.80,1192.17
1.20292,-1674.82,1328.98
1.20302,-1782.45,1463.91
1.20312,-1887.55,1596.75
1.20322,-1989.97,1727.32
1.20332,-2089.57,1855.44
1.20342,-2186.19,1980.92
1.20352,-2279.71,2103.59
1.20362,-2369.98,2223.27
1.20372,-2456.89,2339.78
1.20382,-2540.31,2452.98
1.20392,-2620.12,2562.68
1.20402,-2696.21,2668.75
1.20412,-2768.46,2771.02
1.20422,-2836.78,2869.35
1.20432,-2901.07,2963.61
1.20442,-2961.24,3053.65
1.20452,-3017.20,3139.36
1.20462,-3068.87,3220.60
1.20472,-3116.18,3297.27
1.20482,-3159.06,3369.25
1.20492,-3197.46,3436.44
1.20502,-3231.31,3498.75
1.20512,-3260.57,3556.09
1.20522,-3285.19,3608.37
1.20532,-3305.15,3655.53
1.20542,-3320.41,3697.49
1.20552,-3330.95,3734.19
1.20562,-3336.76,3765.59
1.20572,-3337.83,3791.64
1.20582,-3334.15,3812.30
1.20592,-3325.74,3827.54
1.20602,-3312.60,3837.35
1.20612,-3294.75,3841.70
1.20622,-3272.22,3840.59
1.20632,-3245.05,3834.02
1.20642,-3213.26,3822.00
1.20652,-3176.90,3804.56
1.20662,-3136.03,3781.70
1.20672,-3090.71,3753.47
1.20682,-3040.99,3719.91
1.20692,-2986.95,3681.06
1.20702,-2928.66,3636.98
1.20712,-2866.22,3587.73
1.20722,-2799.70,3533.39
1.20732,-2729.20,3474.02
1.20742,-2654.83,3409.71
1.20752,-2576.68,3340.56
1.20762,-2494.87,3266.66
1.20772,-2409.52,3188.12
1.20782,-2320.74,3105.05
1.20792,-2228.67,3017.57
1.20802,-2133.42,2925.79
1.20812,-2035.15,2829.86
1.20822,-1933.99,2729.91
1.20832,-1830.07,2626.08
1.20842,-1723.56,2518.52
1.20852,-1614.59,2407.38
1.20862,-1503.34,2292.81
1.20872,-1389.94,2174.99
1.20882,-1274.57,2054.08
1.20892,-1157.39,1930.25
1.20902,-1038.57,1803.67
1.20912,-918.27,1674.53
1.20922,-796.67,1543.01
1.20932,-673.93,1409.30
1.20942,-550.23,1273.59
1.20952,-425.76,1136.06
1.20962,-300.68,996.93
1.20972,-175.17,856.37
1.20982,-49.41,714.60
1.20992,76.41,571.81
1.21002,202.13,428.21
1.21012,327.56,284.00
1.21022,452.53,139.39
1.21032,576.85,-5.43
1.21042,700.35,-150.23
1.21052,822.86,-294.82
1.21062,944.19,-438.99
1.21072,1064.19,-582.54
1.21082,1182.67,-725.26
1.21092,1299.47,-866.95
1.21102,1414.43,-1007.41
1.21112,1527.37,-1146.44
1.21122,1638.14,-1283.84
1.21132,1746.59,-1419.41
1.21142,1852.55,-1552.97
1.21152,1955.88,-1684.32
1.21162,2056.44,-1813.28
1.21172,2154.06,-1939.66
1.21182,2248.63,-2063.28
1.21192,2340.00,-2183.97
1.21202,2428.05,-2301.56
1.21212,2512.65,-2415.88
1.21222,2593.67,-2526.77
1.21232,2671.01,-2634.06
1.21242,2744.55,-2737.61
1.21252,2814.20,-2837.28
1.21262,2879.84,-2932.91
1.21272,2941.39,-3024.37
1.21282,2998.76,-3111.54
1.21292,3051.87,-3194.28
1.21302,3100.64,-3272.48
1.21312,3145.01,-3346.04
1.21322,3184.91,-3414.84
1.21332,3220.28,-3478.78
1.21342,3251.07,-3537.79
1.21352,3277.25,-3591.77
1.21362,3298.76,-3640.64
1.21372,3315.59,-3684.34
1.21382,3327.71,-3722.80
1.21392,3335.10,-3755.97
1.21402,3337.74,-3783.81
1.21412,3335.65,-3806.27
1.21422,3328.81,-3823.32
1.21432,3317.25,-3834.94
1.21442,3300.97,-3841.11
1.21452,3280.00,-3841.82
1.21462,3254.37,-3837.07
1.21472,3224.11,-3826.87
1.21482,3189.27,-3811.23
1.21492,3149.90,-3790.17
1.21502,3106.05,-3763.73
1.21512,3057.79,-3731.94
1.21522,3005.18,-3694.85
1.21532,2948.31,-3652.51
1.21542,2887.24,-3604.97
1.21552,2822.07,-3552.32
1.21562,2752.89,-3494.61
1.21572,2679.79,-3431.94
1.21582,2602.89,-3364.40
1.21592,2522.29,-3292.07
1.21602,2438.10,-3215.07
1.21612,2350.45,-3133.49
1.21622,2259.46,-3047.46
1.21632,2165.26,-2957.11
1.21642,2067.98,-2862.55
1.21652,1967.77,-2763.92
1.21662,1864.75,-2661.37
1.21672,1759.09,-2555.03
1.21682,1650.93,-2445.07
1.21692,1540.41,-2331.62
1.21702,1427.72,-2214.87
1.21712,1312.99,-2094.97
1.21722,1196.39,-1972.09
1.21732,1078.10,-1846.41
1.21742,958.27,-1718.11
1.21752,837.08,-1587.36
1.21762,714.70,-1454.36
1.21772,591.31,-1319.29
1.21782,467.07,-1182.35
1.21792,342.18,-1043.73
1.21802,216.79,-903.62
1.21812,91.10,-762.23
1.21822,-34.73,-619.76
1.21832,-160.50,-476.41
1.21842,-286.05,-332.38
1.21852,-411.19,-187.87
1.21862,-535.74,-43.11
1.21872,-659.54,101.72
1.21882,-782.39,246.41
1.21892,-904.14,390.74
1.21902,-1024.60,534.52
1.21912,-1143.60,677.54
1.21922,-1260.98,819.60
1.21932,-1376.57,960.49
1.21942,-1490.21,1100.02
1.21952,-1601.72,1237.98
1.21962,-1710.96,1374.18
1.21972,-1817.77,1508.43
1.21982,-1921.99,1640.54
1.21992,-2023.49,1770.32
1.22002,-2122.10,1897.58
1.22012,-2217.71,2022.14
1.22022,-2310.16,2143.83
1.22032,-2399.33,2262.47
1.22042,-2485.09,2377.90
1.22052,-2567.32,2489.95
1.22062,-2645.90,2598.46
1.22072,-2720.72,2703.27
1.22082,-2791.67,2804.25
1.22092,-2858.66,2901.24
1.22102,-2921.58,2994.10
1.22112,-2980.36,3082.72
1.22122,-3034.90,3166.95
1.22132,-3085.12,3246.68
1.22142,-3130.97,3321.79
1.22152,-3172.36,3392.19
1.22162,-3209.24,3457.76
1.22172,-3241.57,3518.43
1.22182,-3269.29,3574.09
1.22192,-3292.36,3624.67
1.22202,-3310.75,3670.10
1.22212,-3324.44,3710.32
1.22222,-3333.41,3745.26
1.22232,-3337.64,3774.88
1.22242,-3337.12,3799.13
1.22252,-3331.87,3817.99
1.22262,-3321.88,3831.42
1.22272,-3307.17,3839.41
1.22282,-3287.76,3841.94
1.22292,-3263.67,3839.01
1.22302,-3234.95,3830.62
1.22312,-3201.64,3816.80
1.22322,-3163.77,3797.54
1.22332,-3121.41,3772.89
1.22342,-3074.61,3742.88
1.22352,-3023.45,3707.55
1.22362,-2967.98,3666.95
1.22372,-2908.30,3621.14
1.22382,-2844.49,3570.19
1.22392,-2776.63,3514.16
1.22402,-2704.83,3453.13
1.22412,-2629.19,3387.20
1.22422,-2549.81,3316.46
1.22432,-2466.81,3241.00
1.22442,-2380.30,3160.94
1.22452,-2290.41,3076.38
1.22462,-2197.26,2987.45
1.22472,-2100.99,2894.28
1.22482,-2001.74,2796.99
1.22492,-1899.64,2695.73
1.22502,-1794.84,2590.64
1.22512,-1687.50,2481.87
1.22522,-1577.75,2369.57
1.22532,-1465.76,2253.90
1.22542,-1351.69,2135.03
1.22552,-1235.70,2013.12
1.22562,-1117.96,1888.36
1.22572,-998.62,1760.91
1.22582,-877.87,1630.95
1.22592,-755.87,1498.68
1.22602,-632.79,1364.28
1.22612,-508.82,1227.95
1.22622,-384.12,1089.86
1.22632,-258.88,950.23
1.22642,-133.26,809.24
1.22652,-7.47,667.11
1.22662,118.35,524.03
1.22672,243.99,380.20
1.22682,369.28,235.84
1.22692,494.05,91.13
1.22702,618.12,-53.70
1.22712,741.31,-198.45
1.22722,863.44,-342.93
1.22732,984.35,-486.92
1.22742,1103.86,-630.21
1.22752,1221.80,-772.61
1.22762,1338.01,-913.91
1.22772,1452.31,-1053.92
1.22782,1564.55,-1192.42
1.22792,1674.56,-1329.23
1.22802,1782.20,-1464.16
1.22812,1887.30,-1597.00
1.22822,1989.72,-1727.57
1.22832,2089.32,-1855.69
1.22842,2185.94,-1981.17
1.22852,2279.46,-2103.84
1.22862,2369.73,-2223.52
1.22872,2456.64,-2340.03
1.22882,2540.06,-2453.23
1.22892,2619.87,-2562.93
1.22902,2695.96,-2669.00
1.22912,2768.21,-2771.27
1.22922,2836.53,-2869.60
1.22932,2900.82,-2963.86
1.22942,2960.99,-3053.90
1.22952,3016.95,-3139.61
1.22962,3068.62,-3220.85
1.22972,3115.93,-3297.52
1.22982,3158.81,-3369.50
1.22992,3197.21,-3436.69
1.23002,3231.06,-3499.00
1.23012,3260.32,-3556.34
1.23022,3284.94,-3608.62
1.23032,3304.90,-3655.78
1.23042,3320.16,-3697.74
1.23052,3330.70,-3734.44
1.23062,3336.51,-3765.84
1.23072,3337.58,-3791.89
1.23082,3333.90,-3812.55
1.23092,3325.49,-3827.79
1.23102,3312.35,-3837.60
1.23112,3294.50,-3841.95
1.23122,3271.98,-3840.84
1.23132,3244.80,-3834.27
1.23142,3213.01,-3822.25
1.23152,3176.65,-3804.80
1.23162,3135.78,-3781.95
1.23172,3090.46,-3753.72
1.23182,3040.74,-3720.16
1.23192,2986.70,-3681.31
1.23202,2928.42,-3637.23
1.23212,2865.97,-3587.98
1.23222,2799.45,-3533.63
1.23232,2728.96,-3474.27
1.23242,2654.58,-3409.96
1.23252,2576.44,-3340.81
1.23262,2494.63,-3266.91
1.23272,2409.27,-3188.37
1.23282,2320.50,-3105.30
1.23292,2228.42,-3017.82
1.23302,2133.18,-2926.04
1.23312,2034.90,-2830.11
1.23322,1933.74,-2730.16
1.23332,1829.82,-2626.33
1.23342,1723.31,-2518.77
1.23352,1614.35,-2407.62
1.23362,1503.09,-2293.06
1.23372,1389.70,-2175.24
1.23382,1274.33,-2054.33
1.23392,1157.15,-1930.49
1.23402,1038.32,-1803.92
1.23412,918.02,-1674.78
1.23422,796.42,-1543.26
1.23432,673.68,-1409.55
1.23442,549.99,-1273.84
1.23452,425.51,-1136.31
1.23462,300.43,-997.17
1.23472,174.92,-856.62
1.23482,49.17,-714.85
1.23492,-76.66,-572.06
1.23502,-202.38,-428.46
1.23512,-327.81,-284.25
1.23522,-452.77,-139.63
1.23532,-577.09,5.18
1.23542,-700.59,149.98
1.23552,-823.10,294.57
1.23562,-944.44,438.75
1.23572,-1064.43,582.30
1.23582,-1182.91,725.02
1.23592,-1299.72,866.71
1.23602,-1414.67,1007.17
1.23612,-1527.61,1146.19
1.23622,-1638.39,1283.59
1.23632,-1746.83,1419.17
1.23642,-1852.80,1552.72
1.23652,-1956.13,1684.07
1.23662,-2056.68,1813.03
1.23672,-2154.31,1939.41
1.23682,-2248.88,2063.04
1.23692,-2340.25,2183.73
1.23702,-2428.29,2301.32
1.23712,-2512.89,2415.64
1.23722,-2593.92,2526.52
1.23732,-2671.25,2633.82
1.23742,-2744.80,2737.37
1.23752,-2814.44,2837.03
1.23762,-2880.08,2932.66
1.23772,-2941.64,3024.12
1.23782,-2999.01,3111.29
1.23792,-3052.12,3194.03
1.23802,-3100.89,3272.24
1.23812,-3145.25,3345.79
1.23822,-3185.15,3414.59
1.23832,-3220.52,3478.54
1.23842,-3251.32,3537.54
1.23852,-3277.49,3591.52
1.23862,-3299.01,3640.39
1.23872,-3315.84,3684.09
1.23882,-3327.95,3722.56
1.23892,-3335.34,3755.73
1.23902,-3337.99,3783.57
1.23912,-3335.89,3806.03
1.23922,-3329.06,3823.08
1.23932,-3317.49,3834.70
1.23942,-3301.21,3840.87
1.23952,-3280.24,3841.58
1.23962,-3254.61,3836.83
1.23972,-3224.35,3826.63
1.23982,-3189.51,3810.99
1.23992,-3150.14,3789.93
1.24002,-3106.29,3763.49
1.24012,-3058.03,3731.70
1.24022,-3005.43,3694.61
1.24032,-2948.55,3652.26
1.24042,-2887.48,3604.73
1.24052,-2822.31,3552.08
1.24062,-2753.13,3494.37
1.24072,-2680.03,3431.70
1.24082,-2603.13,3364.16
1.24092,-2522.53,3291.83
1.24102,-2438.35,3214.82
1.24112,-2350.70,3133.25
1.24122,-2259.71,3047.22
1.24132,-2165.51,2956.87
1.24142,-2068.23,2862.31
1.24152,-1968.01,2763.68
1.24162,-1865.00,2661.13
1.24172,-1759.33,2554.79
1.24182,-1651.17,2444.82
1.24192,-1540.66,2331.38
1.24202,-1427.96,2214.63
1.24212,-1313.23,2094.73
1.24222,-1196.63,1971.85
1.24232,-1078.34,1846.17
1.24242,-958.51,1717.86
1.24252,-837.32,1587.12
1.24262,-714.95,1454.12
1.24272,-591.55,1319.05
1.24282,-467.32,1182.11
1.24292,-342.42,1043.49
1.24302,-217.03,903.38
1.24312,-91.34,761.99
1.24322,34.48,619.52
1.24332,160.26,476.17
1.24342,285.80,332.14
1.24352,410.94,187.63
1.24362,535.50,42.87
1.24372,659.29,-101.96
1.24382,782.15,-246.65
1.24392,903.90,-390.98
1.24402,1024.36,-534.76
1.24412,1143.36,-677.78
1.24422,1260.74,-819.84
1.24432,1376.33,-960.73
1.24442,1489.97,-1100.26
1.24452,1601.48,-1238.22
1.24462,1710.72,-1374.42
1.24472,1817.53,-1508.67
1.24482,1921.75,-1640.78
1.24492,2023.25,-1770.56
1.24502,2121.86,-1897.81
1.24512,2217.47,-2022.38
1.24522,2309.92,-2144.07
1.24532,2399.09,-2262.71
1.24542,2484.85,-2378.14
1.24552,2567.08,-2490.18
1.24562,2645.66,-2598.69
1.24572,2720.48,-2703.51
1.24582,2791.43,-2804.48
1.24592,2858.42,-2901.47
1.24602,2921.35,-2994.34
1.24612,2980.12,-3082.95
1.24622,3034.66,-3167.18
1.24632,3084.88,-3246.91
1.24642,3130.73,-3322.03
1.24652,3172.12,-3392.43
1.24662,3209.00,-3458.00
1.24672,3241.33,-3518.66
1.24682,3269.05,-3574.32
1.24692,3292.12,-3624.91
1.24702,3310.52,-3670.34
1.24712,3324.21,-3710.55
1.24722,3333.17,-3745.50
1.24732,3337.40,-3775.12
1.24742,3336.89,-3799.37
1.24752,3331.63,-3818.23
1.24762,3321.64,-3831.66
1.24772,3306.93,-3839.65
1.24782,3287.52,-3842.18
1.24792,3263.44,-3839.25
1.24802,3234.72,-3830.86
1.24812,3201.40,-3817.03
1.24822,3163.53,-3797.78
1.24832,3121.17,-3773.13
1.24842,3074.38,-3743.12
1.24852,3023.21,-3707.79
1.24862,2967.75,-3667.19
1.24872,2908.07,-3621.38
1.24882,2844.25,-3570.42
1.24892,2776.40,-3514.39
1.24902,2704.60,-3453.37
1.24912,2628.95,-3387.44
1.24922,2549.57,-3316.69
1.24932,2466.57,-3241.24
1.24942,2380.06,-3161.17
1.24952,2290.17,-3076.62
1.24962,2197.02,-2987.69
1.24972,2100.76,-2894.52
1.24982,2001.50,-2797.23
1.24992,1899.40,-2695.97
1.25002,1794.61,-2590.88
1.25012,1687.26,-2482.10
1.25022,1577.51,-2369.80
1.25032,1465.53,-2254.14
1.25042,1351.46,-2135.26
1.25052,1235.47,-2013.36
1.25062,1117.72,-1888.59
1.25072,998.39,-1761.14
1.25082,877.63,-1631.19
1.25092,755.63,-1498.92
1.25102,632.56,-1364.52
1.25112,508.58,-1228.18
1.25122,383.88,-1090.10
1.25132,258.64,-950.46
1.25142,133.03,-809.48
1.25152,7.23,-667.35
1.25162,-118.58,-524.27
1.25172,-244.22,-380.44
1.25182,-369.52,-236.07
1.25192,-494.29,-91.37
1.25202,-618.35,53.46
1.25212,-741.54,198.22
1.25222,-863.68,342.69
1.25232,-984.59,486.68
1.25242,-1104.10,629.98
1.25252,-1222.04,772.38
1.25262,-1338.24,913.68
1.25272,-1452.54,1053.68
1.25282,-1564.78,1192.19
1.25292,-1674.80,1329.00
1.25302,-1782.43,1463.92
1.25312,-1887.54,1596.77
1.25322,-1989.96,1727.34
1.25332,-2089.55,1855.46
1.25342,-2186.17,1980.94
1.25352,-2279.69,2103.61
1.25362,-2369.97,2223.28
1.25372,-2456.88,2339.80
1.25382,-2540.30,2452.99
1.25392,-2620.10,2562.70
1.25402,-2696.19,2668.76
1.25412,-2768.44,2771.03
1.25422,-2836.77,2869.37
1.25432,-2901.05,2963.62
1.25442,-2961.22,3053.67
1.25452,-3017.18,3139.37
1.25462,-3068.85,3220.62
1.25472,-3116.16,3297.28
1.25482,-3159.05,3369.26
1.25492,-3197.44,3436.46
1.25502,-3231.29,3498.77
1.25512,-3260.55,3556.10
1.25522,-3285.18,3608.39
1.25532,-3305.13,3655.54
1.25542,-3320.39,3697.50
1.25552,-3330.94,3734.21
1.25562,-3336.74,3765.61
1.25572,-3337.81,3791.66
1.25582,-3334.14,3812.32
1.25592,-3325.72,3827.56
1.25602,-3312.58,3837.36
1.25612,-3294.74,3841.71
1.25622,-3272.21,3840.60
1.25632,-3245.03,3834.04
1.25642,-3213.24,3822.02
1.25652,-3176.89,3804.57
1.25662,-3136.02,3781.72
1.25672,-3090.69,3753.49
1.25682,-3040.97,3719.93
1.25692,-2986.93,3681.08
1.25702,-2928.65,3637.00
1.25712,-2866.20,3587.75
1.25722,-2799.68,3533.40
1.25732,-2729.19,3474.04
1.25742,-2654.81,3409.73
1.25752,-2576.67,3340.58
1.25762,-2494.86,3266.68
1.25772,-2409.50,3188.14
1.25782,-2320.73,3105.07
1.25792,-2228.65,3017.59
1.25802,-2133.41,2925.81
1.25812,-2035.14,2829.88
1.25822,-1933.97,2729.93
1.25832,-1830.06,2626.10
1.25842,-1723.54,2518.54
1.25852,-1614.58,2407.39
1.25862,-1503.32,2292.83
1.25872,-1389.93,2175.01
1.25882,-1274.56,2054.10
1.25892,-1157.38,1930.26
1.25902,-1038.55,1803.69
1.25912,-918.25,1674.55
1.25922,-796.65,1543.03
1.25932,-673.91,1409.32
1.25942,-550.22,1273.61
1.25952,-425.74,1136.08
1.25962,-300.66,996.94
1.25972,-175.16,856.39
1.25982,-49.40,714.62
1.25992,76.43,571.83
1.26002,202.15,428.23
1.26012,327.58,284.02
1.26022,452.54,139.40
1.26032,576.86,-5.41
1.26042,700.36,-150.21
1.26052,822.87,-294.80
1.26062,944.21,-438.98
1.26072,1064.20,-582.52
1.26082,1182.68,-725.24
1.26092,1299.49,-866.93
1.26102,1414.44,-1007.39
1.26112,1527.38,-1146.42
1.26122,1638.16,-1283.82
1.26132,1746.60,-1419.39
1.26142,1852.57,-1552.95
1.26152,1955.90,-1684.30
1.26162,2056.45,-1813.26
1.26172,2154.08,-1939.64
1.26182,2248.65,-2063.26
1.26192,2340.02,-2183.96
1.26202,2428.07,-2301.54
1.26212,2512.66,-2415.86
1.26222,2593.69,-2526.75
1.26232,2671.03,-2634.04
1.26242,2744.57,-2737.60
1.26252,2814.21,-2837.26
1.26262,2879.86,-2932.89
1.26272,2941.41,-3024.35
1.26282,2998.78,-3111.52
1.26292,3051.89,-3194.26
1.26302,3100.66,-3272.47
1.26312,3145.03,-3346.02
1.26322,3184.92,-3414.82
1.26332,3220.29,-3478.77
1.26342,3251.09,-3537.77
1.26352,3277.26,-3591.75
1.26362,3298.78,-3640.62
1.26372,3315.61,-3684.32
1.26382,3327.72,-3722.78
1.26392,3335.11,-3755.96
1.26402,3337.76,-3783.79
1.26412,3335.67,-3806.25
1.26422,3328.83,-3823.31
1.26432,3317.27,-3834.92
1.26442,3300.99,-3841.09
1.26452,3280.01,-3841.80
1.26462,3254.38,-3837.05
1.26472,3224.13,-3826.85
1.26482,3189.29,-3811.21
1.26492,3149.92,-3790.16
1.26502,3106.07,-3763.72
1.26512,3057.81,-3731.93
1.26522,3005.20,-3694.83
1.26532,2948.32,-3652.49
1.26542,2887.25,-3604.96
1.26552,2822.08,-3552.30
1.26562,2752.90,-3494.60
1.26572,2679.81,-3431.93
1.26582,2602.91,-3364.38
1.26592,2522.31,-3292.06
1.26602,2438.12,-3215.05
1.26612,2350.47,-3133.48
1.26622,2259.48,-3047.45
1.26632,2165.28,-2957.09
1.26642,2068.00,-2862.53
1.26652,1967.78,-2763.91
1.26662,1864.77,-2661.35
1.26672,1759.11,-2555.02
1.26682,1650.94,-2445.05
1.26692,1540.43,-2331.61
1.26702,1427.73,-2214.85
1.26712,1313.01,-2094.95
1.26722,1196.41,-1972.08
1.26732,1078.12,-1846.39
1.26742,958.29,-1718.09
1.26752,837.10,-1587.34
1.26762,714.72,-1454.34
1.26772,591.33,-1319.28
1.26782,467.09,-1182.33
1.26792,342.19,-1043.71
1.26802,216.81,-903.61
1.26812,91.12,-762.22
1.26822,-34.71,-619.74
1.26832,-160.48,-476.39
1.26842,-286.03,-332.36
1.26852,-411.17,-187.86
1.26862,-535.72,-43.09
1.26872,-659.52,101.74
1.26882,-782.37,246.42
1.26892,-904.12,390.76
1.26902,-1024.58,534.54
1.26912,-1143.59,677.56
1.26922,-1260.97,819.61
1.26932,-1376.56,960.50
1.26942,-1490.19,1100.03
1.26952,-1601.70,1237.99
1.26962,-1710.94,1374.20
1.26972,-1817.75,1508.45
1.26982,-1921.97,1640.56
1.26992,-2023.47,1770.33
1.27002,-2122.09,1897.59
1.27012,-2217.69,2022.15
1.27022,-2310.14,2143.84
1.27032,-2399.31,2262.49
1.27042,-2485.07,2377.91
1.27052,-2567.30,2489.96
1.27062,-2645.88,2598.47
1.27072,-2720.70,2703.29
1.27082,-2791.65,2804.26
1.27092,-2858.64,2901.25
1.27102,-2921.57,2994.12
1.27112,-2980.34,3082.73
1.27122,-3034.88,3166.96
1.27132,-3085.11,3246.69
1.27142,-3130.95,3321.81
1.27152,-3172.34,3392.20
1.27162,-3209.23,3457.78
1.27172,-3241.55,3518.44
1.27182,-3269.27,3574.10
1.27192,-3292.34,3624.68
1.27202,-3310.74,3670.12
1.27212,-3324.43,3710.33
1.27222,-3333.39,3745.27
1.27232,-3337.62,3774.89
1.27242,-3337.11,3799.15
1.27252,-3331.85,3818.01
1.27262,-3321.86,3831.44
1.27272,-3307.15,3839.43
1.27282,-3287.74,3841.96
1.27292,-3263.66,3839.03
1.27302,-3234.94,3830.64
1.27312,-3201.62,3816.81
1.27322,-3163.76,3797.56
1.27332,-3121.39,3772.91
1.27342,-3074.60,3742.90
1.27352,-3023.43,3707.57
1.27362,-2967.97,3666.97
1.27372,-2908.29,3621.16
1.27382,-2844.47,3570.20
1.27392,-2776.62,3514.17
1.27402,-2704.82,3453.15
1.27412,-2629.17,3387.22
1.27422,-2549.79,3316.47
1.27432,-2466.79,3241.02
1.27442,-2380.28,3160.95
1.27452,-2290.39,3076.40
1.27462,-2197.24,2987.47
1.27472,-2100.98,2894.30
1.27482,-2001.72,2797.01
1.27492,-1899.63,2695.75
1.27502,-1794.83,2590.66
1.27512,-1687.48,2481.89
1.27522,-1577.74,2369.58
1.27532,-1465.75,2253.92
1.27542,-1351.68,2135.05
1.27552,-1235.69,2013.14
1.27562,-1117.94,1888.37
1.27572,-998.61,1760.92
1.27582,-877.85,1630.97
1.27592,-755.85,1498.70
1.27602,-632.78,1364.30
1.27612,-508.80,1227.96
1.27622,-384.10,1089.88
1.27632,-258.86,950.25
1.27642,-133.25,809.26
1.27652,-7.45,667.13
1.27662,118.36,524.05
1.27672,244.00,380.22
1.27682,369.30,235.85
1.27692,494.07,91.15
1.27702,618.13,-53.68
1.27712,741.32,-198.44
1.27722,863.46,-342.91
1.27732,984.37,-486.90
1.27742,1103.88,-630.19
1.27752,1221.82,-772.59
1.27762,1338.02,-913.90
1.27772,1452.32,-1053.90
1.27782,1564.56,-1192.41
1.27792,1674.58,-1329.22
1.27802,1782.21,-1464.14
1.27812,1887.32,-1596.98
1.27822,1989.74,-1727.56
1.27832,2089.33,-1855.67
1.27842,2185.95,-1981.16
1.27852,2279.47,-2103.82
1.27862,2369.75,-2223.50
1.27872,2456.66,-2340.02
1.27882,2540.08,-2453.21
1.27892,2619.89,-2562.92
1.27902,2695.97,-2668.98
1.27912,2768.23,-2771.25
1.27922,2836.55,-2869.58
1.27932,2900.84,-2963.84
1.27942,2961.00,-3053.89
1.27952,3016.96,-3139.59
1.27962,3068.64,-3220.83
1.27972,3115.95,-3297.50
1.27982,3158.83,-3369.48
1.27992,3197.22,-3436.67
1.28002,3231.07,-3498.98
1.28012,3260.33,-3556.32
1.28022,3284.96,-3608.60
1.28032,3304.92,-3655.76
1.28042,3320.18,-3697.72
1.28052,3330.72,-3734.43
1.28062,3336.53,-3765.83
1.28072,3337.60,-3791.88
1.28082,3333.92,-3812.54
1.28092,3325.51,-3827.78
1.28102,3312.37,-3837.58
1.28112,3294.52,-3841.93
1.28122,3271.99,-3840.82
1.28132,3244.81,-3834.25
1.28142,3213.02,-3822.24
1.28152,3176.67,-3804.79
1.28162,3135.80,-3781.94
1.28172,3090.47,-3753.71
1.28182,3040.76,-3720.14
1.28192,2986.72,-3681.30
1.28202,2928.43,-3637.22
1.28212,2865.99,-3587.97
1.28222,2799.47,-3533.62
1.28232,2728.97,-3474.25
1.28242,2654.60,-3409.95
1.28252,2576.45,-3340.79
1.28262,2494.64,-3266.90
1.28272,2409.29,-3188.36
1.28282,2320.51,-3105.28
1.28292,2228.44,-3017.80
1.28302,2133.19,-2926.03
1.28312,2034.92,-2830.10
1.28322,1933.76,-2730.15
1.28332,1829.84,-2626.32
1.28342,1723.33,-2518.75
1.28352,1614.36,-2407.61
1.28362,1503.11,-2293.05
1.28372,1389.71,-2175.22
1.28382,1274.35,-2054.31
1.28392,1157.17,-1930.48
1.28402,1038.34,-1803.90
1.28412,918.04,-1674.77
1.28422,796.44,-1543.25
1.28432,673.70,-1409.54
1.28442,550.01,-1273.82
1.28452,425.53,-1136.30
1.28462,300.45,-997.16
1.28472,174.94,-856.60
1.28482,49.19,-714.83
1.28492,-76.64,-572.04
1.28502,-202.36,-428.44
1.28512,-327.79,-284.23
1.28522,-452.75,-139.62
1.28532,-577.08,5.19
1.28542,-700.58,150.00
1.28552,-823.08,294.59
1.28562,-944.42,438.76
1.28572,-1064.41,582.31
1.28582,-1182.90,725.03
1.28592,-1299.70,866.72
1.28602,-1414.65,1007.18
1.28612,-1527.60,1146.21
1.28622,-1638.37,1283.61
1.28632,-1746.82,1419.18
1.28642,-1852.78,1552.74
1.28652,-1956.11,1684.09
1.28662,-2056.66,1813.04
1.28672,-2154.29,1939.42
1.28682,-2248.86,2063.05
1.28692,-2340.23,2183.74
1.28702,-2428.28,2301.33
1.28712,-2512.87,2415.65
1.28722,-2593.90,2526.54
1.28732,-2671.24,2633.83
1.28742,-2744.78,2737.38
1.28752,-2814.42,2837.05
1.28762,-2880.07,2932.68
1.28772,-2941.62,3024.14
1.28782,-2998.99,3111.30
1.28792,-3052.10,3194.05
1.28802,-3100.87,3272.25
1.28812,-3145.24,3345.81
1.28822,-3185.13,3414.61
1.28832,-3220.51,3478.56
1.28842,-3251.30,3537.56
1.28852,-3277.47,3591.54
1.28862,-3298.99,3640.41
1.28872,-3315.82,3684.11
1.28882,-3327.94,3722.57
1.28892,-3335.32,3755.75
1.28902,-3337.97,3783.58
1.28912,-3335.88,3806.04
1.28922,-3329.04,3823.09
1.28932,-3317.48,3834.71
1.28942,-3301.20,3840.88
1.28952,-3280.23,3841.59
1.28962,-3254.59,3836.84
1.28972,-3224.34,3826.64
1.28982,-3189.50,3811.00
1.28992,-3150.13,3789.95
1.29002,-3106.28,3763.51
1.29012,-3058.02,3731.72
1.29022,-3005.41,3694.62
1.29032,-2948.53,3652.28
1.29042,-2887.47,3604.75
1.29052,-2822.30,3552.09
1.29062,-2753.11,3494.39
1.29072,-2680.02,3431.72
1.29082,-2603.12,3364.17
1.29092,-2522.52,3291.85
1.29102,-2438.33,3214.84
1.29112,-2350.68,3133.27
1.29122,-2259.69,3047.24
1.29132,-2165.49,2956.88
1.29142,-2068.21,2862.32
1.29152,-1968.00,2763.70
1.29162,-1864.98,2661.14
1.29172,-1759.32,2554.81
1.29182,-1651.15,2444.84
1.29192,-1540.64,2331.40
1.29202,-1427.94,2214.65
1.29212,-1313.22,2094.74
1.29222,-1196.62,1971.87
1.29232,-1078.33,1846.19
1.29242,-958.50,1717.88
1.29252,-837.31,1587.14
1.29262,-714.93,1454.13
1.29272,-591.54,1319.07
1.29282,-467.30,1182.13
1.29292,-342.40,1043.50
1.29302,-217.02,903.40
1.29312,-91.32,762.01
1.29322,34.50,619.54
1.29332,160.27,476.18
1.29342,285.82,332.15
1.29352,410.96,187.65
1.29362,535.51,42.88
1.29372,659.31,-101.95
1.29382,782.17,-246.63
1.29392,903.91,-390.97
1.29402,1024.37,-534.74
1.29412,1143.38,-677.76
1.29422,1260.76,-819.82
1.29432,1376.35,-960.71
1.29442,1489.98,-1100.24
1.29452,1601.49,-1238.20
1.29462,1710.73,-1374.41
1.29472,1817.54,-1508.66
1.29482,1921.77,-1640.76
1.29492,2023.26,-1770.54
1.29502,2121.88,-1897.80
1.29512,2217.48,-2022.36
1.29522,2309.93,-2144.05
1.29532,2399.10,-2262.69
1.29542,2484.86,-2378.12
1.29552,2567.09,-2490.17
1.29562,2645.67,-2598.68
1.29572,2720.49,-2703.49
1.29582,2791.45,-2804.47
1.29592,2858.43,-2901.46
1.29602,2921.36,-2994.33
1.29612,2980.13,-3082.94
1.29622,3034.67,-3167.17
1.29632,3084.90,-3246.90
1.29642,3130.74,-3322.01
1.29652,3172.13,-3392.41
1.29662,3209.02,-3457.99
1.29672,3241.34,-3518.65
1.29682,3269.06,-3574.31
1.29692,3292.14,-3624.89
1.29702,3310.53,-3670.32
1.29712,3324.22,-3710.54
1.29722,3333.19,-3745.48
1.29732,3337.42,-3775.10
1.29742,3336.90,-3799.36
1.29752,3331.65,-3818.21
1.29762,3321.66,-3831.65
1.29772,3306.95,-3839.63
1.29782,3287.53,-3842.16
1.29792,3263.45,-3839.23
1.29802,3234.73,-3830.85
1.29812,3201.42,-3817.02
1.29822,3163.55,-3797.77
1.29832,3121.19,-3773.12
1.29842,3074.39,-3743.10
1.29852,3023.22,-3707.77
1.29862,2967.76,-3667.18
1.29872,2908.08,-3621.37
1.29882,2844.27,-3570.41
1.29892,2776.41,-3514.38
1.29902,2704.61,-3453.36
1.29912,2628.97,-3387.42
1.29922,2549.59,-3316.68
1.29932,2466.59,-3241.22
1.29942,2380.08,-3161.16
1.29952,2290.19,-3076.60
1.29962,2197.04,-2987.68
1.29972,2100.77,-2894.50
1.29982,2001.52,-2797.22
1.29992,1899.42,-2695.96
1.30002,1794.62,-2590.86
1.30012,1687.28,-2482.09
1.30022,1577.53,-2369.79
1.30032,1465.54,-2254.12
1.30042,1351.47,-2135.25
1.30052,1235.48,-2013.35
1.30062,1117.74,-1888.58
1.30072,998.40,-1761.13
1.30082,877.65,-1631.18
1.30092,755.65,-1498.91
1.30102,632.57,-1364.51
1.30112,508.60,-1228.17
1.30122,383.90,-1090.08
1.30132,258.66,-950.45
1.30142,133.05,-809.47
1.30152,7.25,-667.33
1.30162,-118.56,-524.25
1.30172,-244.20,-380.43
1.30182,-369.50,-236.06
1.30192,-494.27,-91.36
1.30202,-618.34,53.48
1.30212,-741.53,198.23
1.30222,-863.66,342.71
1.30232,-984.57,486.69
1.30242,-1104.08,629.99
1.30252,-1222.02,772.39
1.30262,-1338.22,913.69
1.30272,-1452.53,1053.69
1.30282,-1564.77,1192.20
1.30292,-1674.78,1329.01
1.30302,-1782.42,1463.94
1.30312,-1887.52,1596.78
1.30322,-1989.94,1727.35
1.30332,-2089.53,1855.47
1.30342,-2186.16,1980.95
1.30352,-2279.67,2103.62
1.30362,-2369.95,2223.30
1.30372,-2456.86,2339.81
1.30382,-2540.28,2453.01
1.30392,-2620.09,2562.71
1.30402,-2696.17,2668.78
1.30412,-2768.43,2771.05
1.30422,-2836.75,2869.38
1.30432,-2901.04,2963.64
1.30442,-2961.21,3053.68
1.30452,-3017.17,3139.39
1.30462,-3068.84,3220.63
1.30472,-3116.15,3297.30
1.30482,-3159.03,3369.28
1.30492,-3197.43,3436.47
1.30502,-3231.28,3498.78
1.30512,-3260.53,3556.12
1.30522,-3285.16,3608.40
1.30532,-3305.12,3655.56
1.30542,-3320.38,3697.52
1.30552,-3330.92,3734.23
1.30562,-3336.73,3765.62
1.30572,-3337.80,3791.67
1.30582,-3334.12,3812.33
1.30592,-3325.71,3827.58
1.30602,-3312.57,3837.38
1.30612,-3294.72,3841.73
1.30622,-3272.19,3840.62
1.30632,-3245.02,3834.05
1.30642,-3213.23,3822.04
1.30652,-3176.87,3804.59
1.30662,-3136.00,3781.73
1.30672,-3090.68,3753.51
1.30682,-3040.96,3719.94
1.30692,-2986.92,3681.09
1.30702,-2928.63,3637.01
1.30712,-2866.19,3587.77
1.30722,-2799.67,3533.42
1.30732,-2729.17,3474.05
1.30742,-2654.80,3409.75
1.30752,-2576.65,3340.59
1.30762,-2494.84,3266.70
1.30772,-2409.49,3188.16
1.30782,-2320.71,3105.08
1.30792,-2228.64,3017.60
1.30802,-2133.40,2925.83
1.30812,-2035.12,2829.90
1.30822,-1933.96,2729.95
1.30832,-1830.04,2626.12
1.30842,-1723.53,2518.55
1.30852,-1614.57,2407.41
1.30862,-1503.31,2292.85
1.30872,-1389.91,2175.03
1.30882,-1274.55,2054.11
1.30892,-1157.37,1930.28
1.30902,-1038.54,1803.71
1.30912,-918.24,1674.57
1.30922,-796.64,1543.05
1.30932,-673.90,1409.34
1.30942,-550.21,1273.62
1.30952,-425.73,1136.10
1.30962,-300.65,996.96
1.30972,-175.14,856.41
1.30982,-49.39,714.63
1.30992,76.44,571.84
1.31002,202.16,428.24
1.31012,327.59,284.03
1.31022,452.55,139.42
1.31032,576.88,-5.39
1.31042,700.38,-150.20
1.31052,822.88,-294.79
1.31062,944.22,-438.96
1.31072,1064.21,-582.51
1.31082,1182.70,-725.23
1.31092,1299.50,-866.92
1.31102,1414.45,-1007.38
1.31112,1527.40,-1146.40
1.31122,1638.17,-1283.80
1.31132,1746.62,-1419.38
1.31142,1852.58,-1552.93
1.31152,1955.91,-1684.28
1.31162,2056.46,-1813.24
1.31172,2154.09,-1939.62
1.31182,2248.66,-2063.25
1.31192,2340.03,-2183.94
1.31202,2428.08,-2301.53
1.31212,2512.67,-2415.85
1.31222,2593.70,-2526.73
1.31232,2671.04,-2634.03
1.31242,2744.58,-2737.58
1.31252,2814.23,-2837.24
1.31262,2879.87,-2932.87
1.31272,2941.42,-3024.34
1.31282,2998.79,-3111.50
1.31292,3051.90,-3194.25
1.31302,3100.67,-3272.45
1.31312,3145.04,-3346.00
1.31322,3184.94,-3414.80
1.31332,3220.31,-3478.75
1.31342,3251.10,-3537.76
1.31352,3277.28,-3591.73
1.31362,3298.79,-3640.61
1.31372,3315.62,-3684.31
1.31382,3327.74,-3722.77
1.31392,3335.13,-3755.94
1.31402,3337.78,-3783.78
1.31412,3335.68,-3806.24
1.31422,3328.85,-3823.29
1.31432,3317.28,-3834.91
1.31442,3301.00,-3841.08
1.31452,3280.03,-3841.79
1.31462,3254.40,-3837.04
1.31472,3224.14,-3826.84
1.31482,3189.30,-3811.20
1.31492,3149.93,-3790.14
1.31502,3106.08,-3763.70
1.31512,3057.82,-3731.91
1.31522,3005.22,-3694.82
1.31532,2948.34,-3652.48
1.31542,2887.27,-3604.94
1.31552,2822.10,-3552.29
1.31562,2752.92,-3494.58
1.31572,2679.82,-3431.92
1.31582,2602.92,-3364.37
1.31592,2522.32,-3292.04
1.31602,2438.14,-3215.04
1.31612,2350.49,-3133.46
1.31622,2259.50,-3047.44
1.31632,2165.30,-2957.08
1.31642,2068.02,-2862.52
1.31652,1967.80,-2763.89
1.31662,1864.79,-2661.34
1.31672,1759.12,-2555.00
1.31682,1650.96,-2445.04
1.31692,1540.45,-2331.60
1.31702,1427.75,-2214.84
1.31712,1313.02,-2094.94
1.31722,1196.43,-1972.06
1.31732,1078.13,-1846.38
1.31742,958.31,-1718.08
1.31752,837.12,-1587.33
1.31762,714.74,-1454.33
1.31772,591.34,-1319.26
1.31782,467.11,-1182.32
1.31792,342.21,-1043.70
1.31802,216.82,-903.59
1.31812,91.13,-762.20
1.31822,-34.69,-619.73
1.31832,-160.47,-476.38
1.31842,-286.01,-332.35
1.31852,-411.15,-187.85
1.31862,-535.71,-43.08
1.31872,-659.50,101.75
1.31882,-782.36,246.44
1.31892,-904.10,390.77
1.31902,-1024.57,534.55
1.31912,-1143.57,677.57
1.31922,-1260.95,819.63
1.31932,-1376.54,960.52
1.31942,-1490.17,1100.04
1.31952,-1601.69,1238.01
1.31962,-1710.93,1374.21
1.31972,-1817.73,1508.46
1.31982,-1921.96,1640.57
1.31992,-2023.45,1770.34
1.32002,-2122.07,1897.60
1.32012,-2217.68,2022.17
1.32022,-2310.13,2143.86
1.32032,-2399.30,2262.50
1.32042,-2485.06,2377.93
1.32052,-2567.28,2489.97
1.32062,-2645.86,2598.48
1.32072,-2720.69,2703.30
1.32082,-2791.64,2804.27
1.32092,-2858.63,2901.26
1.32102,-2921.55,2994.13
1.32112,-2980.33,3082.74
1.32122,-3034.87,3166.97
1.32132,-3085.09,3246.70
1.32142,-3130.93,3321.82
1.32152,-3172.33,3392.22
1.32162,-3209.21,3457.79
1.32172,-3241.54,3518.45
1.32182,-3269.26,3574.12
1.32192,-3292.33,3624.70
1.32202,-3310.72,3670.13
1.32212,-3324.41,3710.35
1.32222,-3333.38,3745.29
1.32232,-3337.61,3774.91
1.32242,-3337.09,3799.16
1.32252,-3331.84,3818.02
1.32262,-3321.85,3831.45
1.32272,-3307.14,3839.44
1.32282,-3287.73,3841.97
1.32292,-3263.64,3839.04
1.32302,-3234.93,3830.66
1.32312,-3201.61,3816.83
1.32322,-3163.74,3797.57
1.32332,-3121.38,3772.92
1.32342,-3074.58,3742.91
1.32352,-3023.42,3707.58
1.32362,-2967.95,3666.98
1.32372,-2908.27,3621.17
1.32382,-2844.46,3570.22
1.32392,-2776.61,3514.19
1.32402,-2704.80,3453.16
1.32412,-2629.16,3387.23
1.32422,-2549.78,3316.49
1.32432,-2466.78,3241.03
1.32442,-2380.27,3160.97
1.32452,-2290.38,3076.41
1.32462,-2197.23,2987.49
1.32472,-2100.96,2894.31
1.32482,-2001.71,2797.03
1.32492,-1899.61,2695.77
1.32502,-1794.82,2590.67
1.32512,-1687.47,2481.90
1.32522,-1577.72,2369.60
1.32532,-1465.74,2253.93
1.32542,-1351.67,2135.06
1.32552,-1235.67,2013.16
1.32562,-1117.93,1888.39
1.32572,-998.59,1760.94
1.32582,-877.84,1630.99
1.32592,-755.84,1498.72
1.32602,-632.76,1364.32
1.32612,-508.79,1227.98
1.32622,-384.09,1089.89
1.32632,-258.85,950.26
1.32642,-133.24,809.28
1.32652,-7.44,667.14
1.32662,118.37,524.06
1.32672,244.01,380.24
1.32682,369.31,235.87
1.32692,494.08,91.17
1.32702,618.15,-53.67
1.32712,741.34,-198.42
1.32722,863.47,-342.90
1.32732,984.38,-486.88
1.32742,1103.89,-630.18
1.32752,1221.83,-772.58
1.32762,1338.03,-913.88
1.32772,1452.34,-1053.88
1.32782,1564.58,-1192.39
1.32792,1674.59,-1329.20
1.32802,1782.23,-1464.12
1.32812,1887.33,-1596.97
1.32822,1989.75,-1727.54
1.32832,2089.34,-1855.66
1.32842,2185.97,-1981.14
1.32852,2279.48,-2103.81
1.32862,2369.76,-2223.48
1.32872,2456.67,-2340.00
1.32882,2540.09,-2453.19
1.32892,2619.90,-2562.90
1.32902,2695.98,-2668.96
1.32912,2768.24,-2771.24
1.32922,2836.56,-2869.57
1.32932,2900.85,-2963.83
1.32942,2961.02,-3053.87
1.32952,3016.98,-3139.58
1.32962,3068.65,-3220.82
1.32972,3115.96,-3297.49
1.32982,3158.84,-3369.47
1.32992,3197.24,-3436.66
1.33002,3231.09,-3498.97
1.33012,3260.35,-3556.31
1.33022,3284.97,-3608.59
1.33032,3304.93,-3655.75
1.33042,3320.19,-3697.71
1.33052,3330.73,-3734.41
1.33062,3336.54,-3765.81
1.33072,3337.61,-3791.86
1.33082,3333.93,-3812.52
1.33092,3325.52,-3827.76
1.33102,3312.38,-3837.57
1.33112,3294.53,-3841.92
1.33122,3272.01,-3840.81
1.33132,3244.83,-3834.24
1.33142,3213.04,-3822.22
1.33152,3176.68,-3804.78
1.33162,3135.81,-3781.92
1.33172,3090.49,-3753.69
1.33182,3040.77,-3720.13
1.33192,2986.73,-3681.28
1.33202,2928.45,-3637.20
1.33212,2866.00,-3587.95
1.33222,2799.48,-3533.61
1.33232,2728.99,-3474.24
1.33242,2654.61,-3409.93
1.33252,2576.47,-3340.78
1.33262,2494.66,-3266.88
1.33272,2409.30,-3188.34
1.33282,2320.53,-3105.27
1.33292,2228.45,-3017.79
1.33302,2133.21,-2926.02
1.33312,2034.94,-2830.09
1.33322,1933.77,-2730.13
1.33332,1829.86,-2626.30
1.33342,1723.34,-2518.74
1.33352,1614.38,-2407.60
1.33362,1503.12,-2293.03
1.33372,1389.73,-2175.21
1.33382,1274.36,-2054.30
1.33392,1157.18,-1930.47
1.33402,1038.36,-1803.89
1.33412,918.06,-1674.75
1.33422,796.45,-1543.24
1.33432,673.72,-1409.52
1.33442,550.02,-1273.81
1.33452,425.55,-1136.29
1.33462,300.46,-997.15
1.33472,174.96,-856.59
1.33482,49.20,-714.82
1.33492,-76.63,-572.03
1.33502,-202.34,-428.43
1.33512,-327.77,-284.22
1.33522,-452.74,-139.61
1.33532,-577.06,5.20
1.33542,-700.56,150.01
1.33552,-823.07,294.60
1.33562,-944.40,438.77
1.33572,-1064.40,582.32
1.33582,-1182.88,725.04
1.33592,-1299.68,866.73
1.33602,-1414.64,1007.19
1.33612,-1527.58,1146.22
1.33622,-1638.36,1283.62
1.33632,-1746.80,1419.19
1.33642,-1852.77,1552.75
1.33652,-1956.10,1684.10
1.33662,-2056.65,1813.06
1.33672,-2154.28,1939.44
1.33682,-2248.84,2063.06
1.33692,-2340.22,2183.75
1.33702,-2428.26,2301.34
1.33712,-2512.86,2415.66
1.33722,-2593.88,2526.55
1.33732,-2671.22,2633.84
1.33742,-2744.77,2737.40
1.33752,-2814.41,2837.06
1.33762,-2880.05,2932.69
1.33772,-2941.60,3024.15
1.33782,-2998.98,3111.32
1.33792,-3052.09,3194.06
1.33802,-3100.86,3272.27
1.33812,-3145.22,3345.82
1.33822,-3185.12,3414.62
1.33832,-3220.49,3478.57
1.33842,-3251.29,3537.57
1.33852,-3277.46,3591.55
1.33862,-3298.98,3640.42
1.33872,-3315.81,3684.12
1.33882,-3327.92,3722.59
1.33892,-3335.31,3755.76
1.33902,-3337.96,3783.60
1.33912,-3335.86,3806.06
1.33922,-3329.03,3823.11
1.33932,-3317.46,3834.73
1.33942,-3301.18,3840.89
1.33952,-3280.21,3841.60
1.33962,-3254.58,3836.86
1.33972,-3224.32,3826.65
1.33982,-3189.49,3811.02
1.33992,-3150.11,3789.96
1.34002,-3106.27,3763.52
1.34012,-3058.01,3731.73
1.34022,-3005.40,3694.64
1.34032,-2948.52,3652.29
1.34042,-2887.45,3604.76
1.34052,-2822.28,3552.11
1.34062,-2753.10,3494.40
1.34072,-2680.01,3431.73
1.34082,-2603.11,3364.19
1.34092,-2522.51,3291.86
1.34102,-2438.32,3214.85
1.34112,-2350.67,3133.28
1.34122,-2259.68,3047.25
1.34132,-2165.48,2956.90
1.34142,-2068.20,2862.34
1.34152,-1967.98,2763.71
1.34162,-1864.97,2661.16
1.34172,-1759.31,2554.82
1.34182,-1651.14,2444.86
1.34192,-1540.63,2331.42
1.34202,-1427.93,2214.66
1.34212,-1313.20,2094.76
1.34222,-1196.61,1971.88
1.34232,-1078.31,1846.20
1.34242,-958.49,1717.90
1.34252,-837.30,1587.15
1.34262,-714.92,1454.15
1.34272,-591.53,1319.08
1.34282,-467.29,1182.14
1.34292,-342.39,1043.52
1.34302,-217.01,903.41
1.34312,-91.31,762.02
1.34322,34.51,619.55
1.34332,160.28,476.20
1.34342,285.83,332.17
1.34352,410.97,187.67
1.34362,535.53,42.90
1.34372,659.32,-101.93
1.34382,782.18,-246.62
1.34392,903.92,-390.95
1.34402,1024.38,-534.73
1.34412,1143.39,-677.75
1.34422,1260.77,-819.81
1.34432,1376.36,-960.70
1.34442,1489.99,-1100.22
1.34452,1601.51,-1238.19
1.34462,1710.75,-1374.39
1.34472,1817.55,-1508.64
1.34482,1921.78,-1640.75
1.34492,2023.27,-1770.52
1.34502,2121.89,-1897.78
1.34512,2217.49,-2022.35
1.34522,2309.95,-2144.04
1.34532,2399.12,-2262.68
1.34542,2484.88,-2378.10
1.34552,2567.10,-2490.15
1.34562,2645.68,-2598.66
1.34572,2720.50,-2703.48
1.34582,2791.46,-2804.45
1.34592,2858.45,-2901.44
1.34602,2921.37,-2994.31
1.34612,2980.15,-3082.92
1.34622,3034.69,-3167.15
1.34632,3084.91,-3246.88
1.34642,3130.75,-3322.00
1.34652,3172.15,-3392.40
1.34662,3209.03,-3457.97
1.34672,3241.36,-3518.63
1.34682,3269.08,-3574.29
1.34692,3292.15,-3624.88
1.34702,3310.54,-3670.31
1.34712,3324.23,-3710.52
1.34722,3333.20,-3745.47
1.34732,3337.43,-3775.09
1.34742,3336.91,-3799.34
1.34752,3331.66,-3818.20
1.34762,3321.67,-3831.63
1.34772,3306.96,-3839.62
1.34782,3287.55,-3842.15
1.34792,3263.47,-3839.22
1.34802,3234.75,-3830.83
1.34812,3201.43,-3817.01
1.34822,3163.56,-3797.75
1.34832,3121.20,-3773.10
1.34842,3074.40,-3743.09
1.34852,3023.24,-3707.76
1.34862,2967.78,-3667.16
1.34872,2908.10,-3621.35
1.34882,2844.28,-3570.40
1.34892,2776.43,-3514.37
1.34902,2704.63,-3453.34
1.34912,2628.98,-3387.41
1.34922,2549.60,-3316.67
1.34932,2466.60,-3241.21
1.34942,2380.09,-3161.15
1.34952,2290.20,-3076.59
1.34962,2197.05,-2987.66
1.34972,2100.79,-2894.49
1.34982,2001.53,-2797.21
1.34992,1899.44,-2695.94
1.35002,1794.64,-2590.85
1.35012,1687.29,-2482.08
1.35022,1577.55,-2369.78
1.35032,1465.56,-2254.11
1.35042,1351.49,-2135.24
1.35052,1235.50,-2013.33
1.35062,1117.75,-1888.57
1.35072,998.42,-1761.12
1.35082,877.66,-1631.17
1.35092,755.66,-1498.90
1.35102,632.59,-1364.50
1.35112,508.61,-1228.16
1.35122,383.91,-1090.07
1.35132,258.67,-950.44
1.35142,133.06,-809.46
1.35152,7.26,-667.32
1.35162,-118.55,-524.24
1.35172,-244.19,-380.41
1.35182,-369.48,-236.05
1.35192,-494.25,-91.34
1.35202,-618.32,53.49
1.35212,-741.51,198.24
1.35222,-863.65,342.72
1.35232,-984.56,486.70
1.35242,-1104.07,630.00
1.35252,-1222.01,772.40
1.35262,-1338.21,913.70
1.35272,-1452.51,1053.71
1.35282,-1564.75,1192.21
1.35292,-1674.77,1329.02
1.35302,-1782.40,1463.95
1.35312,-1887.50,1596.79
1.35322,-1989.93,1727.36
1.35332,-2089.52,1855.48
1.35342,-2186.14,1980.96
1.35352,-2279.66,2103.63
1.35362,-2369.94,2223.31
1.35372,-2456.85,2339.82
1.35382,-2540.27,2453.02
1.35392,-2620.07,2562.72
1.35402,-2696.16,2668.79
1.35412,-2768.42,2771.06
1.35422,-2836.74,2869.39
1.35432,-2901.03,2963.65
1.35442,-2961.19,3053.69
1.35452,-3017.15,3139.40
1.35462,-3068.82,3220.64
1.35472,-3116.14,3297.31
1.35482,-3159.02,3369.29
1.35492,-3197.41,3436.48
1.35502,-3231.26,3498.79
1.35512,-3260.52,3556.13
1.35522,-3285.15,3608.41
1.35532,-3305.10,3655.57
1.35542,-3320.37,3697.53
1.35552,-3330.91,3734.24
1.35562,-3336.72,3765.64
1.35572,-3337.78,3791.69
1.35582,-3334.11,3812.35
1.35592,-3325.70,3827.59
1.35602,-3312.56,3837.39
1.35612,-3294.71,3841.74
1.35622,-3272.18,3840.63
1.35632,-3245.00,3834.06
1.35642,-3213.21,3822.05
1.35652,-3176.86,3804.60
1.35662,-3135.99,3781.75
1.35672,-3090.66,3753.52
1.35682,-3040.95,3719.96
1.35692,-2986.91,3681.11
1.35702,-2928.62,3637.03
1.35712,-2866.18,3587.78
1.35722,-2799.66,3533.43
1.35732,-2729.16,3474.06
1.35742,-2654.79,3409.76
1.35752,-2576.64,3340.61
1.35762,-2494.83,3266.71
1.35772,-2409.48,3188.17
1.35782,-2320.70,3105.10
1.35792,-2228.63,3017.61
1.35802,-2133.38,2925.84
1.35812,-2035.11,2829.91
1.35822,-1933.95,2729.96
1.35832,-1830.03,2626.13
1.35842,-1723.52,2518.57
1.35852,-1614.55,2407.42
1.35862,-1503.30,2292.86
1.35872,-1389.90,2175.04
1.35882,-1274.53,2054.13
1.35892,-1157.35,1930.30
1.35902,-1038.53,1803.72
1.35912,-918.23,1674.58
1.35922,-796.63,1543.06
1.35932,-673.89,1409.35
1.35942,-550.20,1273.64
1.35952,-425.72,1136.11
1.35962,-300.64,996.98
1.35972,-175.13,856.42
1.35982,-49.37,714.65
1.35992,76.45,571.86
1.36002,202.17,428.26
1.36012,327.60,284.05
1.36022,452.57,139.43
1.36032,576.89,-5.38
1.36042,700.39,-150.18
1.36052,822.89,-294.77
1.36062,944.23,-438.94
1.36072,1064.23,-582.49
1.36082,1182.71,-725.21
1.36092,1299.51,-866.90
1.36102,1414.46,-1007.36
1.36112,1527.41,-1146.39
1.36122,1638.18,-1283.79
1.36132,1746.63,-1419.36
1.36142,1852.59,-1552.92
1.36152,1955.92,-1684.27
1.36162,2056.48,-1813.23
1.36172,2154.10,-1939.61
1.36182,2248.67,-2063.23
1.36192,2340.04,-2183.93
1.36202,2428.09,-2301.51
1.36212,2512.69,-2415.83
1.36222,2593.71,-2526.72
1.36232,2671.05,-2634.01
1.36242,2744.59,-2737.57
1.36252,2814.24,-2837.23
1.36262,2879.88,-2932.86
1.36272,2941.43,-3024.32
1.36282,2998.80,-3111.49
1.36292,3051.91,-3194.23
1.36302,3100.69,-3272.44
1.36312,3145.05,-3345.99
1.36322,3184.95,-3414.79
1.36332,3220.32,-3478.74
1.36342,3251.11,-3537.74
1.36352,3277.29,-3591.72
1.36362,3298.81,-3640.59
1.36372,3315.63,-3684.29
1.36382,3327.75,-3722.76
1.36392,3335.14,-3755.93
1.36402,3337.79,-3783.77
1.36412,3335.69,-3806.23
1.36422,3328.86,-3823.28
1.36432,3317.29,-3834.90
1.36442,3301.01,-3841.06
1.36452,3280.04,-3841.78
1.36462,3254.41,-3837.03
1.36472,3224.15,-3826.83
1.36482,3189.31,-3811.19
1.36492,3149.94,-3790.13
1.36502,3106.10,-3763.69
1.36512,3057.84,-3731.90
1.36522,3005.23,-3694.81
1.36532,2948.35,-3652.47
1.36542,2887.28,-3604.93
1.36552,2822.11,-3552.28
1.36562,2752.93,-3494.57
1.36572,2679.84,-3431.90
1.36582,2602.94,-3364.36
1.36592,2522.34,-3292.03
1.36602,2438.15,-3215.02
1.36612,2350.50,-3133.45
1.36622,2259.51,-3047.42
1.36632,2165.31,-2957.07
1.36642,2068.03,-2862.51
1.36652,1967.81,-2763.88
1.36662,1864.80,-2661.33
1.36672,1759.14,-2554.99
1.36682,1650.97,-2445.03
1.36692,1540.46,-2331.59
1.36702,1427.76,-2214.83
1.36712,1313.03,-2094.93
1.36722,1196.44,-1972.05
1.36732,1078.15,-1846.37
1.36742,958.32,-1718.07
1.36752,837.13,-1587.32
1.36762,714.75,-1454.32
1.36772,591.36,-1319.25
1.36782,467.12,-1182.31
1.36792,342.22,-1043.69
1.36802,216.84,-903.58
1.36812,91.15,-762.19
1.36822,-34.68,-619.72
1.36832,-160.45,-476.37
1.36842,-286.00,-332.34
1.36852,-411.14,-187.84
1.36862,-535.69,-43.07
1.36872,-659.49,101.76
1.36882,-782.34,246.45
1.36892,-904.09,390.78
1.36902,-1024.55,534.56
1.36912,-1143.56,677.58
1.36922,-1260.94,819.64
1.36932,-1376.53,960.53
1.36942,-1490.16,1100.05
1.36952,-1601.67,1238.02
1.36962,-1710.91,1374.22
1.36972,-1817.72,1508.47
1.36982,-1921.95,1640.58
1.36992,-2023.44,1770.35
1.37002,-2122.06,1897.61
1.37012,-2217.66,2022.18
1.37022,-2310.11,2143.87
1.37032,-2399.28,2262.51
1.37042,-2485.04,2377.94
1.37052,-2567.27,2489.98
1.37062,-2645.85,2598.49
1.37072,-2720.67,2703.31
1.37082,-2791.63,2804.29
1.37092,-2858.61,2901.28
1.37102,-2921.54,2994.14
1.37112,-2980.31,3082.75
1.37122,-3034.85,3166.99
1.37132,-3085.08,3246.72
1.37142,-3130.92,3321.83
1.37152,-3172.31,3392.23
1.37162,-3209.20,3457.80
1.37172,-3241.52,3518.47
1.37182,-3269.24,3574.13
1.37192,-3292.32,3624.71
1.37202,-3310.71,3670.14
1.37212,-3324.40,3710.36
1.37222,-3333.37,3745.30
1.37232,-3337.60,3774.92
1.37242,-3337.08,3799.18
1.37252,-3331.83,3818.03
1.37262,-3321.84,3831.47
1.37272,-3307.13,3839.45
1.37282,-3287.72,3841.98
1.37292,-3263.63,3839.05
1.37302,-3234.91,3830.67
1.37312,-3201.60,3816.84
1.37322,-3163.73,3797.59
1.37332,-3121.37,3772.94
1.37342,-3074.57,3742.93
1.37352,-3023.40,3707.60
1.37362,-2967.94,3667.00
1.37372,-2908.26,3621.19
1.37382,-2844.45,3570.23
1.37392,-2776.59,3514.20
1.37402,-2704.79,3453.18
1.37412,-2629.15,3387.25
1.37422,-2549.77,3316.50
1.37432,-2466.77,3241.04
1.37442,-2380.26,3160.98
1.37452,-2290.37,3076.43
1.37462,-2197.22,2987.50
1.37472,-2100.95,2894.33
1.37482,-2001.70,2797.04
1.37492,-1899.60,2695.78
1.37502,-1794.80,2590.69
1.37512,-1687.46,2481.91
1.37522,-1577.71,2369.61
1.37532,-1465.72,2253.95
1.37542,-1351.65,2135.07
1.37552,-1235.66,2013.17
1.37562,-1117.92,1888.40
1.37572,-998.58,1760.95
1.37582,-877.83,1631.00
1.37592,-755.83,1498.73
1.37602,-632.75,1364.33
1.37612,-508.78,1227.99
1.37622,-384.08,1089.91
1.37632,-258.84,950.28
1.37642,-133.23,809.29
1.37652,-7.43,667.16
1.37662,118.38,524.08
1.37672,244.02,380.25
1.37682,369.32,235.88
1.37692,494.09,91.18
1.37702,618.16,-53.65
1.37712,741.35,-198.41
1.37722,863.48,-342.88
1.37732,984.39,-486.87
1.37742,1103.90,-630.16
1.37752,1221.84,-772.56
1.37762,1338.04,-913.87
1.37772,1452.35,-1053.87
1.37782,1564.59,-1192.38
1.37792,1674.60,-1329.19
1.37802,1782.24,-1464.11
1.37812,1887.34,-1596.95
1.37822,1989.76,-1727.53
1.37832,2089.35,-1855.65
1.37842,2185.98,-1981.13
1.37852,2279.49,-2103.79
1.37862,2369.77,-2223.47
1.37872,2456.68,-2339.99
1.37882,2540.10,-2453.18
1.37892,2619.91,-2562.89
1.37902,2696.00,-2668.95
1.37912,2768.25,-2771.22
1.37922,2836.57,-2869.56
1.37932,2900.86,-2963.81
1.37942,2961.03,-3053.86
1.37952,3016.99,-3139.56
1.37962,3068.66,-3220.81
1.37972,3115.97,-3297.47
1.37982,3158.85,-3369.45
1.37992,3197.25,-3436.65
1.38002,3231.10,-3498.96
1.38012,3260.36,-3556.29
1.38022,3284.98,-3608.58
1.38032,3304.94,-3655.73
1.38042,3320.20,-3697.69
1.38052,3330.74,-3734.40
1.38062,3336.55,-3765.80
1.38072,3337.62,-3791.85
1.38082,3333.95,-3812.51
1.38092,3325.53,-3827.75
1.38102,3312.39,-3837.55
1.38112,3294.55,-3841.90
1.38122,3272.02,-3840.79
1.38132,3244.84,-3834.23
1.38142,3213.05,-3822.21
1.38152,3176.70,-3804.76
1.38162,3135.83,-3781.91
1.38172,3090.50,-3753.68
1.38182,3040.78,-3720.12
1.38192,2986.74,-3681.27
1.38202,2928.46,-3637.19
1.38212,2866.02,-3587.94
1.38222,2799.50,-3533.60
1.38232,2729.00,-3474.23
1.38242,2654.63,-3409.92
1.38252,2576.48,-3340.77
1.38262,2494.67,-3266.87
1.38272,2409.32,-3188.33
1.38282,2320.54,-3105.26
1.38292,2228.46,-3017.78
1.38302,2133.22,-2926.01
1.38312,2034.95,-2830.08
1.38322,1933.78,-2730.12
1.38332,1829.87,-2626.29
1.38342,1723.36,-2518.73
1.38352,1614.39,-2407.59
1.38362,1503.14,-2293.02
1.38372,1389.74,-2175.20
1.38382,1274.37,-2054.29
1.38392,1157.19,-1930.46
1.38402,1038.37,-1803.88
1.38412,918.07,-1674.74
1.38422,796.47,-1543.23
1.38432,673.73,-1409.51
1.38442,550.03,-1273.80
1.38452,425.56,-1136.28
1.38462,300.48,-997.14
1.38472,174.97,-856.58
1.38482,49.21,-714.81
1.38492,-76.61,-572.02
1.38502,-202.33,-428.42
1.38512,-327.76,-284.21
1.38522,-452.73,-139.60
1.38532,-577.05,5.21
1.38542,-700.55,150.02
1.38552,-823.05,294.61
1.38562,-944.39,438.78
1.38572,-1064.39,582.33
1.38582,-1182.87,725.05
1.38592,-1299.67,866.74
1.38602,-1414.62,1007.20
1.38612,-1527.57,1146.23
1.38622,-1638.34,1283.63
1.38632,-1746.79,1419.20
1.38642,-1852.75,1552.76
1.38652,-1956.08,1684.11
1.38662,-2056.63,1813.07
1.38672,-2154.26,1939.45
1.38682,-2248.83,2063.07
1.38692,-2340.20,2183.76
1.38702,-2428.25,2301.35
1.38712,-2512.85,2415.67
1.38722,-2593.87,2526.56
1.38732,-2671.21,2633.85
1.38742,-2744.75,2737.41
1.38752,-2814.40,2837.07
1.38762,-2880.04,2932.70
1.38772,-2941.59,3024.16
1.38782,-2998.96,3111.33
1.38792,-3052.07,3194.07
1.38802,-3100.85,3272.28
1.38812,-3145.21,3345.83
1.38822,-3185.11,3414.63
1.38832,-3220.48,3478.58
1.38842,-3251.27,3537.58
1.38852,-3277.45,3591.56
1.38862,-3298.96,3640.43
1.38872,-3315.79,3684.13
1.38882,-3327.91,3722.60
1.38892,-3335.30,3755.77
1.38902,-3337.95,3783.61
1.38912,-3335.85,3806.07
1.38922,-3329.02,3823.12
1.38932,-3317.45,3834.74
1.38942,-3301.17,3840.91
1.38952,-3280.20,3841.62
1.38962,-3254.57,3836.87
1.38972,-3224.31,3826.67
1.38982,-3189.47,3811.03
1.38992,-3150.10,3789.97
1.39002,-3106.26,3763.53
1.39012,-3057.99,3731.74
1.39022,-3005.39,3694.65
1.39032,-2948.51,3652.31
1.39042,-2887.44,3604.77
1.39052,-2822.27,3552.12
1.39062,-2753.09,3494.41
1.39072,-2680.00,3431.75
1.39082,-2603.10,3364.20
1.39092,-2522.50,3291.87
1.39102,-2438.31,3214.87
1.39112,-2350.66,3133.29
1.39122,-2259.67,3047.27
1.39132,-2165.47,2956.91
1.39142,-2068.19,2862.35
1.39152,-1967.97,2763.73
1.39162,-1864.96,2661.17
1.39172,-1759.30,2554.84
1.39182,-1651.13,2444.87
1.39192,-1540.62,2331.43
1.39202,-1427.92,2214.67
1.39212,-1313.19,2094.77
1.39222,-1196.60,1971.89
1.39232,-1078.30,1846.21
1.39242,-958.48,1717.91
1.39252,-837.29,1587.16
1.39262,-714.91,1454.16
1.39272,-591.52,1319.10
1.39282,-467.28,1182.15
1.39292,-342.38,1043.53
1.39302,-217.00,903.43
1.39312,-91.30,762.04
1.39322,34.52,619.56
1.39332,160.29,476.21
1.39342,285.84,332.18
1.39352,410.98,187.68
1.39362,535.54,42.91
1.39372,659.33,-101.92
1.39382,782.19,-246.60
1.39392,903.93,-390.94
1.39402,1024.39,-534.72
1.39412,1143.40,-677.74
1.39422,1260.78,-819.79
1.39432,1376.37,-960.68
1.39442,1490.00,-1100.21
1.39452,1601.52,-1238.17
1.39462,1710.76,-1374.38
1.39472,1817.56,-1508.63
1.39482,1921.79,-1640.73
1.39492,2023.28,-1770.51
1.39502,2121.90,-1897.77
1.39512,2217.50,-2022.33
1.39522,2309.96,-2144.02
1.39532,2399.13,-2262.66
1.39542,2484.89,-2378.09
1.39552,2567.11,-2490.14
1.39562,2645.69,-2598.65
1.39572,2720.52,-2703.47
1.39582,2791.47,-2804.44
1.39592,2858.46,-2901.43
1.39602,2921.38,-2994.30
1.39612,2980.16,-3082.91
1.39622,3034.70,-3167.14
1.39632,3084.92,-3246.87
1.39642,3130.76,-3321.99
1.39652,3172.16,-3392.38
1.39662,3209.04,-3457.96
1.39672,3241.37,-3518.62
1.39682,3269.09,-3574.28
1.39692,3292.16,-3624.87
1.39702,3310.55,-3670.30
1.39712,3324.24,-3710.51
1.39722,3333.21,-3745.46
1.39732,3337.44,-3775.08
1.39742,3336.93,-3799.33
1.39752,3331.67,-3818.19
1.39762,3321.68,-3831.62
1.39772,3306.97,-3839.61
1.39782,3287.56,-3842.14
1.39792,3263.48,-3839.21
1.39802,3234.76,-3830.82
1.39812,3201.44,-3816.99
1.39822,3163.58,-3797.74
1.39832,3121.21,-3773.09
1.39842,3074.42,-3743.08
1.39852,3023.25,-3707.75
1.39862,2967.79,-3667.15
1.39872,2908.11,-3621.34
1.39882,2844.29,-3570.39
1.39892,2776.44,-3514.36
1.39902,2704.64,-3453.33
1.39912,2629.00,-3387.40
1.39922,2549.62,-3316.66
1.39932,2466.61,-3241.20
1.39942,2380.10,-3161.14
1.39952,2290.21,-3076.58
1.39962,2197.07,-2987.65
1.39972,2100.80,-2894.48
1.39982,2001.55,-2797.20
1.39992,1899.45,-2695.93
1.40002,1794.65,-2590.84
1.40012,1687.30,-2482.07
1.40022,1577.56,-2369.77
1.40032,1465.57,-2254.10
1.40042,1351.50,-2135.23
1.40052,1235.51,-2013.32
1.40062,1117.76,-1888.56
1.40072,998.43,-1761.11
1.40082,877.68,-1631.16
1.40092,755.67,-1498.89
1.40102,632.60,-1364.49
1.40112,508.62,-1228.15
1.40122,383.93,-1090.06
1.40132,258.69,-950.43
1.40142,133.07,-809.45
1.40152,7.27,-667.31
1.40162,-118.54,-524.23
1.40172,-244.18,-380.40
1.40182,-369.47,-236.04
1.40192,-494.24,-91.34
1.40202,-618.31,53.50
1.40212,-741.50,198.25
1.40222,-863.63,342.73
1.40232,-984.54,486.71
1.40242,-1104.05,630.01
1.40252,-1221.99,772.41
1.40262,-1338.20,913.71
1.40272,-1452.50,1053.72
1.40282,-1564.74,1192.22
1.40292,-1674.75,1329.03
1.40302,-1782.39,1463.96
1.40312,-1887.49,1596.80
1.40322,-1989.91,1727.37
1.40332,-2089.51,1855.49
1.40342,-2186.13,1980.97
1.40352,-2279.65,2103.64
1.40362,-2369.92,2223.32
1.40372,-2456.83,2339.83
1.40382,-2540.25,2453.03
1.40392,-2620.06,2562.73
1.40402,-2696.15,2668.80
1.40412,-2768.40,2771.07
1.40422,-2836.72,2869.40
1.40432,-2901.01,2963.66
1.40442,-2961.18,3053.70
1.40452,-3017.14,3139.41
1.40462,-3068.81,3220.65
1.40472,-3116.12,3297.32
1.40482,-3159.01,3369.30
1.40492,-3197.40,3436.49
1.40502,-3231.25,3498.80
1.40512,-3260.51,3556.14
1.40522,-3285.14,3608.42
1.40532,-3305.09,3655.58
1.40542,-3320.35,3697.54
1.40552,-3330.90,3734.25
1.40562,-3336.71,3765.65
1.40572,-3337.77,3791.70
1.40582,-3334.10,3812.36
1.40592,-3325.68,3827.60
1.40602,-3312.55,3837.40
1.40612,-3294.70,3841.75
1.40622,-3272.17,3840.64
1.40632,-3244.99,3834.08
1.40642,-3213.20,3822.06
1.40652,-3176.85,3804.61
1.40662,-3135.98,3781.76
1.40672,-3090.65,3753.53
1.40682,-3040.93,3719.97
1.40692,-2986.90,3681.12
1.40702,-2928.61,3637.04
1.40712,-2866.17,3587.79
1.40722,-2799.65,3533.44
1.40732,-2729.15,3474.08
1.40742,-2654.78,3409.77
1.40752,-2576.63,3340.62
1.40762,-2494.82,3266.72
1.40772,-2409.47,3188.18
1.40782,-2320.69,3105.11
1.40792,-2228.62,3017.63
1.40802,-2133.37,2925.86
1.40812,-2035.10,2829.93
1.40822,-1933.94,2729.97
1.40832,-1830.02,2626.14
1.40842,-1723.51,2518.58
1.40852,-1614.54,2407.44
1.40862,-1503.29,2292.87
1.40872,-1389.89,2175.05
1.40882,-1274.52,2054.14
1.40892,-1157.35,1930.31
1.40902,-1038.52,1803.73
1.40912,-918.22,1674.59
1.40922,-796.62,1543.08
1.40932,-673.88,1409.36
1.40942,-550.19,1273.65
1.40952,-425.71,1136.13
1.40962,-300.63,996.99
1.40972,-175.12,856.43
1.40982,-49.36,714.66
1.40992,76.46,571.87
1.41002,202.18,428.27
1.41012,327.61,284.06
1.41022,452.57,139.45
1.41032,576.90,-5.36
1.41042,700.40,-150.17
1.41052,822.90,-294.76
1.41062,944.24,-438.93
1.41072,1064.24,-582.48
1.41082,1182.72,-725.20
1.41092,1299.52,-866.89
1.41102,1414.47,-1007.35
1.41112,1527.42,-1146.38
1.41122,1638.19,-1283.78
1.41132,1746.64,-1419.35
1.41142,1852.60,-1552.91
1.41152,1955.93,-1684.26
1.41162,2056.48,-1813.21
1.41172,2154.11,-1939.60
1.41182,2248.68,-2063.22
1.41192,2340.05,-2183.91
1.41202,2428.10,-2301.50
1.41212,2512.70,-2415.82
1.41222,2593.72,-2526.71
1.41232,2671.06,-2634.00
1.41242,2744.60,-2737.55
1.41252,2814.25,-2837.22
1.41262,2879.89,-2932.85
1.41272,2941.44,-3024.31
1.41282,2998.81,-3111.48
1.41292,3051.92,-3194.22
1.41302,3100.70,-3272.42
1.41312,3145.06,-3345.98
1.41322,3184.96,-3414.78
1.41332,3220.33,-3478.73
1.41342,3251.12,-3537.73
1.41352,3277.30,-3591.71
1.41362,3298.82,-3640.58
1.41372,3315.65,-3684.28
1.41382,3327.76,-3722.74
1.41392,3335.15,-3755.92
1.41402,3337.80,-3783.76
1.41412,3335.70,-3806.22
1.41422,3328.87,-3823.27
1.41432,3317.30,-3834.89
1.41442,3301.02,-3841.05
1.41452,3280.05,-3841.76
1.41462,3254.42,-3837.02
1.41472,3224.16,-3826.81
1.41482,3189.33,-3811.18
1.41492,3149.96,-3790.12
1.41502,3106.11,-3763.68
1.41512,3057.85,-3731.89
1.41522,3005.24,-3694.80
1.41532,2948.36,-3652.45
1.41542,2887.29,-3604.92
1.41552,2822.12,-3552.27
1.41562,2752.94,-3494.56
1.41572,2679.85,-3431.89
1.41582,2602.95,-3364.35
1.41592,2522.35,-3292.02
1.41602,2438.16,-3215.02
1.41612,2350.51,-3133.44
1.41622,2259.52,-3047.42
1.41632,2165.32,-2957.06
1.41642,2068.04,-2862.50
1.41652,1967.83,-2763.87
1.41662,1864.81,-2661.32
1.41672,1759.15,-2554.98
1.41682,1650.98,-2445.02
1.41692,1540.47,-2331.58
1.41702,1427.78,-2214.82
1.41712,1313.05,-2094.92
1.41722,1196.45,-1972.04
1.41732,1078.16,-1846.36
1.41742,958.33,-1718.06
1.41752,837.14,-1587.31
1.41762,714.76,-1454.31
1.41772,591.37,-1319.24
1.41782,467.13,-1182.30
1.41792,342.24,-1043.68
1.41802,216.85,-903.57
1.41812,91.16,-762.18
1.41822,-34.67,-619.71
1.41832,-160.44,-476.36
1.41842,-285.99,-332.33
1.41852,-411.13,-187.83
1.41862,-535.68,-43.06
1.41872,-659.48,101.77
1.41882,-782.33,246.46
1.41892,-904.08,390.79
1.41902,-1024.54,534.57
1.41912,-1143.54,677.59
1.41922,-1260.93,819.65
1.41932,-1376.51,960.54
1.41942,-1490.15,1100.06
1.41952,-1601.66,1238.03
1.41962,-1710.90,1374.23
1.41972,-1817.71,1508.48
1.41982,-1921.93,1640.59
1.41992,-2023.43,1770.36
1.42002,-2122.05,1897.62
1.42012,-2217.65,2022.19
1.42022,-2310.10,2143.88
1.42032,-2399.27,2262.52
1.42042,-2485.03,2377.95
1.42052,-2567.26,2489.99
1.42062,-2645.84,2598.50
1.42072,-2720.66,2703.32
1.42082,-2791.61,2804.30
1.42092,-2858.60,2901.29
1.42102,-2921.53,2994.15
1.42112,-2980.30,3082.76
1.42122,-3034.84,3167.00
1.42132,-3085.07,3246.73
1.42142,-3130.91,3321.84
1.42152,-3172.30,3392.24
1.42162,-3209.19,3457.81
1.42172,-3241.51,3518.48
1.42182,-3269.23,3574.14
1.42192,-3292.30,3624.72
1.42202,-3310.70,3670.15
1.42212,-3324.39,3710.37
1.42222,-3333.36,3745.31
1.42232,-3337.58,3774.93
1.42242,-3337.07,3799.19
1.42252,-3331.82,3818.04
1.42262,-3321.83,3831.48
1.42272,-3307.11,3839.46
1.42282,-3287.70,3841.99
1.42292,-3263.62,3839.06
1.42302,-3234.90,3830.68
1.42312,-3201.59,3816.85
1.42322,-3163.72,3797.60
1.42332,-3121.36,3772.95
1.42342,-3074.56,3742.94
1.42352,-3023.39,3707.61
1.42362,-2967.93,3667.01
1.42372,-2908.25,3621.20
1.42382,-2844.44,3570.24
1.42392,-2776.58,3514.21
1.42402,-2704.78,3453.19
1.42412,-2629.14,3387.26
1.42422,-2549.76,3316.51
1.42432,-2466.76,3241.06
1.42442,-2380.25,3160.99
1.42452,-2290.36,3076.44
1.42462,-2197.21,2987.51
1.42472,-2100.94,2894.34
1.42482,-2001.69,2797.05
1.42492,-1899.59,2695.79
1.42502,-1794.80,2590.70
1.42512,-1687.45,2481.93
1.42522,-1577.70,2369.63
1.42532,-1465.72,2253.96
1.42542,-1351.65,2135.09
1.42552,-1235.66,2013.18
1.42562,-1117.91,1888.42
1.42572,-998.57,1760.97
1.42582,-877.82,1631.01
1.42592,-755.82,1498.74
1.42602,-632.74,1364.34
1.42612,-508.77,1228.01
1.42622,-384.07,1089.92
1.42632,-258.83,950.29
1.42642,-133.22,809.30
1.42652,-7.42,667.17
1.42662,118.39,524.09
1.42672,244.03,380.26
1.42682,369.33,235.90
1.42692,494.10,91.19
1.42702,618.17,-53.64
1.42712,741.36,-198.40
1.42722,863.49,-342.87
1.42732,984.40,-486.86
1.42742,1103.91,-630.15
1.42752,1221.85,-772.55
1.42762,1338.05,-913.85
1.42772,1452.36,-1053.86
1.42782,1564.60,-1192.36
1.42792,1674.61,-1329.18
1.42802,1782.25,-1464.10
1.42812,1887.35,-1596.94
1.42822,1989.77,-1727.51
1.42832,2089.36,-1855.63
1.42842,2185.99,-1981.11
1.42852,2279.50,-2103.78
1.42862,2369.78,-2223.46
1.42872,2456.69,-2339.98
1.42882,2540.11,-2453.17
1.42892,2619.92,-2562.87
1.42902,2696.01,-2668.94
1.42912,2768.26,-2771.21
1.42922,2836.58,-2869.55
1.42932,2900.87,-2963.80
1.42942,2961.04,-3053.85
1.42952,3017.00,-3139.55
1.42962,3068.67,-3220.79
1.42972,3115.98,-3297.46
1.42982,3158.86,-3369.44
1.42992,3197.26,-3436.64
1.43002,3231.11,-3498.95
1.43012,3260.37,-3556.28
1.43022,3284.99,-3608.57
1.43032,3304.95,-3655.72
1.43042,3320.21,-3697.68
1.43052,3330.75,-3734.39
1.43062,3336.56,-3765.79
1.43072,3337.63,-3791.84
1.43082,3333.96,-3812.50
1.43092,3325.54,-3827.74
1.43102,3312.40,-3837.54
1.43112,3294.56,-3841.89
1.43122,3272.03,-3840.78
1.43132,3244.85,-3834.22
1.43142,3213.06,-3822.20
1.43152,3176.71,-3804.75
1.43162,3135.84,-3781.90
1.43172,3090.51,-3753.67
1.43182,3040.79,-3720.11
1.43192,2986.75,-3681.26
1.43202,2928.47,-3637.18
1.43212,2866.03,-3587.93
1.43222,2799.51,-3533.59
1.43232,2729.01,-3474.22
1.43242,2654.64,-3409.91
1.43252,2576.49,-3340.76
1.43262,2494.68,-3266.86
1.43272,2409.33,-3188.32
1.43282,2320.55,-3105.25
1.43292,2228.48,-3017.77
1.43302,2133.23,-2926.00
1.43312,2034.96,-2830.07
1.43322,1933.80,-2730.11
1.43332,1829.88,-2626.28
1.43342,1723.37,-2518.72
1.43352,1614.40,-2407.58
1.43362,1503.15,-2293.02
1.43372,1389.75,-2175.19
1.43382,1274.39,-2054.28
1.43392,1157.21,-1930.45
1.43402,1038.38,-1803.87
1.43412,918.08,-1674.74
1.43422,796.48,-1543.22
1.43432,673.74,-1409.51
1.43442,550.05,-1273.79
1.43452,425.57,-1136.27
1.43462,300.49,-997.13
1.43472,174.98,-856.57
1.43482,49.23,-714.80
1.43492,-76.60,-572.01
1.43502,-202.32,-428.41
1.43512,-327.75,-284.20
1.43522,-452.71,-139.59
1.43532,-577.04,5.22
1.43542,-700.54,150.03
1.43552,-823.04,294.62
1.43562,-944.38,438.79
1.43572,-1064.37,582.34
1.43582,-1182.86,725.06
1.43592,-1299.66,866.75
1.43602,-1414.61,1007.21
1.43612,-1527.56,1146.24
1.43622,-1638.33,1283.64
1.43632,-1746.78,1419.21
1.43642,-1852.74,1552.77
1.43652,-1956.07,1684.12
1.43662,-2056.62,1813.07
1.43672,-2154.25,1939.46
1.43682,-2248.82,2063.08
1.43692,-2340.19,2183.77
1.43702,-2428.24,2301.36
1.43712,-2512.83,2415.68
1.43722,-2593.86,2526.57
1.43732,-2671.20,2633.86
1.43742,-2744.74,2737.42
1.43752,-2814.39,2837.08
1.43762,-2880.03,2932.71
1.43772,-2941.58,3024.17
1.43782,-2998.95,3111.34
1.43792,-3052.06,3194.08
1.43802,-3100.83,3272.29
1.43812,-3145.20,3345.84
1.43822,-3185.10,3414.64
1.43832,-3220.47,3478.59
1.43842,-3251.26,3537.59
1.43852,-3277.44,3591.57
1.43862,-3298.95,3640.44
1.43872,-3315.78,3684.14
1.43882,-3327.90,3722.61
1.43892,-3335.29,3755.78
1.43902,-3337.94,3783.62
1.43912,-3335.84,3806.08
1.43922,-3329.01,3823.13
1.43932,-3317.44,3834.75
1.43942,-3301.16,3840.92
1.43952,-3280.19,3841.63
1.43962,-3254.56,3836.88
1.43972,-3224.30,3826.68
1.43982,-3189.46,3811.04
1.43992,-3150.09,3789.98
1.44002,-3106.25,3763.54
1.44012,-3057.98,3731.75
1.44022,-3005.38,3694.66
1.44032,-2948.50,3652.32
1.44042,-2887.43,3604.78
1.44052,-2822.26,3552.13
1.44062,-2753.08,3494.43
1.44072,-2679.99,3431.76
1.44082,-2603.09,3364.21
1.44092,-2522.49,3291.88
1.44102,-2438.30,3214.88
1.44112,-2350.65,3133.30
1.44122,-2259.66,3047.28
1.44132,-2165.46,2956.92
1.44142,-2068.18,2862.36
1.44152,-1967.96,2763.74
1.44162,-1864.95,2661.18
1.44172,-1759.29,2554.85
1.44182,-1651.12,2444.88
1.44192,-1540.61,2331.44
1.44202,-1427.91,2214.69
1.44212,-1313.18,2094.78
1.44222,-1196.59,1971.91
1.44232,-1078.30,1846.23
1.44242,-958.47,1717.92
1.44252,-837.28,1587.18
1.44262,-714.90,1454.17
1.44272,-591.51,1319.11
1.44282,-467.27,1182.17
1.44292,-342.37,1043.54
1.44302,-216.99,903.44
1.44312,-91.29,762.05
1.44322,34.53,619.58
1.44332,160.30,476.22
1.44342,285.85,332.19
1.44352,410.99,187.69
1.44362,535.54,42.92
1.44372,659.34,-101.91
1.44382,782.20,-246.59
1.44392,903.94,-390.93
1.44402,1024.40,-534.70
1.44412,1143.41,-677.72
1.44422,1260.79,-819.78
1.44432,1376.38,-960.67
1.44442,1490.01,-1100.20
1.44452,1601.52,-1238.16
1.44462,1710.76,-1374.37
1.44472,1817.57,-1508.62
1.44482,1921.80,-1640.72
1.44492,2023.29,-1770.50
1.44502,2121.91,-1897.76
1.44512,2217.51,-2022.32
1.44522,2309.97,-2144.01
1.44532,2399.13,-2262.65
1.44542,2484.89,-2378.08
1.44552,2567.12,-2490.13
1.44562,2645.70,-2598.64
1.44572,2720.52,-2703.45
1.44582,2791.48,-2804.43
1.44592,2858.47,-2901.42
1.44602,2921.39,-2994.29
1.44612,2980.17,-3082.90
1.44622,3034.71,-3167.13
1.44632,3084.93,-3246.86
1.44642,3130.77,-3321.98
1.44652,3172.17,-3392.37
1.44662,3209.05,-3457.95
1.44672,3241.38,-3518.61
1.44682,3269.10,-3574.27
1.44692,3292.17,-3624.85
1.44702,3310.56,-3670.29
1.44712,3324.25,-3710.50
1.44722,3333.22,-3745.44
1.44732,3337.45,-3775.07
1.44742,3336.94,-3799.32
1.44752,3331.68,-3818.18
1.44762,3321.69,-3831.61
1.44772,3306.98,-3839.60
1.44782,3287.57,-3842.13
1.44792,3263.49,-3839.20
1.44802,3234.77,-3830.81
1.44812,3201.45,-3816.98
1.44822,3163.59,-3797.73
1.44832,3121.22,-3773.08
1.44842,3074.43,-3743.07
1.44852,3023.26,-3707.74
1.44862,2967.80,-3667.14
1.44872,2908.12,-3621.33
1.44882,2844.31,-3570.38
1.44892,2776.45,-3514.35
1.44902,2704.65,-3453.32
1.44912,2629.01,-3387.39
1.44922,2549.63,-3316.65
1.44932,2466.62,-3241.19
1.44942,2380.11,-3161.13
1.44952,2290.22,-3076.57
1.44962,2197.08,-2987.65
1.44972,2100.81,-2894.47
1.44982,2001.56,-2797.19
1.44992,1899.46,-2695.93
1.45002,1794.66,-2590.83
1.45012,1687.31,-2482.06
1.45022,1577.57,-2369.76
1.45032,1465.58,-2254.09
1.45042,1351.51,-2135.22
1.45052,1235.52,-2013.32
1.45062,1117.78,-1888.55
1.45072,998.44,-1761.10
1.45082,877.69,-1631.15
1.45092,755.69,-1498.88
1.45102,632.61,-1364.48
1.45112,508.64,-1228.14
1.45122,383.94,-1090.06
1.45132,258.70,-950.42
1.45142,133.09,-809.44
1.45152,7.29,-667.31
1.45162,-118.52,-524.22
1.45172,-244.17,-380.40
1.45182,-369.46,-236.03
1.45192,-494.23,-91.33
1.45202,-618.30,53.50
1.45212,-741.49,198.26
1.45222,-863.62,342.74
1.45232,-984.53,486.72
1.45242,-1104.04,630.02
1.45252,-1221.98,772.42
1.45262,-1338.19,913.72
1.45272,-1452.49,1053.72
1.45282,-1564.73,1192.23
1.45292,-1674.74,1329.04
1.45302,-1782.38,1463.96
1.45312,-1887.48,1596.81
1.45322,-1989.90,1727.38
1.45332,-2089.49,1855.50
1.45342,-2186.12,1980.98
1.45352,-2279.64,2103.65
1.45362,-2369.91,2223.33
1.45372,-2456.82,2339.84
1.45382,-2540.24,2453.04
1.45392,-2620.05,2562.74
1.45402,-2696.14,2668.81
1.45412,-2768.39,2771.08
1.45422,-2836.71,2869.41
1.45432,-2901.00,2963.67
1.45442,-2961.17,3053.71
1.45452,-3017.13,3139.42
1.45462,-3068.80,3220.66
1.45472,-3116.11,3297.33
1.45482,-3159.00,3369.31
1.45492,-3197.39,3436.50
1.45502,-3231.24,3498.81
1.45512,-3260.50,3556.15
1.45522,-3285.13,3608.43
1.45532,-3305.08,3655.59
1.45542,-3320.34,3697.55
1.45552,-3330.89,3734.26
1.45562,-3336.70,3765.66
1.45572,-3337.76,3791.71
1.45582,-3334.09,3812.37
1.45592,-3325.67,3827.61
1.45602,-3312.54,3837.41
1.45612,-3294.69,3841.76
1.45622,-3272.16,3840.65
1.45632,-3244.98,3834.09
1.45642,-3213.19,3822.07
1.45652,-3176.84,3804.62
1.45662,-3135.97,3781.77
1.45672,-3090.64,3753.54
1.45682,-3040.93,3719.98
1.45692,-2986.89,3681.13
1.45702,-2928.60,3637.05
1.45712,-2866.16,3587.80
1.45722,-2799.64,3533.45
1.45732,-2729.14,3474.09
1.45742,-2654.77,3409.78
1.45752,-2576.62,3340.63
1.45762,-2494.81,3266.73
1.45772,-2409.46,3188.19
1.45782,-2320.68,3105.12
1.45792,-2228.61,3017.64
1.45802,-2133.37,2925.87
1.45812,-2035.09,2829.94
1.45822,-1933.93,2729.98
1.45832,-1830.01,2626.15
1.45842,-1723.50,2518.59
1.45852,-1614.54,2407.45
1.45862,-1503.28,2292.89
1.45872,-1389.89,2175.06
1.45882,-1274.52,2054.15
1.45892,-1157.34,1930.32
1.45902,-1038.51,1803.74
1.45912,-918.21,1674.61
1.45922,-796.61,1543.09
1.45932,-673.87,1409.38
1.45942,-550.18,1273.66
1.45952,-425.70,1136.14
1.45962,-300.62,997.00
1.45972,-175.11,856.44
1.45982,-49.36,714.67
1.45992,76.47,571.88
1.46002,202.19,428.28
1.46012,327.62,284.07
1.46022,452.58,139.46
1.46032,576.90,-5.35
1.46042,700.41,-150.16
1.46052,822.91,-294.75
1.46062,944.25,-438.92
1.46072,1064.24,-582.47
1.46082,1182.73,-725.19
1.46092,1299.53,-866.88
1.46102,1414.48,-1007.34
1.46112,1527.43,-1146.37
1.46122,1638.20,-1283.76
1.46132,1746.65,-1419.34
1.46142,1852.61,-1552.90
1.46152,1955.94,-1684.25
1.46162,2056.49,-1813.20
1.46172,2154.12,-1939.58
1.46182,2248.69,-2063.21
1.46192,2340.06,-2183.90
1.46202,2428.11,-2301.49
1.46212,2512.70,-2415.81
1.46222,2593.73,-2526.70
1.46232,2671.07,-2633.99
1.46242,2744.61,-2737.54
1.46252,2814.26,-2837.21
1.46262,2879.90,-2932.84
1.46272,2941.45,-3024.30
1.46282,2998.82,-3111.47
1.46292,3051.93,-3194.21
1.46302,3100.71,-3272.41
1.46312,3145.07,-3345.97
1.46322,3184.97,-3414.77
1.46332,3220.34,-3478.72
1.46342,3251.13,-3537.72
1.46352,3277.31,-3591.70
1.46362,3298.83,-3640.57
1.46372,3315.65,-3684.27
1.46382,3327.77,-3722.73
1.46392,3335.16,-3755.91
1.46402,3337.81,-3783.75
1.46412,3335.71,-3806.21
1.46422,3328.88,-3823.26
1.46432,3317.31,-3834.88
1.46442,3301.03,-3841.04
1.46452,3280.06,-3841.75
1.46462,3254.43,-3837.01
1.46472,3224.17,-3826.81
1.46482,3189.34,-3811.17
1.46492,3149.97,-3790.11
1.46502,3106.12,-3763.67
1.46512,3057.86,-3731.88
1.46522,3005.25,-3694.79
1.46532,2948.37,-3652.45
1.46542,2887.31,-3604.91
1.46552,2822.13,-3552.26
1.46562,2752.95,-3494.55
1.46572,2679.86,-3431.88
1.46582,2602.96,-3364.34
1.46592,2522.36,-3292.01
1.46602,2438.17,-3215.01
1.46612,2350.52,-3133.43
1.46622,2259.53,-3047.41
1.46632,2165.33,-2957.05
1.46642,2068.05,-2862.49
1.46652,1967.84,-2763.86
1.46662,1864.82,-2661.31
1.46672,1759.16,-2554.98
1.46682,1651.00,-2445.01
1.46692,1540.49,-2331.57
1.46702,1427.79,-2214.81
1.46712,1313.06,-2094.91
1.46722,1196.46,-1972.03
1.46732,1078.17,-1846.35
1.46742,958.34,-1718.05
1.46752,837.15,-1587.30
1.46762,714.77,-1454.30
1.46772,591.38,-1319.24
1.46782,467.15,-1182.29
1.46792,342.25,-1043.67
1.46802,216.86,-903.57
1.46812,91.17,-762.18
1.46822,-34.65,-619.70
1.46832,-160.43,-476.35
1.46842,-285.97,-332.32
1.46852,-411.11,-187.82
1.46862,-535.67,-43.05
1.46872,-659.46,101.78
1.46882,-782.32,246.46
1.46892,-904.07,390.80
1.46902,-1024.53,534.58
1.46912,-1143.53,677.60
1.46922,-1260.91,819.65
1.46932,-1376.50,960.54
1.46942,-1490.14,1100.07
1.46952,-1601.65,1238.03
1.46962,-1710.89,1374.24
1.46972,-1817.70,1508.49
1.46982,-1921.92,1640.60
1.46992,-2023.42,1770.37
1.47002,-2122.04,1897.63
1.47012,-2217.64,2022.19
1.47022,-2310.09,2143.88
1.47032,-2399.26,2262.53
1.47042,-2485.02,2377.95
1.47052,-2567.25,2490.00
1.47062,-2645.83,2598.51
1.47072,-2720.65,2703.33
1.47082,-2791.60,2804.30
1.47092,-2858.59,2901.29
1.47102,-2921.52,2994.16
1.47112,-2980.29,3082.77
1.47122,-3034.83,3167.00
1.47132,-3085.06,3246.73
1.47142,-3130.90,3321.85
1.47152,-3172.29,3392.25
1.47162,-3209.18,3457.82
1.47172,-3241.50,3518.48
1.47182,-3269.22,3574.15
1.47192,-3292.30,3624.73
1.47202,-3310.69,3670.16
1.47212,-3324.38,3710.38
1.47222,-3333.35,3745.32
1.47232,-3337.58,3774.94
1.47242,-3337.06,3799.20
1.47252,-3331.81,3818.05
1.47262,-3321.82,3831.48
1.47272,-3307.11,3839.47
1.47282,-3287.70,3842.00
1.47292,-3263.61,3839.07
1.47302,-3234.89,3830.69
1.47312,-3201.58,3816.86
1.47322,-3163.71,3797.61
1.47332,-3121.35,3772.96
1.47342,-3074.55,3742.95
1.47352,-3023.39,3707.62
1.47362,-2967.92,3667.02
1.47372,-2908.24,3621.21
1.47382,-2844.43,3570.25
1.47392,-2776.58,3514.22
1.47402,-2704.78,3453.20
1.47412,-2629.13,3387.27
1.47422,-2549.75,3316.52
1.47432,-2466.75,3241.07
1.47442,-2380.24,3161.00
1.47452,-2290.35,3076.45
1.47462,-2197.20,2987.52
1.47472,-2100.94,2894.35
1.47482,-2001.68,2797.06
1.47492,-1899.58,2695.80
1.47502,-1794.79,2590.71
1.47512,-1687.44,2481.94
1.47522,-1577.70,2369.64
1.47532,-1465.71,2253.97
1.47542,-1351.64,2135.10
1.47552,-1235.65,2013.19
1.47562,-1117.90,1888.43
1.47572,-998.57,1760.98
1.47582,-877.81,1631.02
1.47592,-755.81,1498.75
1.47602,-632.74,1364.35
1.47612,-508.76,1228.02
1.47622,-384.06,1089.93
1.47632,-258.82,950.30
1.47642,-133.21,809.32
1.47652,-7.41,667.18
1.47662,118.40,524.10
1.47672,244.04,380.27
1.47682,369.34,235.91
1.47692,494.11,91.20
1.47702,618.17,-53.63
1.47712,741.36,-198.38
1.47722,863.50,-342.86
1.47732,984.41,-486.85
1.47742,1103.92,-630.14
1.47752,1221.86,-772.54
1.47762,1338.06,-913.84
1.47772,1452.36,-1053.85
1.47782,1564.60,-1192.35
1.47792,1674.62,-1329.16
1.47802,1782.25,-1464.09
1.47812,1887.36,-1596.93
1.47822,1989.78,-1727.50
1.47832,2089.37,-1855.62
1.47842,2185.99,-1981.10
1.47852,2279.51,-2103.77
1.47862,2369.79,-2223.45
1.47872,2456.70,-2339.97
1.47882,2540.12,-2453.16
1.47892,2619.93,-2562.86
1.47902,2696.01,-2668.93
1.47912,2768.27,-2771.20
1.47922,2836.59,-2869.53
1.47932,2900.88,-2963.79
1.47942,2961.05,-3053.84
1.47952,3017.01,-3139.54
1.47962,3068.68,-3220.78
1.47972,3115.99,-3297.45
1.47982,3158.87,-3369.43
1.47992,3197.27,-3436.63
1.48002,3231.12,-3498.94
1.48012,3260.38,-3556.27
1.48022,3285.00,-3608.56
1.48032,3304.96,-3655.71
1.48042,3320.22,-3697.67
1.48052,3330.76,-3734.38
1.48062,3336.57,-3765.78
1.48072,3337.64,-3791.83
1.48082,3333.97,-3812.49
1.48092,3325.55,-3827.73
1.48102,3312.41,-3837.53
1.48112,3294.57,-3841.88
1.48122,3272.04,-3840.78
1.48132,3244.86,-3834.21
1.48142,3213.07,-3822.19
1.48152,3176.72,-3804.75
1.48162,3135.85,-3781.89
1.48172,3090.52,-3753.66
1.48182,3040.80,-3720.10
1.48192,2986.76,-3681.25
1.48202,2928.48,-3637.17
1.48212,2866.04,-3587.92
1.48222,2799.52,-3533.58
1.48232,2729.02,-3474.21
1.48242,2654.65,-3409.90
1.48252,2576.50,-3340.75
1.48262,2494.69,-3266.86
1.48272,2409.34,-3188.32
1.48282,2320.56,-3105.24
1.48292,2228.49,-3017.76
1.48302,2133.24,-2925.99
1.48312,2034.97,-2830.06
1.48322,1933.81,-2730.11
1.48332,1829.89,-2626.28
1.48342,1723.38,-2518.71
1.48352,1614.42,-2407.57
1.48362,1503.16,-2293.01
1.48372,1389.76,-2175.19
1.48382,1274.40,-2054.27
1.48392,1157.22,-1930.44
1.48402,1038.39,-1803.87
1.48412,918.09,-1674.73
1.48422,796.49,-1543.21
1.48432,673.75,-1409.50
1.48442,550.06,-1273.78
1.48452,425.58,-1136.26
1.48462,300.50,-997.12
1.48472,174.99,-856.57
1.48482,49.24,-714.79
1.48492,-76.59,-572.01
1.48502,-202.31,-428.40
1.48512,-327.74,-284.19
1.48522,-452.70,-139.58
1.48532,-577.02,5.23
1.48542,-700.53,150.03
1.48552,-823.03,294.63
1.48562,-944.37,438.80
1.48572,-1064.36,582.35
1.48582,-1182.85,725.07
1.48592,-1299.65,866.76
1.48602,-1414.60,1007.22
1.48612,-1527.55,1146.24
1.48622,-1638.32,1283.64
1.48632,-1746.77,1419.22
1.48642,-1852.73,1552.77
1.48652,-1956.06,1684.12
1.48662,-2056.61,1813.08
1.48672,-2154.24,1939.46
1.48682,-2248.81,2063.09
1.48692,-2340.18,2183.78
1.48702,-2428.23,2301.37
1.48712,-2512.82,2415.69
1.48722,-2593.85,2526.57
1.48732,-2671.19,2633.87
1.48742,-2744.73,2737.42
1.48752,-2814.38,2837.09
1.48762,-2880.02,2932.72
1.48772,-2941.57,3024.18
1.48782,-2998.94,3111.34
1.48792,-3052.05,3194.09
1.48802,-3100.83,3272.29
1.48812,-3145.19,3345.85
1.48822,-3185.09,3414.65
1.48832,-3220.46,3478.60
1.48842,-3251.25,3537.60
1.48852,-3277.43,3591.58
1.48862,-3298.95,3640.45
1.48872,-3315.77,3684.15
1.48882,-3327.89,3722.61
1.48892,-3335.28,3755.79
1.48902,-3337.93,3783.63
1.48912,-3335.83,3806.09
1.48922,-3329.00,3823.14
1.48932,-3317.43,3834.76
1.48942,-3301.15,3840.92
1.48952,-3280.18,3841.64
1.48962,-3254.55,3836.89
1.48972,-3224.29,3826.69
1.48982,-3189.46,3811.05
1.48992,-3150.09,3789.99
1.49002,-3106.24,3763.55
1.49012,-3057.98,3731.76
1.49022,-3005.37,3694.67
1.49032,-2948.49,3652.33
1.49042,-2887.43,3604.79
1.49052,-2822.25,3552.14
1.49062,-2753.07,3494.44
1.49072,-2679.98,3431.77
1.49082,-2603.08,3364.22
1.49092,-2522.48,3291.89
1.49102,-2438.29,3214.89
1.49112,-2350.64,3133.31
1.49122,-2259.65,3047.29
1.49132,-2165.45,2956.93
1.49142,-2068.17,2862.37
1.49152,-1967.96,2763.75
1.49162,-1864.94,2661.19
1.49172,-1759.28,2554.86
1.49182,-1651.12,2444.89
1.49192,-1540.61,2331.45
1.49202,-1427.91,2214.70
1.49212,-1313.18,2094.79
1.49222,-1196.58,1971.92
1.49232,-1078.29,1846.24
1.49242,-958.46,1717.93
1.49252,-837.27,1587.19
1.49262,-714.89,1454.19
1.49272,-591.50,1319.12
1.49282,-467.27,1182.18
1.49292,-342.37,1043.55
1.49302,-216.98,903.45
1.49312,-91.29,762.06
1.49322,34.54,619.59
1.49332,160.31,476.23
1.49342,285.86,332.20
1.49352,411.00,187.70
1.49362,535.55,42.93
1.49372,659.35,-101.90
1.49382,782.20,-246.58
1.49392,903.95,-390.91
1.49402,1024.41,-534.69
1.49412,1143.42,-677.71
1.49422,1260.80,-819.77
1.49432,1376.38,-960.66
1.49442,1490.02,-1100.19
1.49452,1601.53,-1238.15
1.49462,1710.77,-1374.36
1.49472,1817.58,-1508.61
1.49482,1921.80,-1640.71
1.49492,2023.30,-1770.49
1.49502,2121.92,-1897.75
1.49512,2217.52,-2022.31
1.49522,2309.97,-2144.00
1.49532,2399.14,-2262.64
1.49542,2484.90,-2378.07
1.49552,2567.13,-2490.12
1.49562,2645.71,-2598.63
1.49572,2720.53,-2703.45
1.49582,2791.49,-2804.42
1.49592,2858.47,-2901.41
1.49602,2921.40,-2994.28
1.49612,2980.17,-3082.89
1.49622,3034.71,-3167.12
1.49632,3084.94,-3246.85
1.49642,3130.78,-3321.97
1.49652,3172.18,-3392.36
1.49662,3209.06,-3457.94
1.49672,3241.39,-3518.60
1.49682,3269.10,-3574.26
1.49692,3292.18,-3624.85
1.49702,3310.57,-3670.28
1.49712,3324.26,-3710.49
1.49722,3333.23,-3745.44
1.49732,3337.46,-3775.06
1.49742,3336.94,-3799.31
1.49752,3331.69,-3818.17
1.49762,3321.70,-3831.60
1.49772,3306.99,-3839.59
1.49782,3287.58,-3842.12
1.49792,3263.50,-3839.19
1.49802,3234.78,-3830.81
1.49812,3201.46,-3816.98
1.49822,3163.60,-3797.72
1.49832,3121.23,-3773.07
1.49842,3074.44,-3743.06
1.49852,3023.27,-3707.73
1.49862,2967.81,-3667.13
1.49872,2908.13,-3621.32
1.49882,2844.31,-3570.37
1.49892,2776.46,-3514.34
1.49902,2704.66,-3453.32
1.49912,2629.02,-3387.39
1.49922,2549.64,-3316.64
1.49932,2466.63,-3241.18
1.49942,2380.12,-3161.12
1.49952,2290.23,-3076.56
1.49962,2197.09,-2987.64
1.49972,2100.82,-2894.46
1.49982,2001.57,-2797.18
1.49992,1899.47,-2695.92
1.50002,1794.67,-2590.83
1.50012,1687.32,-2482.05
1.50022,1577.58,-2369.75
1.50032,1465.59,-2254.09
1.50042,1351.52,-2135.21
1.50052,1235.53,-2013.31
1.50062,1117.79,-1888.54
1.50072,998.45,-1761.09
1.50082,877.70,-1631.14
1.50092,755.70,-1498.87
1.50102,632.62,-1364.47
1.50112,508.65,-1228.13
1.50122,383.95,-1090.05
1.50132,258.71,-950.42
1.50142,133.10,-809.43
1.50152,7.30,-667.30
1.50162,-118.51,-524.22
1.50172,-244.16,-380.39
1.50182,-369.45,-236.02
1.50192,-494.22,-91.32
1.50202,-618.29,53.51
1.50212,-741.48,198.27
1.50222,-863.61,342.74
1.50232,-984.52,486.73
1.50242,-1104.03,630.02
1.50252,-1221.97,772.42
1.50262,-1338.18,913.73
1.50272,-1452.48,1053.73
1.50282,-1564.72,1192.24
1.50292,-1674.73,1329.05
1.50302,-1782.37,1463.97
1.50312,-1887.47,1596.81
1.50322,-1989.89,1727.39
1.50332,-2089.48,1855.51
1.50342,-2186.11,1980.99
1.50352,-2279.63,2103.65
1.50362,-2369.90,2223.33
1.50372,-2456.81,2339.85
1.50382,-2540.23,2453.04
1.50392,-2620.04,2562.75
1.50402,-2696.13,2668.81
1.50412,-2768.38,2771.09
1.50422,-2836.70,2869.42
1.50432,-2900.99,2963.68
1.50442,-2961.16,3053.72
1.50452,-3017.12,3139.43
1.50462,-3068.79,3220.67
1.50472,-3116.10,3297.34
1.50482,-3158.99,3369.32
1.50492,-3197.38,3436.51
1.50502,-3231.23,3498.82
1.50512,-3260.49,3556.16
1.50522,-3285.12,3608.44
1.50532,-3305.07,3655.60
1.50542,-3320.34,3697.56
1.50552,-3330.88,3734.27
1.50562,-3336.69,3765.67
1.50572,-3337.75,3791.71
1.50582,-3334.08,3812.37
1.50592,-3325.67,3827.62
1.50602,-3312.53,3837.42
1.50612,-3294.68,3841.77
1.50622,-3272.15,3840.66
1.50632,-3244.98,3834.09
1.50642,-3213.19,3822.08
1.50652,-3176.83,3804.63
1.50662,-3135.96,3781.78
1.50672,-3090.64,3753.55
1.50682,-3040.92,3719.99
1.50692,-2986.88,3681.14
1.50702,-2928.60,3637.06
1.50712,-2866.15,3587.81
1.50722,-2799.63,3533.46
1.50732,-2729.14,3474.10
1.50742,-2654.76,3409.79
1.50752,-2576.62,3340.64
1.50762,-2494.81,3266.74
1.50772,-2409.45,3188.20
1.50782,-2320.68,3105.13
1.50792,-2228.60,3017.65
1.50802,-2133.36,2925.88
1.50812,-2035.09,2829.95
1.50822,-1933.92,2729.99
1.50832,-1830.01,2626.16
1.50842,-1723.49,2518.60
1.50852,-1614.53,2407.46
1.50862,-1503.27,2292.89
1.50872,-1389.88,2175.07
1.50882,-1274.51,2054.16
1.50892,-1157.33,1930.33
1.50902,-1038.51,1803.75
1.50912,-918.21,1674.62
1.50922,-796.60,1543.10
1.50932,-673.87,1409.39
1.50942,-550.17,1273.67
1.50952,-425.70,1136.15
1.50962,-300.61,997.01
1.50972,-175.11,856.45
1.50982,-49.35,714.68
1.50992,76.48,571.89
1.51002,202.19,428.29
1.51012,327.62,284.08
1.51022,452.59,139.47
1.51032,576.91,-5.34
1.51042,700.41,-150.15
1.51052,822.92,-294.74
1.51062,944.26,-438.91
1.51072,1064.25,-582.46
1.51082,1182.73,-725.18
1.51092,1299.53,-866.87
1.51102,1414.49,-1007.33
1.51112,1527.43,-1146.36
1.51122,1638.21,-1283.75
1.51132,1746.65,-1419.33
1.51142,1852.62,-1552.89
1.51152,1955.95,-1684.24
1.51162,2056.50,-1813.19
1.51172,2154.13,-1939.57
1.51182,2248.70,-2063.20
1.51192,2340.07,-2183.89
1.51202,2428.12,-2301.48
1.51212,2512.71,-2415.80
1.51222,2593.74,-2526.69
1.51232,2671.08,-2633.98
1.51242,2744.62,-2737.53
1.51252,2814.26,-2837.20
1.51262,2879.91,-2932.83
1.51272,2941.46,-3024.29
1.51282,2998.83,-3111.46
1.51292,3051.94,-3194.20
1.51302,3100.71,-3272.41
1.51312,3145.08,-3345.96
1.51322,3184.98,-3414.76
1.51332,3220.35,-3478.71
1.51342,3251.14,-3537.71
1.51352,3277.32,-3591.69
1.51362,3298.83,-3640.56
1.51372,3315.66,-3684.26
1.51382,3327.78,-3722.73
1.51392,3335.17,-3755.90
1.51402,3337.82,-3783.74
1.51412,3335.72,-3806.20
1.51422,3328.89,-3823.25
1.51432,3317.32,-3834.87
1.51442,3301.04,-3841.04
1.51452,3280.07,-3841.75
1.51462,3254.44,-3837.00
1.51472,3224.18,-3826.80
1.51482,3189.34,-3811.16
1.51492,3149.97,-3790.10
1.51502,3106.13,-3763.66
1.51512,3057.87,-3731.87
1.51522,3005.26,-3694.78
1.51532,2948.38,-3652.44
1.51542,2887.31,-3604.91
1.51552,2822.14,-3552.25
1.51562,2752.96,-3494.55
1.51572,2679.87,-3431.88
1.51582,2602.97,-3364.33
1.51592,2522.37,-3292.00
1.51602,2438.18,-3215.00
1.51612,2350.53,-3133.43
1.51622,2259.54,-3047.40
1.51632,2165.34,-2957.04
1.51642,2068.06,-2862.48
1.51652,1967.85,-2763.86
1.51662,1864.83,-2661.30
1.51672,1759.17,-2554.97
1.51682,1651.00,-2445.00
1.51692,1540.49,-2331.56
1.51702,1427.80,-2214.81
1.51712,1313.07,-2094.91
1.51722,1196.47,-1972.03
1.51732,1078.18,-1846.35
1.51742,958.35,-1718.04
1.51752,837.16,-1587.30
1.51762,714.78,-1454.30
1.51772,591.39,-1319.23
1.51782,467.16,-1182.29
1.51792,342.26,-1043.66
1.51802,216.87,-903.56
1.51812,91.18,-762.17
1.51822,-34.65,-619.70
1.51832,-160.42,-476.35
1.51842,-285.96,-332.32
1.51852,-411.10,-187.81
1.51862,-535.66,-43.05
1.51872,-659.45,101.78
1.51882,-782.31,246.47
1.51892,-904.06,390.80
1.51902,-1024.52,534.58
1.51912,-1143.52,677.60
1.51922,-1260.90,819.66
1.51932,-1376.49,960.55
1.51942,-1490.13,1100.08
1.51952,-1601.64,1238.04
1.51962,-1710.88,1374.24
1.51972,-1817.69,1508.49
1.51982,-1921.91,1640.60
1.51992,-2023.41,1770.38
1.52002,-2122.03,1897.64
1.52012,-2217.63,2022.20
1.52022,-2310.08,2143.89
1.52032,-2399.25,2262.53
1.52042,-2485.01,2377.96
1.52052,-2567.24,2490.01
1.52062,-2645.82,2598.52
1.52072,-2720.64,2703.33
1.52082,-2791.60,2804.31
1.52092,-2858.58,2901.30
1.52102,-2921.51,2994.17
1.52112,-2980.28,3082.78
1.52122,-3034.82,3167.01
1.52132,-3085.05,3246.74
1.52142,-3130.89,3321.86
1.52152,-3172.28,3392.25
1.52162,-3209.17,3457.83
1.52172,-3241.50,3518.49
1.52182,-3269.21,3574.15
1.52192,-3292.29,3624.74
1.52202,-3310.68,3670.17
1.52212,-3324.37,3710.38
1.52222,-3333.34,3745.33
1.52232,-3337.57,3774.95
1.52242,-3337.05,3799.20
1.52252,-3331.80,3818.06
1.52262,-3321.81,3831.49
1.52272,-3307.10,3839.48
1.52282,-3287.69,3842.01
1.52292,-3263.61,3839.08
1.52302,-3234.89,3830.70
1.52312,-3201.57,3816.87
1.52322,-3163.70,3797.62
1.52332,-3121.34,3772.97
1.52342,-3074.55,3742.95
1.52352,-3023.38,3707.63
1.52362,-2967.92,3667.03
1.52372,-2908.24,3621.22
1.52382,-2844.42,3570.26
1.52392,-2776.57,3514.23
1.52402,-2704.77,3453.21
1.52412,-2629.12,3387.28
1.52422,-2549.74,3316.53
1.52432,-2466.74,3241.08
1.52442,-2380.23,3161.01
1.52452,-2290.34,3076.46
1.52462,-2197.20,2987.53
1.52472,-2100.93,2894.36
1.52482,-2001.68,2797.07
1.52492,-1899.58,2695.81
1.52502,-1794.78,2590.72
1.52512,-1687.43,2481.95
1.52522,-1577.69,2369.65
1.52532,-1465.70,2253.98
1.52542,-1351.63,2135.11
1.52552,-1235.64,2013.20
1.52562,-1117.89,1888.44
1.52572,-998.56,1760.99
1.52582,-877.81,1631.03
1.52592,-755.80,1498.76
1.52602,-632.73,1364.36
1.52612,-508.76,1228.03
1.52622,-384.06,1089.94
1.52632,-258.82,950.31
1.52642,-133.20,809.33
1.52652,-7.41,667.19
1.52662,118.41,524.11
1.52672,244.05,380.28
1.52682,369.34,235.92
1.52692,494.11,91.21
1.52702,618.18,-53.62
1.52712,741.37,-198.37
1.52722,863.50,-342.85
1.52732,984.41,-486.84
1.52742,1103.92,-630.13
1.52752,1221.86,-772.53
1.52762,1338.07,-913.83
1.52772,1452.37,-1053.84
1.52782,1564.61,-1192.34
1.52792,1674.62,-1329.15
1.52802,1782.26,-1464.08
1.52812,1887.36,-1596.92
1.52822,1989.78,-1727.49
1.52832,2089.38,-1855.61
1.52842,2186.00,-1981.09
1.52852,2279.52,-2103.76
1.52862,2369.80,-2223.44
1.52872,2456.71,-2339.96
1.52882,2540.13,-2453.15
1.52892,2619.93,-2562.86
1.52902,2696.02,-2668.92
1.52912,2768.28,-2771.19
1.52922,2836.60,-2869.53
1.52932,2900.89,-2963.78
1.52942,2961.05,-3053.83
1.52952,3017.01,-3139.53
1.52962,3068.69,-3220.78
1.52972,3116.00,-3297.44
1.52982,3158.88,-3369.42
1.52992,3197.27,-3436.62
1.53002,3231.13,-3498.93
1.53012,3260.38,-3556.26
1.53022,3285.01,-3608.55
1.53032,3304.97,-3655.70
1.53042,3320.23,-3697.67
1.53052,3330.77,-3734.37
1.53062,3336.58,-3765.77
1.53072,3337.65,-3791.82
1.53082,3333.97,-3812.48
1.53092,3325.56,-3827.72
1.53102,3312.42,-3837.53
1.53112,3294.57,-3841.88
1.53122,3272.05,-3840.77
1.53132,3244.87,-3834.20
1.53142,3213.08,-3822.18
1.53152,3176.72,-3804.74
1.53162,3135.86,-3781.88
1.53172,3090.53,-3753.66
1.53182,3040.81,-3720.09
1.53192,2986.77,-3681.25
1.53202,2928.49,-3637.17
1.53212,2866.04,-3587.92
1.53222,2799.53,-3533.57
1.53232,2729.03,-3474.20
1.53242,2654.66,-3409.90
1.53252,2576.51,-3340.75
1.53262,2494.70,-3266.85
1.53272,2409.35,-3188.31
1.53282,2320.57,-3105.24
1.53292,2228.50,-3017.75
1.53302,2133.25,-2925.98
1.53312,2034.98,-2830.05
1.53322,1933.81,-2730.10
1.53332,1829.90,-2626.27
1.53342,1723.39,-2518.71
1.53352,1614.42,-2407.56
1.53362,1503.17,-2293.00
1.53372,1389.77,-2175.18
1.53382,1274.40,-2054.27
1.53392,1157.23,-1930.44
1.53402,1038.40,-1803.86
1.53412,918.10,-1674.72
1.53422,796.50,-1543.20
1.53432,673.76,-1409.49
1.53442,550.07,-1273.78
1.53452,425.59,-1136.25
1.53462,300.51,-997.12
1.53472,175.00,-856.56
1.53482,49.25,-714.79
1.53492,-76.58,-572.00
1.53502,-202.30,-428.40
1.53512,-327.73,-284.19
1.53522,-452.69,-139.58
1.53532,-577.02,5.24
1.53542,-700.52,150.04
1.53552,-823.02,294.63
1.53562,-944.36,438.80
1.53572,-1064.35,582.35
1.53582,-1182.84,725.07
1.53592,-1299.64,866.76
1.53602,-1414.59,1007.22
1.53612,-1527.54,1146.25
1.53622,-1638.31,1283.65
1.53632,-1746.76,1419.22
1.53642,-1852.72,1552.78
1.53652,-1956.05,1684.13
1.53662,-2056.60,1813.09
1.53672,-2154.23,1939.47
1.53682,-2248.80,2063.09
1.53692,-2340.17,2183.79
1.53702,-2428.22,2301.38
1.53712,-2512.82,2415.69
1.53722,-2593.84,2526.58
1.53732,-2671.18,2633.88
1.53742,-2744.72,2737.43
1.53752,-2814.37,2837.09
1.53762,-2880.01,2932.72
1.53772,-2941.56,3024.19
1.53782,-2998.93,3111.35
1.53792,-3052.04,3194.10
1.53802,-3100.82,3272.30
1.53812,-3145.18,3345.86
1.53822,-3185.08,3414.66
1.53832,-3220.45,3478.60
1.53842,-3251.25,3537.61
1.53852,-3277.42,3591.58
1.53862,-3298.94,3640.46
1.53872,-3315.77,3684.16
1.53882,-3327.88,3722.62
1.53892,-3335.27,3755.80
1.53902,-3337.92,3783.63
1.53912,-3335.83,3806.09
1.53922,-3328.99,3823.14
1.53932,-3317.43,3834.76
1.53942,-3301.15,3840.93
1.53952,-3280.18,3841.64
1.53962,-3254.54,3836.89
1.53972,-3224.29,3826.69
1.53982,-3189.45,3811.05
1.53992,-3150.08,3790.00
1.54002,-3106.23,3763.56
1.54012,-3057.97,3731.77
1.54022,-3005.36,3694.68
1.54032,-2948.49,3652.33
1.54042,-2887.42,3604.80
1.54052,-2822.25,3552.15
1.54062,-2753.07,3494.44
1.54072,-2679.97,3431.77
1.54082,-2603.07,3364.23
1.54092,-2522.47,3291.90
1.54102,-2438.29,3214.90
1.54112,-2350.64,3133.32
1.54122,-2259.65,3047.30
1.54132,-2165.45,2956.94
1.54142,-2068.17,2862.38
1.54152,-1967.95,2763.76
1.54162,-1864.94,2661.20
1.54172,-1759.27,2554.87
1.54182,-1651.11,2444.90
1.54192,-1540.60,2331.46
1.54202,-1427.90,2214.70
1.54212,-1313.17,2094.80
1.54222,-1196.58,1971.93
1.54232,-1078.28,1846.25
1.54242,-958.46,1717.94
1.54252,-837.27,1587.20
1.54262,-714.89,1454.19
1.54272,-591.49,1319.13
1.54282,-467.26,1182.18
1.54292,-342.36,1043.56
1.54302,-216.98,903.46
1.54312,-91.28,762.07
1.54322,34.54,619.60
1.54332,160.32,476.24
1.54342,285.86,332.21
1.54352,411.00,187.71
1.54362,535.56,42.94
1.54372,659.35,-101.89
1.54382,782.21,-246.57
1.54392,903.95,-390.91
1.54402,1024.42,-534.68
1.54412,1143.42,-677.70
1.54422,1260.80,-819.76
1.54432,1376.39,-960.65
1.54442,1490.02,-1100.18
1.54452,1601.54,-1238.14
1.54462,1710.78,-1374.35
1.54472,1817.59,-1508.60
1.54482,1921.81,-1640.70
1.54492,2023.30,-1770.48
1.54502,2121.92,-1897.74
1.54512,2217.53,-2022.30
1.54522,2309.98,-2143.99
1.54532,2399.15,-2262.63
1.54542,2484.91,-2378.06
1.54552,2567.14,-2490.11
1.54562,2645.72,-2598.62
1.54572,2720.54,-2703.44
1.54582,2791.49,-2804.41
1.54592,2858.48,-2901.40
1.54602,2921.41,-2994.27
1.54612,2980.18,-3082.88
1.54622,3034.72,-3167.11
1.54632,3084.95,-3246.84
1.54642,3130.79,-3321.96
1.54652,3172.18,-3392.36
1.54662,3209.07,-3457.93
1.54672,3241.39,-3518.59
1.54682,3269.11,-3574.25
1.54692,3292.19,-3624.84
1.54702,3310.58,-3670.27
1.54712,3324.27,-3710.48
1.54722,3333.24,-3745.43
1.54732,3337.47,-3775.05
1.54742,3336.95,-3799.31
1.54752,3331.70,-3818.16
1.54762,3321.71,-3831.59
1.54772,3307.00,-3839.58
1.54782,3287.59,-3842.11
1.54792,3263.50,-3839.18
1.54802,3234.79,-3830.80
1.54812,3201.47,-3816.97
1.54822,3163.60,-3797.72
1.54832,3121.24,-3773.07
1.54842,3074.44,-3743.06
1.54852,3023.28,-3707.73
1.54862,2967.82,-3667.13
1.54872,2908.14,-3621.32
1.54882,2844.32,-3570.36
1.54892,2776.47,-3514.33
1.54902,2704.67,-3453.31
1.54912,2629.02,-3387.38
1.54922,2549.64,-3316.63
1.54932,2466.64,-3241.18
1.54942,2380.13,-3161.11
1.54952,2290.24,-3076.56
1.54962,2197.10,-2987.63
1.54972,2100.83,-2894.46
1.54982,2001.58,-2797.17
1.54992,1899.48,-2695.91
1.55002,1794.68,-2590.82
1.55012,1687.33,-2482.05
1.55022,1577.59,-2369.75
1.55032,1465.60,-2254.08
1.55042,1351.53,-2135.21
1.55052,1235.54,-2013.30
1.55062,1117.79,-1888.54
1.55072,998.46,-1761.09
1.55082,877.71,-1631.14
1.55092,755.70,-1498.87
1.55102,632.63,-1364.47
1.55112,508.66,-1228.13
1.55122,383.96,-1090.04
1.55132,258.72,-950.41
1.55142,133.10,-809.43
1.55152,7.31,-667.29
1.55162,-118.50,-524.21
1.55172,-244.15,-380.38
1.55182,-369.44,-236.02
1.55192,-494.21,-91.32
1.55202,-618.28,53.52
1.55212,-741.47,198.27
1.55222,-863.60,342.75
1.55232,-984.51,486.73
1.55242,-1104.02,630.03
1.55252,-1221.96,772.43
1.55262,-1338.17,913.73
1.55272,-1452.47,1053.74
1.55282,-1564.71,1192.24
1.55292,-1674.72,1329.05
1.55302,-1782.36,1463.98
1.55312,-1887.46,1596.82
1.55322,-1989.88,1727.39
1.55332,-2089.48,1855.51
1.55342,-2186.10,1980.99
1.55352,-2279.62,2103.66
1.55362,-2369.90,2223.34
1.55372,-2456.81,2339.86
1.55382,-2540.22,2453.05
1.55392,-2620.03,2562.75
1.55402,-2696.12,2668.82
1.55412,-2768.37,2771.09
1.55422,-2836.70,2869.43
1.55432,-2900.99,2963.68
1.55442,-2961.15,3053.73
1.55452,-3017.11,3139.43
1.55462,-3068.79,3220.68
1.55472,-3116.10,3297.34
1.55482,-3158.98,3369.32
1.55492,-3197.37,3436.52
1.55502,-3231.22,3498.83
1.55512,-3260.48,3556.16
1.55522,-3285.11,3608.45
1.55532,-3305.07,3655.60
1.55542,-3320.33,3697.57
1.55552,-3330.87,3734.27
1.55562,-3336.68,3765.67
1.55572,-3337.75,3791.72
1.55582,-3334.07,3812.38
1.55592,-3325.66,3827.62
1.55602,-3312.52,3837.43
1.55612,-3294.67,3841.78
1.55622,-3272.15,3840.67
1.55632,-3244.97,3834.10
1.55642,-3213.18,3822.09
1.55652,-3176.82,3804.64
1.55662,-3135.95,3781.78
1.55672,-3090.63,3753.56
1.55682,-3040.91,3719.99
1.55692,-2986.87,3681.15
1.55702,-2928.59,3637.07
1.55712,-2866.14,3587.82
1.55722,-2799.63,3533.47
1.55732,-2729.13,3474.10
1.55742,-2654.76,3409.80
1.55752,-2576.61,3340.65
1.55762,-2494.80,3266.75
1.55772,-2409.45,3188.21
1.55782,-2320.67,3105.14
1.55792,-2228.59,3017.66
1.55802,-2133.35,2925.88
1.55812,-2035.08,2829.95
1.55822,-1933.91,2730.00
1.55832,-1830.00,2626.17
1.55842,-1723.49,2518.61
1.55852,-1614.52,2407.47
1.55862,-1503.27,2292.90
1.55872,-1389.87,2175.08
1.55882,-1274.50,2054.17
1.55892,-1157.32,1930.34
1.55902,-1038.50,1803.76
1.55912,-918.20,1674.62
1.55922,-796.60,1543.11
1.55932,-673.86,1409.40
1.55942,-550.17,1273.68
1.55952,-425.69,1136.16
1.55962,-300.61,997.02
1.55972,-175.10,856.46
1.55982,-49.34,714.69
1.55992,76.48,571.90
1.56002,202.20,428.30
1.56012,327.63,284.09
1.56022,452.59,139.48
1.56032,576.92,-5.33
1.56042,700.42,-150.14
1.56052,822.92,-294.73
1.56062,944.26,-438.90
1.56072,1064.26,-582.45
1.56082,1182.74,-725.17
1.56092,1299.54,-866.86
1.56102,1414.49,-1007.32
1.56112,1527.44,-1146.35
1.56122,1638.21,-1283.75
1.56132,1746.66,-1419.32
1.56142,1852.62,-1552.88
1.56152,1955.95,-1684.23
1.56162,2056.51,-1813.19
1.56172,2154.14,-1939.57
1.56182,2248.70,-2063.19
1.56192,2340.08,-2183.88
1.56202,2428.12,-2301.47
1.56212,2512.72,-2415.79
1.56222,2593.74,-2526.68
1.56232,2671.08,-2633.97
1.56242,2744.63,-2737.53
1.56252,2814.27,-2837.19
1.56262,2879.91,-2932.82
1.56272,2941.47,-3024.28
1.56282,2998.84,-3111.45
1.56292,3051.95,-3194.19
1.56302,3100.72,-3272.40
1.56312,3145.09,-3345.95
1.56322,3184.98,-3414.75
1.56332,3220.35,-3478.70
1.56342,3251.15,-3537.70
1.56352,3277.32,-3591.68
1.56362,3298.84,-3640.55
1.56372,3315.67,-3684.25
1.56382,3327.79,-3722.72
1.56392,3335.18,-3755.89
1.56402,3337.82,-3783.73
1.56412,3335.73,-3806.19
1.56422,3328.89,-3823.24
1.56432,3317.33,-3834.86
1.56442,3301.05,-3841.03
1.56452,3280.08,-3841.74
1.56462,3254.45,-3836.99
1.56472,3224.19,-3826.79
1.56482,3189.35,-3811.15
1.56492,3149.98,-3790.10
1.56502,3106.13,-3763.66
1.56512,3057.87,-3731.87
1.56522,3005.27,-3694.77
1.56532,2948.39,-3652.43
1.56542,2887.32,-3604.90
1.56552,2822.15,-3552.24
1.56562,2752.97,-3494.54
1.56572,2679.88,-3431.87
1.56582,2602.98,-3364.33
1.56592,2522.38,-3292.00
1.56602,2438.19,-3214.99
1.56612,2350.54,-3133.42
1.56622,2259.55,-3047.39
1.56632,2165.35,-2957.04
1.56642,2068.07,-2862.48
1.56652,1967.85,-2763.85
1.56662,1864.84,-2661.30
1.56672,1759.18,-2554.96
1.56682,1651.01,-2445.00
1.56692,1540.50,-2331.56
1.56702,1427.80,-2214.80
1.56712,1313.08,-2094.90
1.56722,1196.48,-1972.02
1.56732,1078.19,-1846.34
1.56742,958.36,-1718.04
1.56752,837.17,-1587.29
1.56762,714.79,-1454.29
1.56772,591.40,-1319.22
1.56782,467.16,-1182.28
1.56792,342.27,-1043.66
1.56802,216.88,-903.55
1.56812,91.19,-762.17
1.56822,-34.64,-619.69
1.56832,-160.41,-476.34
1.56842,-285.96,-332.31
1.56852,-411.10,-187.81
1.56862,-535.65,-43.04
1.56872,-659.45,101.79
1.56882,-782.30,246.47
1.56892,-904.05,390.81
1.56902,-1024.51,534.59
1.56912,-1143.52,677.61
1.56922,-1260.90,819.66
1.56932,-1376.49,960.56
1.56942,-1490.12,1100.08
1.56952,-1601.63,1238.05
1.56962,-1710.87,1374.25
1.56972,-1817.68,1508.50
1.56982,-1921.91,1640.61
1.56992,-2023.40,1770.38
1.57002,-2122.02,1897.64
1.57012,-2217.62,2022.21
1.57022,-2310.07,2143.90
1.57032,-2399.24,2262.54
1.57042,-2485.00,2377.97
1.57052,-2567.23,2490.01
1.57062,-2645.81,2598.52
1.57072,-2720.63,2703.34
1.57082,-2791.59,2804.32
1.57092,-2858.58,2901.31
1.57102,-2921.50,2994.17
1.57112,-2980.28,3082.79
1.57122,-3034.81,3167.02
1.57132,-3085.04,3246.75
1.57142,-3130.88,3321.86
1.57152,-3172.28,3392.26
1.57162,-3209.16,3457.84
1.57172,-3241.49,3518.50
1.57182,-3269.21,3574.16
1.57192,-3292.28,3624.74
1.57202,-3310.67,3670.17
1.57212,-3324.37,3710.39
1.57222,-3333.33,3745.33
1.57232,-3337.56,3774.95
1.57242,-3337.05,3799.21
1.57252,-3331.79,3818.07
1.57262,-3321.80,3831.50
1.57272,-3307.09,3839.49
1.57282,-3287.68,3842.02
1.57292,-3263.60,3839.09
1.57302,-3234.88,3830.70
1.57312,-3201.56,3816.87
1.57322,-3163.70,3797.62
1.57332,-3121.34,3772.97
1.57342,-3074.54,3742.96
1.57352,-3023.37,3707.63
1.57362,-2967.91,3667.03
1.57372,-2908.23,3621.22
1.57382,-2844.42,3570.27
1.57392,-2776.56,3514.24
1.57402,-2704.76,3453.22
1.57412,-2629.12,3387.28
1.57422,-2549.74,3316.54
1.57432,-2466.74,3241.08
1.57442,-2380.23,3161.02
1.57452,-2290.34,3076.46
1.57462,-2197.19,2987.54
1.57472,-2100.92,2894.37
1.57482,-2001.67,2797.08
1.57492,-1899.57,2695.82
1.57502,-1794.78,2590.73
1.57512,-1687.43,2481.95
1.57522,-1577.68,2369.65
1.57532,-1465.70,2253.99
1.57542,-1351.63,2135.12
1.57552,-1235.64,2013.21
1.57562,-1117.89,1888.44
1.57572,-998.55,1761.00
1.57582,-877.80,1631.04
1.57592,-755.80,1498.77
1.57602,-632.72,1364.37
1.57612,-508.75,1228.03
1.57622,-384.05,1089.95
1.57632,-258.81,950.32
1.57642,-133.20,809.33
1.57652,-7.40,667.20
1.57662,118.41,524.12
1.57672,244.05,380.29
1.57682,369.35,235.92
1.57692,494.12,91.22
1.57702,618.19,-53.61
1.57712,741.37,-198.37
1.57722,863.51,-342.84
1.57732,984.42,-486.83
1.57742,1103.93,-630.12
1.57752,1221.87,-772.52
1.57762,1338.07,-913.82
1.57772,1452.38,-1053.83
1.57782,1564.62,-1192.33
1.57792,1674.63,-1329.15
1.57802,1782.27,-1464.07
1.57812,1887.37,-1596.91
1.57822,1989.79,-1727.49
1.57832,2089.38,-1855.60
1.57842,2186.01,-1981.09
1.57852,2279.52,-2103.75
1.57862,2369.80,-2223.43
1.57872,2456.71,-2339.95
1.57882,2540.13,-2453.14
1.57892,2619.94,-2562.85
1.57902,2696.03,-2668.91
1.57912,2768.28,-2771.18
1.57922,2836.60,-2869.52
1.57932,2900.89,-2963.77
1.57942,2961.06,-3053.82
1.57952,3017.02,-3139.52
1.57962,3068.69,-3220.77
1.57972,3116.00,-3297.44
1.57982,3158.89,-3369.42
1.57992,3197.28,-3436.61
1.58002,3231.13,-3498.92
1.58012,3260.39,-3556.26
1.58022,3285.02,-3608.54
1.58032,3304.97,-3655.70
1.58042,3320.24,-3697.66
1.58052,3330.78,-3734.36
1.58062,3336.59,-3765.76
1.58072,3337.66,-3791.81
1.58082,3333.98,-3812.47
1.58092,3325.57,-3827.72
1.58102,3312.43,-3837.52
1.58112,3294.58,-3841.87
1.58122,3272.05,-3840.76
1.58132,3244.88,-3834.19
1.58142,3213.09,-3822.18
1.58152,3176.73,-3804.73
1.58162,3135.86,-3781.88
1.58172,3090.54,-3753.65
1.58182,3040.82,-3720.09
1.58192,2986.78,-3681.24
1.58202,2928.50,-3637.16
1.58212,2866.05,-3587.91
1.58222,2799.53,-3533.56
1.58232,2729.04,-3474.20
1.58242,2654.66,-3409.89
1.58252,2576.52,-3340.74
1.58262,2494.71,-3266.84
1.58272,2409.36,-3188.30
1.58282,2320.58,-3105.23
1.58292,2228.50,-3017.75
1.58302,2133.26,-2925.98
1.58312,2034.99,-2830.05
1.58322,1933.82,-2730.10
1.58332,1829.91,-2626.26
1.58342,1723.40,-2518.70
1.58352,1614.43,-2407.56
1.58362,1503.17,-2293.00
1.58372,1389.78,-2175.17
1.58382,1274.41,-2054.26
1.58392,1157.23,-1930.43
1.58402,1038.41,-1803.86
1.58412,918.11,-1674.72
1.58422,796.51,-1543.20
1.58432,673.77,-1409.49
1.58442,550.07,-1273.77
1.58452,425.60,-1136.25
1.58462,300.52,-997.11
1.58472,175.01,-856.56
1.58482,49.25,-714.78
1.58492,-76.57,-571.99
1.58502,-202.29,-428.39
1.58512,-327.72,-284.18
1.58522,-452.69,-139.57
1.58532,-577.01,5.24
1.58542,-700.51,150.05
1.58552,-823.02,294.64
1.58562,-944.35,438.81
1.58572,-1064.35,582.36
1.58582,-1182.83,725.08
1.58592,-1299.63,866.77
1.58602,-1414.59,1007.23
1.58612,-1527.53,1146.26
1.58622,-1638.30,1283.65
1.58632,-1746.75,1419.23
1.58642,-1852.71,1552.79
1.58652,-1956.04,1684.14
1.58662,-2056.60,1813.09
1.58672,-2154.23,1939.47
1.58682,-2248.79,2063.10
1.58692,-2340.17,2183.79
1.58702,-2428.21,2301.38
1.58712,-2512.81,2415.70
1.58722,-2593.83,2526.59
1.58732,-2671.17,2633.88
1.58742,-2744.72,2737.43
1.58752,-2814.36,2837.10
1.58762,-2880.00,2932.73
1.58772,-2941.56,3024.19
1.58782,-2998.93,3111.36
1.58792,-3052.04,3194.10
1.58802,-3100.81,3272.31
1.58812,-3145.18,3345.86
1.58822,-3185.07,3414.66
1.58832,-3220.44,3478.61
1.58842,-3251.24,3537.61
1.58852,-3277.41,3591.59
1.58862,-3298.93,3640.46
1.58872,-3315.76,3684.16
1.58882,-3327.88,3722.63
1.58892,-3335.27,3755.80
1.58902,-3337.91,3783.64
1.58912,-3335.82,3806.10
1.58922,-3328.99,3823.15
1.58932,-3317.42,3834.77
1.58942,-3301.14,3840.94
1.58952,-3280.17,3841.65
1.58962,-3254.54,3836.90
1.58972,-3224.28,3826.70
1.58982,-3189.44,3811.06
1.58992,-3150.07,3790.01
1.59002,-3106.22,3763.57
1.59012,-3057.96,3731.78
1.59022,-3005.36,3694.68
1.59032,-2948.48,3652.34
1.59042,-2887.41,3604.81
1.59052,-2822.24,3552.15
1.59062,-2753.06,3494.45
1.59072,-2679.97,3431.78
1.59082,-2603.07,3364.24
1.59092,-2522.47,3291.91
1.59102,-2438.28,3214.90
1.59112,-2350.63,3133.33
1.59122,-2259.64,3047.30
1.59132,-2165.44,2956.95
1.59142,-2068.16,2862.39
1.59152,-1967.94,2763.76
1.59162,-1864.93,2661.21
1.59172,-1759.27,2554.87
1.59182,-1651.10,2444.91
1.59192,-1540.59,2331.47
1.59202,-1427.89,2214.71
1.59212,-1313.17,2094.81
1.59222,-1196.57,1971.93
1.59232,-1078.28,1846.25
1.59242,-958.45,1717.95
1.59252,-837.26,1587.20
1.59262,-714.88,1454.20
1.59272,-591.49,1319.14
1.59282,-467.25,1182.19
1.59292,-342.36,1043.57
1.59302,-216.97,903.47
1.59312,-91.28,762.08
1.59322,34.55,619.60
1.59332,160.32,476.25
1.59342,285.87,332.22
1.59352,411.01,187.72
1.59362,535.56,42.95
1.59372,659.36,-101.88
1.59382,782.21,-246.56
1.59392,903.96,-390.90
1.59402,1024.42,-534.68
1.59412,1143.43,-677.70
1.59422,1260.81,-819.75
1.59432,1376.40,-960.64
1.59442,1490.03,-1100.17
1.59452,1601.54,-1238.13
1.59462,1710.78,-1374.34
1.59472,1817.59,-1508.59
1.59482,1921.82,-1640.70
1.59492,2023.31,-1770.47
1.59502,2121.93,-1897.73
1.59512,2217.53,-2022.29
1.59522,2309.98,-2143.98
1.59532,2399.15,-2262.63
1.59542,2484.91,-2378.05
1.59552,2567.14,-2490.10
1.59562,2645.72,-2598.61
1.59572,2720.54,-2703.43
1.59582,2791.50,-2804.40
1.59592,2858.49,-2901.39
1.59602,2921.41,-2994.26
1.59612,2980.19,-3082.87
1.59622,3034.73,-3167.10
1.59632,3084.95,-3246.84
1.59642,3130.79,-3321.95
1.59652,3172.19,-3392.35
1.59662,3209.07,-3457.92
1.59672,3241.40,-3518.59
1.59682,3269.12,-3574.25
1.59692,3292.19,-3624.83
1.59702,3310.59,-3670.26
1.59712,3324.28,-3710.48
1.59722,3333.24,-3745.42
1.59732,3337.47,-3775.04
1.59742,3336.96,-3799.30
1.59752,3331.70,-3818.16
1.59762,3321.71,-3831.59
1.59772,3307.00,-3839.57
1.59782,3287.59,-3842.11
1.59792,3263.51,-3839.18
1.59802,3234.79,-3830.79
1.59812,3201.48,-3816.96
1.59822,3163.61,-3797.71
1.59832,3121.25,-3773.06
1.59842,3074.45,-3743.05
1.59852,3023.29,-3707.72
1.59862,2967.82,-3667.12
1.59872,2908.14,-3621.31
1.59882,2844.33,-3570.36
1.59892,2776.48,-3514.33
1.59902,2704.68,-3453.30
1.59912,2629.03,-3387.37
1.59922,2549.65,-3316.63
1.59932,2466.65,-3241.17
1.59942,2380.14,-3161.11
1.59952,2290.25,-3076.55
1.59962,2197.10,-2987.63
1.59972,2100.84,-2894.45
1.59982,2001.58,-2797.17
1.59992,1899.49,-2695.91
1.60002,1794.69,-2590.82
1.60012,1687.34,-2482.04
1.60022,1577.60,-2369.74
1.60032,1465.61,-2254.07
1.60042,1351.54,-2135.20
1.60052,1235.55,-2013.30
1.60062,1117.80,-1888.53
1.60072,998.47,-1761.08
1.60082,877.71,-1631.13
1.60092,755.71,-1498.86
1.60102,632.64,-1364.46
1.60112,508.66,-1228.12
1.60122,383.97,-1090.04
1.60132,258.72,-950.41
1.60142,133.11,-809.42
1.60152,7.31,-667.29
1.60162,-118.50,-524.21
1.60172,-244.14,-380.38
1.60182,-369.43,-236.01
1.60192,-494.20,-91.31
1.60202,-618.27,53.52
1.60212,-741.46,198.28
1.60222,-863.60,342.75
1.60232,-984.51,486.74
1.60242,-1104.01,630.03
1.60252,-1221.96,772.43
1.60262,-1338.16,913.74
1.60272,-1452.46,1053.74
1.60282,-1564.70,1192.25
1.60292,-1674.72,1329.06
1.60302,-1782.35,1463.98
1.60312,-1887.46,1596.82
1.60322,-1989.88,1727.40
1.60332,-2089.47,1855.52
1.60342,-2186.09,1981.00
1.60352,-2279.61,2103.67
1.60362,-2369.89,2223.34
1.60372,-2456.80,2339.86
1.60382,-2540.22,2453.05
1.60392,-2620.03,2562.76
1.60402,-2696.11,2668.82
1.60412,-2768.37,2771.10
1.60422,-2836.69,2869.43
1.60432,-2900.98,2963.69
1.60442,-2961.15,3053.73
1.60452,-3017.11,3139.44
1.60462,-3068.78,3220.68
1.60472,-3116.09,3297.35
1.60482,-3158.97,3369.33
1.60492,-3197.37,3436.52
1.60502,-3231.22,3498.83
1.60512,-3260.48,3556.17
1.60522,-3285.10,3608.45
1.60532,-3305.06,3655.61
1.60542,-3320.32,3697.57
1.60552,-3330.86,3734.28
1.60562,-3336.67,3765.68
1.60572,-3337.74,3791.73
1.60582,-3334.07,3812.39
1.60592,-3325.65,3827.63
1.60602,-3312.51,3837.43
1.60612,-3294.67,3841.78
1.60622,-3272.14,3840.67
1.60632,-3244.96,3834.11
1.60642,-3213.17,3822.09
1.60652,-3176.82,3804.65
1.60662,-3135.95,3781.79
1.60672,-3090.62,3753.56
1.60682,-3040.91,3720.00
1.60692,-2986.87,3681.15
1.60702,-2928.58,3637.07
1.60712,-2866.14,3587.83
1.60722,-2799.62,3533.48
1.60732,-2729.12,3474.11
1.60742,-2654.75,3409.81
1.60752,-2576.60,3340.66
1.60762,-2494.80,3266.76
1.60772,-2409.44,3188.22
1.60782,-2320.66,3105.15
1.60792,-2228.59,3017.66
1.60802,-2133.35,2925.89
1.60812,-2035.07,2829.96
1.60822,-1933.91,2730.01
1.60832,-1830.00,2626.18
1.60842,-1723.48,2518.62
1.60852,-1614.52,2407.47
1.60862,-1503.26,2292.91
1.60872,-1389.87,2175.09
1.60882,-1274.50,2054.18
1.60892,-1157.32,1930.35
1.60902,-1038.50,1803.77
1.60912,-918.20,1674.63
1.60922,-796.59,1543.11
1.60932,-673.85,1409.40
1.60942,-550.16,1273.69
1.60952,-425.68,1136.17
1.60962,-300.60,997.03
1.60972,-175.10,856.47
1.60982,-49.34,714.70
1.60992,76.49,571.91
1.61002,202.20,428.31
1.61012,327.63,284.10
1.61022,452.60,139.49
1.61032,576.92,-5.33
1.61042,700.42,-150.13
1.61052,822.93,-294.72
1.61062,944.27,-438.89
1.61072,1064.26,-582.44
1.61082,1182.74,-725.16
1.61092,1299.54,-866.85
1.61102,1414.50,-1007.31
1.61112,1527.44,-1146.34
1.61122,1638.22,-1283.74
1.61132,1746.66,-1419.31
1.61142,1852.63,-1552.87
1.61152,1955.96,-1684.22
1.61162,2056.51,-1813.18
1.61172,2154.14,-1939.56
1.61182,2248.71,-2063.18
1.61192,2340.08,-2183.88
1.61202,2428.13,-2301.47
1.61212,2512.72,-2415.78
1.61222,2593.75,-2526.67
1.61232,2671.09,-2633.97
1.61242,2744.63,-2737.52
1.61252,2814.28,-2837.18
1.61262,2879.92,-2932.81
1.61272,2941.47,-3024.28
1.61282,2998.84,-3111.44
1.61292,3051.95,-3194.18
1.61300,3092.14,-3258.63
1.61300,3092.42,-3259.08
1.61305,3050.60,-3210.72
1.61310,3012.74,-3168.13
1.61317,2929.03,-3069.48
1.61327,2740.33,-2843.93
1.61337,2461.73,-2512.46
1.61347,2105.21,-2095.48
1.61357,1689.01,-1618.26
1.61367,1236.92,-1109.46
1.61377,775.23,-599.07
1.61387,329.05,-116.22
1.61390,199.22,19.77
1.61395,3.87,223.59
1.61402,-232.95,466.14
1.61412,-534.94,765.94
1.61422,-751.78,965.06
1.61432,-874.00,1054.76
1.61442,-899.00,1033.10
1.61452,-830.87,904.86
1.61462,-679.99,681.08
1.61472,-462.08,378.22
1.61482,-196.94,17.00
1.61492,93.00,-378.93
1.61502,384.32,-784.54
1.61512,654.24,-1174.95
1.61522,882.13,-1526.90
1.61532,1050.88,-1820.15
1.61542,1147.96,-2038.52
1.61552,1166.10,-2170.81
1.61562,1103.71,-2211.27
1.61572,964.73,-2159.75
1.61582,758.29,-2021.57
1.61592,497.90,-1806.97
1.61602,200.41,-1530.32
1.61612,-115.18,-1209.17
1.61622,-429.13,-862.99
1.61632,-722.22,-512.02
1.61642,-977.11,-175.94
1.61652,-1179.39,127.24
1.61662,-1318.52,382.23
1.61672,-1388.36,577.29
1.61682,-1387.52,704.77
1.61692,-1319.28,761.49
1.61702,-1191.25,748.66
1.61712,-1014.74,671.74
1.61722,-803.90,539.84
1.61732,-574.70,365.13
1.61742,-343.84,161.86
1.61752,-127.56,-54.50
1.61762,59.34,-268.31
1.61772,204.49,-464.71
1.61782,298.68,-630.51
1.61792,336.37,-754.92
1.61802,315.93,-830.18
1.61812,239.61,-851.85
1.61822,113.34,-818.99
1.61832,-53.88,-734.11
1.61842,-250.61,-602.84
1.61852,-463.80,-433.51
1.61862,-679.75,-236.50
1.61872,-885.00,-23.55
1.61882,-1067.21,193.06
1.61892,-1215.95,401.20
1.61902,-1323.30,589.73
1.61912,-1384.32,749.09
1.61922,-1397.21,871.85
1.61932,-1363.37,953.10
1.61942,-1287.18,990.62
1.61952,-1175.54,985.00
1.61962,-1037.41,939.40
1.61972,-883.06,859.36
1.61982,-723.35,752.32
1.61992,-569.02,627.10
1.62002,-429.92,493.34
1.62012,-314.41,360.85
1.62022,-228.84,239.02
1.62032,-177.23,136.28
1.62042,-161.03,59.55
1.62052,-179.16,13.96
1.62062,-228.18,2.54
1.62072,-302.58,26.11
1.62082,-395.26,83.32
1.62092,-498.07,170.81
1.62102,-602.39,283.44
1.62112,-699.76,414.69
1.62122,-782.46,557.08
1.62132,-843.97,702.66
1.62142,-879.45,843.46
1.62152,-885.98,972.01
1.62162,-862.68,1081.70
1.62172,-810.76,1167.22
1.62182,-733.34,1224.73
1.62192,-635.18,1252.10
1.62202,-522.31,1248.94
1.62212,-401.58,1216.58
1.62222,-280.16,1157.90
1.62232,-165.06,1077.13
1.62242,-62.62,979.53
1.62252,21.88,871.09
1.62262,84.54,758.10
1.62272,123.12,646.83
1.62282,137.07,543.15
1.62292,127.58,452.21
1.62302,97.45,378.20
1.62312,50.82,324.10
1.62322,-7.12,291.64
1.62332,-70.51,281.19
1.62342,-133.26,291.85
1.62352,-189.42,321.50
1.62362,-233.63,367.05
1.62372,-261.45,424.59
1.62382,-269.63,489.69
1.62392,-256.28,557.65
1.62402,-221.02,623.79
1.62412,-164.91,683.71
1.62422,-90.38,733.53
1.62432,-1.03,770.06
1.62442,98.67,790.97
1.62452,203.64,794.84
1.62462,308.58,781.26
1.62472,408.33,750.74
1.62482,498.17,704.67
1.62492,574.15,645.16
1.62502,633.28,574.96
1.62512,673.76,497.20
1.62522,695.00,415.23
1.62532,697.66,332.45
1.62542,683.53,252.06
1.62552,655.42,176.94
1.62562,616.90,109.53
1.62572,572.03,51.64
1.62582,525.14,4.48
1.62592,480.45,-31.44
1.62602,441.86,-56.26
1.62612,412.67,-70.76
1.62622,395.37,-76.24
1.62632,391.54,-74.44
1.62642,401.75,-67.42
1.62652,425.55,-57.42
1.62662,461.56,-46.72
1.62672,507.59,-37.55
1.62682,560.78,-31.88
1.62692,617.86,-31.42
1.62702,675.37,-37.47
1.62712,729.88,-50.91
1.62722,778.24,-72.12
1.62732,817.78,-101.03
1.62742,846.45,-137.14
1.62752,862.98,-179.51
1.62762,866.90,-226.89
1.62772,858.54,-277.78
1.62782,839.03,-330.52
1.62792,810.14,-383.38
1.62802,774.17,-434.67
1.62812,733.73,-482.79
1.62822,691.64,-526.38
1.62832,650.62,-564.31
1.62842,613.19,-595.79
1.62852,581.48,-620.37
1.62862,557.06,-637.93
1.62872,540.91,-648.74
1.62882,533.32,-653.36
1.62892,533.92,-652.66
1.62902,541.71,-647.72
1.62912,555.16,-639.78
1.62922,572.31,-630.19
1.62932,590.94,-620.29
1.62942,608.72,-611.40
1.62952,623.37,-604.69
1.62962,632.81,-601.15
1.62972,635.34,-601.54
1.62982,629.67,-606.34
1.62992,615.08,-615.75
1.63002,591.42,-629.67
1.63012,559.09,-647.70
1.63022,519.04,-669.17
1.63032,472.67,-693.20
1.63042,421.75,-718.71
1.63052,368.27,-744.52
1.63062,314.32,-769.35
1.63072,261.93,-791.96
1.63082,212.97,-811.17
1.63092,169.03,-825.94
1.63102,131.27,-835.39
1.63112,100.44,-838.89
1.63122,76.77,-836.06
1.63132,60.02,-826.80
1.63142,49.46,-811.30
1.63152,44.00,-790.01
1.63162,42.21,-763.64
1.63172,42.45,-733.10
1.63182,43.02,-699.45
1.63192,42.19,-663.90
1.63202,38.40,-627.64
1.63212,30.33,-591.90
1.63222,16.96,-557.78
1.63232,-2.34,-526.28
1.63242,-27.81,-498.19
1.63252,-59.24,-474.06
1.63262,-96.08,-454.22
1.63272,-137.38,-438.70
1.63282,-181.97,-427.27
1.63292,-228.45,-419.45
1.63302,-275.34,-414.54
1.63312,-321.18,-411.65
1.63322,-364.58,-409.75
1.63332,-404.34,-407.77
1.63342,-439.52,-404.58
1.63352,-469.48,-399.14
1.63362,-493.90,-390.49
1.63372,-512.82,-377.85
1.63382,-526.58,-360.63
1.63392,-535.81,-338.47
1.63402,-541.40,-311.28
1.63412,-544.35,-279.22
1.63422,-545.80,-242.70
1.63432,-546.85,-202.34
1.63442,-548.58,-158.97
1.63452,-551.88,-113.54
1.63462,-557.47,-67.12
1.63472,-565.84,-20.77
1.63482,-577.18,24.45
1.63492,-591.45,67.57
1.63502,-608.32,107.76
1.63512,-627.24,144.38
1.63522,-647.49,176.98
1.63532,-668.19,205.35
1.63542,-688.42,229.53
1.63552,-707.25,249.76
1.63562,-723.79,266.52
1.63572,-737.30,280.45
1.63582,-747.18,292.33
1.63592,-753.05,303.00
1.63602,-754.73,313.37
1.63612,-752.27,324.30
1.63622,-745.95,336.57
1.63632,-736.23,350.84
1.63642,-723.73,367.63
1.63652,-709.17,387.23
1.63662,-693.34,409.74
1.63672,-677.01,435.05
1.63682,-660.92,462.83
1.63692,-645.72,492.58
1.63702,-631.90,523.64
1.63712,-619.79,555.24
1.63722,-609.55,586.53
1.63732,-601.13,616.65
1.63742,-594.32,644.80
1.63752,-588.73,670.21
1.63762,-583.86,692.29
1.63772,-579.09,710.55
1.63782,-573.78,724.74
1.63792,-567.27,734.77
1.63802,-558.96,740.75
1.63812,-548.30,742.99
1.63822,-534.88,741.95
1.63832,-518.44,738.25
1.63842,-498.86,732.57
1.63852,-476.18,725.67
1.63862,-450.62,718.31
1.63872,-422.51,711.20
1.63882,-392.32,704.96
1.63892,-360.60,700.13
1.63902,-327.95,697.04
1.63912,-294.97,695.88
1.63922,-262.26,696.68
1.63932,-230.32,699.25
1.63942,-199.60,703.26
1.63952,-170.41,708.22
1.63962,-142.95,713.54
1.63972,-117.27,718.55
1.63982,-93.31,722.54
1.63992,-70.86,724.82
1.64002,-49.66,724.73
1.64012,-29.32,721.73
1.64022,-9.45,715.36
1.64032,10.39,705.35
1.64042,30.60,691.56
1.64052,51.55,674.04
1.64062,73.53,652.99
1.64072,96.77,628.79
1.64082,121.36,601.92
1.64092,147.31,572.97
1.64102,174.53,542.61
1.64112,202.81,511.52
1.64122,231.88,480.38
1.64132,261.39,449.81
1.64142,290.98,420.36
1.64152,320.23,392.45
1.64162,348.78,366.38
1.64172,376.27,342.31
1.64182,402.41,320.22
1.64192,426.96,299.98
1.64202,449.77,281.31
1.64212,470.78,263.81
1.64222,490.01,247.01
1.64232,507.56,230.39
1.64242,523.58,213.39
1.64252,538.29,195.49
1.64262,551.94,176.22
1.64272,564.77,155.15
1.64282,577.05,132.01
1.64292,588.99,106.60
1.64302,600.79,78.88
1.64312,612.57,48.92
1.64322,624.39,16.94
1.64332,636.26,-16.74
1.64342,648.12,-51.71
1.64352,659.84,-87.50
1.64362,671.24,-123.56
1.64372,682.12,-159.37
1.64382,692.22,-194.42
1.64392,701.31,-228.22
1.64402,709.15,-260.38
1.64412,715.53,-290.60
1.64422,720.28,-318.66
1.64432,723.26,-344.48
1.64442,724.41,-368.07
1.64452,723.71,-389.55
1.64462,721.21,-409.15
1.64472,717.00,-427.15
1.64482,711.23,-443.90
1.64492,704.06,-459.77
1.64502,695.71,-475.16
1.64512,686.38,-490.41
1.64522,676.28,-505.84
1.64532,665.59,-521.71
1.64542,654.48,-538.19
1.64552,643.07,-555.37
1.64562,631.43,-573.24
1.64572,619.61,-591.71
1.64582,607.59,-610.59
1.64592,595.33,-629.64
1.64602,582.72,-648.52
1.64612,569.64,-666.91
1.64622,555.98,-684.43
1.64632,541.57,-700.73
1.64642,526.27,-715.45
1.64652,509.97,-728.33
1.64662,492.56,-739.12
1.64672,473.97,-747.66
1.64682,454.15,-753.88
1.64692,433.12,-757.78
1.64702,410.91,-759.44
1.64712,387.61,-759.01
1.64722,363.33,-756.70
1.64732,338.20,-752.77
1.64742,312.38,-747.51
1.64752,286.03,-741.23
1.64762,259.31,-734.20
1.64772,232.39,-726.72
1.64782,205.40,-718.99
1.64792,178.47,-711.20
1.64802,151.67,-703.48
1.64812,125.07,-695.86
1.64822,98.72,-688.33
1.64832,72.60,-680.82
1.64842,46.71,-673.18
1.64852,21.00,-665.24
1.64862,-4.58,-656.77
1.64872,-30.09,-647.55
1.64882,-55.58,-637.33
1.64892,-81.12,-625.88
1.64902,-106.73,-613.00
1.64912,-132.44,-598.54
1.64922,-158.26,-582.37
1.64932,-184.16,-564.43
1.64942,-210.10,-544.73
1.64952,-236.01,-523.32
1.64962,-261.81,-500.32
1.64972,-287.41,-475.90
1.64982,-312.69,-450.25
1.64992,-337.56,-423.60
1.65002,-361.89,-396.22
1.65012,-385.59,-368.35
1.65022,-408.56,-340.23
1.65032,-430.74,-312.09
1.65042,-452.06,-284.12
1.65052,-472.49,-256.47
1.65062,-492.01,-229.25
1.65072,-510.62,-202.51
1.65082,-528.34,-176.26
1.65092,-545.19,-150.48
1.65102,-561.21,-125.08
1.65112,-576.44,-99.96
1.65122,-590.92,-74.99
1.65132,-604.69,-50.04
1.65142,-617.77,-24.96
1.65152,-630.17,0.38
1.65162,-641.90,26.09
1.65172,-652.94,52.26
1.65182,-663.27,78.94
1.65192,-672.84,106.15
1.65202,-681.61,133.85
1.65212,-689.51,162.00
1.65222,-696.48,190.49
1.65232,-702.46,219.18
1.65242,-707.38,247.93
1.65252,-711.19,276.56
1.65262,-713.84,304.89
1.65272,-715.29,332.74
1.65282,-715.54,359.94
1.65292,-714.57,386.32
1.65302,-712.39,411.76
1.65312,-709.04,436.14
1.65322,-704.53,459.40
1.65332,-698.93,481.49
1.65342,-692.28,502.40
1.65352,-684.63,522.15
1.65362,-676.04,540.79
1.65372,-666.57,558.39
1.65382,-656.27,575.02
1.65392,-645.16,590.77
1.65402,-633.30,605.74
1.65412,-620.69,620.00
1.65422,-607.36,633.64
1.65432,-593.30,646.70
1.65442,-578.51,659.22
1.65452,-562.99,671.21
1.65462,-546.72,682.66
1.65472,-529.69,693.53
1.65482,-511.89,703.76
1.65492,-493.31,713.27
1.65502,-473.96,721.98
1.65512,-453.83,729.78
1.65522,-432.95,736.56
1.65532,-411.34,742.24
1.65542,-389.03,746.72
1.65552,-366.07,749.92
1.65562,-342.50,751.77
1.65572,-318.39,752.23
1.65582,-293.80,751.28
1.65592,-268.78,748.93
1.65602,-243.40,745.19
1.65612,-217.72,740.11
1.65622,-191.79,733.75
1.65632,-165.67,726.18
1.65642,-139.40,717.50
1.65652,-113.01,707.78
1.65662,-86.55,697.11
1.65672,-60.04,685.59
1.65682,-33.50,673.29
1.65692,-6.95,660.27
1.65702,19.60,646.59
1.65712,46.13,632.28
1.65722,72.63,617.36
1.65732,99.07,601.83
1.65742,125.44,585.69
1.65752,151.70,568.92
1.65762,177.83,551.47
1.65772,203.77,533.32
1.65782,229.50,514.42
1.65792,254.96,494.75
1.65802,280.10,474.26
1.65812,304.87,452.93
1.65822,329.21,430.76
1.65832,353.06,407.74
1.65842,376.37,383.89
1.65852,399.10,359.25
1.65862,421.20,333.86
1.65872,442.62,307.79
1.65882,463.34,281.11
1.65892,483.32,253.90
1.65902,502.55,226.25
1.65912,521.01,198.26
1.65922,538.68,170.01
1.65932,555.56,141.61
1.65942,571.65,113.13
1.65952,586.93,84.65
1.65962,601.41,56.24
1.65972,615.08,27.96
1.65982,627.93,-0.15
1.65992,639.96,-28.07
1.66002,651.14,-55.76
1.66012,661.46,-83.23
1.66022,670.91,-110.45
1.66032,679.47,-137.45
1.66042,687.09,-164.22
1.66052,693.77,-190.78
1.66062,699.48,-217.12
1.66072,704.19,-243.24
1.66082,707.88,-269.15
1.66092,710.53,-294.83
1.66102,712.13,-320.25
1.66112,712.67,-345.39
1.66122,712.13,-370.20
1.66132,710.53,-394.64
1.66142,707.87,-418.64
1.66152,704.15,-442.15
1.66162,699.40,-465.10
1.66172,693.62,-487.42
1.66182,686.85,-509.05
1.66192,679.09,-529.91
1.66202,670.39,-549.94
1.66212,660.75,-569.10
1.66222,650.21,-587.33
1.66232,638.78,-604.59
1.66242,626.48,-620.85
1.66252,613.34,-636.10
1.66262,599.36,-650.32
1.66272,584.57,-663.52
1.66282,568.97,-675.68
1.66292,552.59,-686.83
1.66302,535.42,-696.98
1.66312,517.50,-706.14
1.66322,498.83,-714.33
1.66332,479.42,-721.56
1.66342,459.31,-727.85
1.66352,438.52,-733.20
1.66362,417.06,-737.63
1.66372,394.98,-741.12
1.66382,372.31,-743.66
1.66392,349.08,-745.26
1.66402,325.33,-745.88
1.66412,301.11,-745.51
1.66422,276.46,-744.13
1.66432,251.41,-741.72
1.66442,226.03,-738.24
1.66452,200.34,-733.69
1.66462,174.39,-728.04
1.66472,148.23,-721.29
1.66482,121.89,-713.42
1.66492,95.40,-704.45
1.66502,68.81,-694.38
1.66512,42.15,-683.22
1.66522,15.44,-671.01
1.66532,-11.28,-657.76
1.66542,-37.98,-643.52
1.66552,-64.63,-628.33
1.66562,-91.20,-612.23
1.66572,-117.66,-595.26
1.66582,-143.98,-577.47
1.66592,-170.13,-558.91
1.66602,-196.06,-539.62
1.66612,-221.75,-519.64
1.66622,-247.15,-499.01
1.66632,-272.22,-477.76
1.66642,-296.93,-455.92
1.66652,-321.23,-433.51
1.66662,-345.07,-410.55
1.66672,-368.43,-387.06
1.66682,-391.25,-363.07
1.66692,-413.51,-338.57
1.66702,-435.15,-313.59
1.66712,-456.16,-288.14
1.66722,-476.48,-262.24
1.66732,-496.11,-235.91
1.66742,-515.00,-209.18
1.66752,-533.14,-182.07
1.66762,-550.51,-154.63
1.66772,-567.07,-126.89
1.66782,-582.82,-98.90
1.66792,-597.75,-70.70
1.66802,-611.82,-42.35
1.66812,-625.04,-13.91
1.66822,-637.38,14.57
1.66832,-648.84,43.02
1.66842,-659.39,71.40
1.66852,-669.03,99.64
1.66862,-677.74,127.70
1.66872,-685.51,155.51
1.66882,-692.32,183.04
1.66892,-698.15,210.23
1.66902,-703.01,237.06
1.66912,-706.87,263.49
1.66922,-709.73,289.49
1.66932,-711.57,315.02
1.66942,-712.39,340.08
1.66952,-712.18,364.64
1.66962,-710.95,388.68
1.66972,-708.70,412.18
1.66982,-705.42,435.11
1.66992,-701.12,457.47
1.67002,-695.82,479.23
1.67012,-689.52,500.36
1.67022,-682.23,520.84
1.67032,-673.97,540.64
1.67042,-664.75,559.73
1.67052,-654.59,578.06
1.67062,-643.51,595.62
1.67072,-631.53,612.35
1.67082,-618.66,628.23
1.67092,-604.92,643.22
1.67102,-590.34,657.29
1.67112,-574.93,670.39
1.67122,-558.72,682.51
1.67132,-541.72,693.62
1.67142,-523.95,703.70
1.67152,-505.44,712.73
1.67162,-486.21,720.69
1.67172,-466.28,727.58
1.67182,-445.69,733.40
1.67192,-424.45,738.15
1.67202,-402.60,741.82
1.67212,-380.17,744.43
1.67222,-357.19,745.98
1.67232,-333.69,746.47
1.67242,-309.70,745.93
1.67252,-285.27,744.36
1.67262,-260.43,741.76
1.67272,-235.22,738.15
1.67282,-209.68,733.53
1.67292,-183.84,727.92
1.67302,-157.75,721.30
1.67312,-131.44,713.69
1.67322,-104.96,705.10
1.67332,-78.33,695.52
1.67342,-51.61,684.96
1.67352,-24.82,673.43
1.67362,1.99,660.93
1.67372,28.80,647.46
1.67382,55.55,633.06
1.67392,82.23,617.72
1.67402,108.79,601.46
1.67412,135.19,584.32
1.67422,161.41,566.30
1.67432,187.41,547.45
1.67442,213.14,527.79
1.67452,238.58,507.36
1.67462,263.69,486.20
1.67472,288.44,464.34
1.67482,312.78,441.81
1.67492,336.68,418.68
1.67502,360.11,394.96
1.67512,383.03,370.71
1.67522,405.41,345.96
1.67532,427.21,320.75
1.67542,448.40,295.11
1.67552,468.95,269.09
1.67562,488.83,242.72
1.67572,508.00,216.02
1.67582,526.45,189.04
1.67592,544.14,161.80
1.67602,561.06,134.33
1.67612,577.17,106.67
1.67622,592.45,78.85
1.67632,606.89,50.90
1.67642,620.47,22.85
1.67652,633.16,-5.25
1.67662,644.96,-33.37
1.67672,655.84,-61.48
1.67682,665.79,-89.53
1.67692,674.79,-117.47
1.67702,682.85,-145.27
1.67712,689.94,-172.88
1.67722,696.05,-200.26
1.67732,701.17,-227.35
1.67742,705.30,-254.12
1.67752,708.43,-280.53
1.67762,710.56,-306.52
1.67772,711.67,-332.05
1.67782,711.78,-357.09
1.67792,710.87,-381.60
1.67802,708.94,-405.55
1.67812,706.01,-428.89
1.67822,702.07,-451.61
1.67832,697.13,-473.66
1.67842,691.19,-495.03
1.67852,684.27,-515.68
1.67862,676.37,-535.60
1.67872,667.51,-554.76
1.67882,657.71,-573.14
1.67892,646.96,-590.71
1.67902,635.30,-607.46
1.67912,622.74,-623.37
1.67922,609.29,-638.41
1.67932,594.98,-652.57
1.67942,579.83,-665.82
1.67952,563.86,-678.14
1.67962,547.08,-689.51
1.67972,529.53,-699.91
1.67982,511.23,-709.33
1.67992,492.21,-717.75
1.68002,472.48,-725.14
1.68012,452.09,-731.49
1.68022,431.04,-736.80
1.68032,409.39,-741.04
1.68042,387.15,-744.22
1.68052,364.36,-746.33
1.68062,341.05,-747.35
1.68072,317.25,-747.30
1.68082,292.99,-746.17
1.68092,268.32,-743.97
1.68102,243.27,-740.71
1.68112,217.86,-736.38
1.68122,192.15,-731.01
1.68132,166.16,-724.60
1.68142,139.94,-717.17
1.68152,113.52,-708.73
1.68162,86.94,-699.29
1.68172,60.24,-688.87
1.68182,33.45,-677.49
1.68192,6.62,-665.16
1.68202,-20.22,-651.90
1.68212,-47.03,-637.72
1.68222,-73.77,-622.65
1.68232,-100.41,-606.70
1.68242,-126.90,-589.89
1.68252,-153.22,-572.25
1.68262,-179.31,-553.79
1.68272,-205.15,-534.54
1.68282,-230.70,-514.52
1.68292,-255.93,-493.76
1.68302,-280.79,-472.29
1.68312,-305.25,-450.13
1.68322,-329.29,-427.33
1.68332,-352.85,-403.90
1.68342,-375.92,-379.89
1.68352,-398.45,-355.34
1.68362,-420.42,-330.27
1.68372,-441.79,-304.73
1.68382,-462.54,-278.76
1.68392,-482.62,-252.39
1.68402,-502.02,-225.67
1.68412,-520.71,-198.64
1.68422,-538.66,-171.33
1.68432,-555.84,-143.79
1.68442,-572.23,-116.06
1.68452,-587.80,-88.17
1.68462,-602.55,-60.17
1.68472,-616.43,-32.09
1.68482,-629.44,-3.97
1.68492,-641.55,24.14
1.68502,-652.76,52.22
1.68512,-663.03,80.23
1.68522,-672.37,108.12
1.68532,-680.75,135.87
1.68542,-688.16,163.42
1.68552,-694.60,190.75
1.68562,-700.05,217.82
1.68572,-704.51,244.59
1.68582,-707.96,271.02
1.68592,-710.41,297.07
1.68602,-711.85,322.70
1.68612,-712.28,347.89
1.68622,-711.69,372.58
1.68632,-710.10,396.75
1.68642,-707.50,420.35
1.68652,-703.89,443.35
1.68662,-699.28,465.72
1.68672,-693.67,487.42
1.68682,-687.08,508.42
1.68692,-679.51,528.70
1.68702,-670.98,548.21
1.68712,-661.50,566.94
1.68722,-651.07,584.85
1.68732,-639.72,601.93
1.68742,-627.47,618.14
1.68752,-614.32,633.48
1.68762,-600.30,647.91
1.68772,-585.42,661.41
1.68782,-569.72,673.98
1.68792,-553.21,685.60
1.68802,-535.91,696.24
1.68812,-517.85,705.90
1.68822,-499.06,714.57
1.68832,-479.55,722.22
1.68842,-459.37,728.85
1.68852,-438.53,734.45
1.68862,-417.07,739.02
1.68872,-395.02,742.53
1.68882,-372.40,745.00
1.68892,-349.26,746.40
1.68902,-325.62,746.75
1.68912,-301.51,746.03
1.68922,-276.98,744.26
1.68932,-252.06,741.42
1.68942,-226.77,737.52
1.68952,-201.17,732.57
1.68962,-175.28,726.57
1.68972,-149.14,719.53
1.68982,-122.78,711.47
1.68992,-96.26,702.39
1.69002,-69.60,692.31
1.69012,-42.84,681.24
1.69022,-16.02,669.21
1.69032,10.82,656.22
1.69042,37.65,642.30
1.69052,64.42,627.47
1.69062,91.10,611.74
1.69072,117.65,595.16
1.69082,144.04,577.73
1.69092,170.22,559.48
1.69102,196.15,540.45
1.69112,221.81,520.65
1.69122,247.15,500.11
1.69132,272.14,478.86
1.69142,296.75,456.94
1.69152,320.93,434.37
1.69162,344.66,411.18
1.69172,367.89,387.40
1.69182,390.61,363.07
1.69192,412.76,338.22
1.69202,434.33,312.89
1.69212,455.29,287.11
1.69222,475.59,260.92
1.69232,495.22,234.36
1.69242,514.15,207.45
1.69252,532.34,180.25
1.69262,549.78,152.79
1.69272,566.43,125.11
1.69282,582.28,97.25
1.69292,597.30,69.26
1.69302,611.47,41.16
1.69312,624.78,13.01
1.69322,637.19,-15.16
1.69332,648.70,-43.30
1.69342,659.29,-71.38
1.69352,668.94,-99.36
1.69362,677.64,-127.19
1.69372,685.38,-154.84
1.69382,692.15,-182.26
1.69392,697.93,-209.43
1.69402,702.72,-236.30
1.69412,706.51,-262.83
1.69422,709.29,-288.98
1.69432,711.07,-314.73
1.69442,711.83,-340.03
1.69452,711.59,-364.85
1.69462,710.33,-389.16
1.69472,708.06,-412.91
1.69482,704.79,-436.08
1.69492,700.51,-458.64
1.69502,695.24,-480.54
1.69512,688.97,-501.77
1.69522,681.73,-522.28
1.69532,673.52,-542.05
1.69542,664.36,-561.06
1.69552,654.24,-579.27
1.69562,643.20,-596.65
1.69572,631.25,-613.18
1.69582,618.39,-628.85
1.69592,604.66,-643.61
1.69602,590.07,-657.46
1.69612,574.64,-670.38
1.69622,558.39,-682.34
1.69632,541.35,-693.33
1.69642,523.54,-703.33
1.69652,504.99,-712.33
1.69662,485.72,-720.32
1.69672,465.76,-727.28
1.69682,445.13,-733.21
1.69692,423.88,-738.10
1.69702,402.02,-741.94
1.69712,379.59,-744.73
1.69722,356.61,-746.46
1.69732,333.14,-747.13
1.69742,309.18,-746.75
1.69752,284.79,-745.30
1.69762,259.99,-742.80
1.69772,234.82,-739.25
1.69782,209.32,-734.64
1.69792,183.52,-728.99
1.69802,157.46,-722.31
1.69812,131.18,-714.60
1.69822,104.71,-705.88
1.69832,78.09,-696.15
1.69842,51.36,-685.43
1.69852,24.55,-673.74
1.69862,-2.28,-661.09
1.69872,-29.12,-647.50
1.69882,-55.91,-632.98
1.69892,-82.63,-617.57
1.69902,-109.23,-601.28
1.69912,-135.67,-584.13
1.69922,-161.92,-566.15
1.69932,-187.94,-547.37
1.69942,-213.70,-527.80
1.69952,-239.15,-507.49
1.69962,-264.26,-486.46
1.69972,-289.00,-464.74
1.69982,-313.32,-442.36
1.69992,-337.21,-419.36
1.70002,-360.61,-395.75
1.70012,-383.50,-371.59
1.70022,-405.85,-346.90
1.70032,-427.62,-321.72
1.70042,-448.78,-296.09
1.70052,-469.30,-270.03
1.70062,-489.16,-243.59
1.70072,-508.32,-216.81
1.70082,-526.76,-189.72
1.70092,-544.46,-162.35
1.70102,-561.38,-134.76
1.70112,-577.50,-106.97
1.70122,-592.80,-79.03
1.70132,-607.26,-50.98
1.70142,-620.85,-22.86
1.70152,-633.57,5.30
1.70162,-645.38,33.45
1.70172,-656.28,61.56
1.70182,-666.24,89.58
1.70192,-675.26,117.47
1.70202,-683.32,145.19
1.70212,-690.41,172.71
1.70222,-696.51,199.98
1.70232,-701.63,226.96
1.70242,-705.76,253.62
1.70252,-708.87,279.92
1.70262,-710.99,305.82
1.70272,-712.09,331.29
1.70282,-712.18,356.28
1.70292,-711.26,380.77
1.70302,-709.33,404.71
1.70312,-706.39,428.08
1.70322,-702.45,450.83
1.70332,-697.50,472.95
1.70342,-691.57,494.40
1.70352,-684.66,515.14
1.70362,-676.77,535.15
1.70372,-667.92,554.40
1.70382,-658.12,572.87
1.70392,-647.39,590.52
1.70402,-635.74,607.33
1.70412,-623.18,623.28
1.70422,-609.74,638.34
1.70432,-595.43,652.50
1.70442,-580.28,665.73
1.70452,-564.30,678.01
1.70462,-547.52,689.33
1.70472,-529.97,699.67
1.70482,-511.66,709.02
1.70492,-492.62,717.36
1.70502,-472.89,724.67
1.70512,-452.48,730.96
1.70522,-431.43,736.20
1.70532,-409.77,740.40
1.70542,-387.52,743.55
1.70552,-364.73,745.64
1.70562,-341.41,746.67
1.70572,-317.62,746.63
1.70582,-293.37,745.54
1.70592,-268.70,743.38
1.70602,-243.65,740.17
1.70612,-218.26,735.91
1.70622,-192.56,730.60
1.70632,-166.58,724.25
1.70642,-140.36,716.87
1.70652,-113.95,708.48
1.70662,-87.38,699.08
1.70672,-60.68,688.68
1.70682,-33.90,677.31
1.70692,-7.06,664.98
1.70702,19.78,651.70
1.70712,46.59,637.49
1.70722,73.34,622.38
1.70732,99.98,606.38
1.70742,126.48,589.52
1.70752,152.80,571.83
1.70762,178.90,553.32
1.70772,204.75,534.02
1.70782,230.31,513.96
1.70792,255.53,493.17
1.70802,280.40,471.68
1.70812,304.87,449.52
1.70822,328.90,426.72
1.70832,352.47,403.31
1.70842,375.53,379.33
1.70852,398.06,354.81
1.70862,420.03,329.79
1.70872,441.39,304.29
1.70882,462.13,278.37
1.70892,482.22,252.04
1.70902,501.62,225.37
1.70912,520.30,198.37
1.70922,538.25,171.08
1.70932,555.42,143.56
1.70942,571.82,115.83
1.70952,587.39,87.94
1.70962,602.13,59.92
1.70972,616.02,31.82
1.70982,629.03,3.67
1.70992,641.15,-24.48
1.71002,652.35,-52.60
1.71012,662.63,-80.65
1.71022,671.97,-108.58
1.71032,680.35,-136.36
1.71042,687.76,-163.94
1.71052,694.20,-191.30
1.71062,699.64,-218.38
1.71072,704.10,-245.15
1.71082,707.55,-271.57
1.71092,710.00,-297.61
1.71102,711.44,-323.23
1.71112,711.87,-348.39
1.71122,711.28,-373.05
1.71132,709.69,-397.18
1.71142,707.08,-420.75
1.71152,703.47,-443.72
1.71162,698.87,-466.06
1.71172,693.26,-487.73
1.71182,686.68,-508.72
1.71192,679.11,-528.98
1.71202,670.58,-548.48
1.71212,661.10,-567.21
1.71222,650.68,-585.14
1.71232,639.33,-602.23
1.71242,627.07,-618.47
1.71252,613.93,-633.82
1.71262,599.91,-648.28
1.71272,585.03,-661.82
1.71282,569.33,-674.42
1.71292,552.81,-686.06
1.71302,535.51,-696.72
1.71312,517.45,-706.40
1.71322,498.66,-715.07
1.71332,479.15,-722.73
1.71342,458.96,-729.36
1.71352,438.13,-734.95
1.71362,416.66,-739.50
1.71372,394.61,-743.00
1.71382,371.99,-745.44
1.71392,348.85,-746.83
1.71402,325.21,-747.15
1.71412,301.11,-746.41
1.71422,276.57,-744.61
1.71432,251.65,-741.76
1.71442,226.37,-737.85
1.71452,200.76,-732.89
1.71462,174.87,-726.88
1.71472,148.74,-719.85
1.71482,122.39,-711.79
1.71492,95.86,-702.73
1.71502,69.20,-692.66
1.71512,42.44,-681.61
1.71522,15.62,-669.59
1.71532,-11.22,-656.62
1.71542,-38.05,-642.72
1.71552,-64.82,-627.90
1.71562,-91.50,-612.20
1.71572,-118.05,-595.62
1.71582,-144.44,-578.20
1.71592,-170.62,-559.96
1.71602,-196.55,-540.92
1.71612,-222.21,-521.11
1.71622,-247.55,-500.56
1.71632,-272.54,-479.30
1.71642,-297.15,-457.37
1.71652,-321.33,-434.78
1.71662,-345.05,-411.57
1.71672,-368.29,-387.78
1.71682,-391.00,-363.44
1.71692,-413.16,-338.58
1.71702,-434.73,-313.24
1.71712,-455.68,-287.45
1.71722,-475.99,-261.26
1.71732,-495.61,-234.69
1.71742,-514.54,-207.80
1.71752,-532.73,-180.60
1.71762,-550.17,-153.16
1.71772,-566.83,-125.49
1.71782,-582.68,-97.64
1.71792,-597.70,-69.66
1.71802,-611.87,-41.58
1.71812,-625.18,-13.44
1.71822,-637.60,14.72
1.71832,-649.11,42.86
1.71842,-659.69,70.93
1.71852,-669.35,98.91
1.71862,-678.05,126.74
1.71872,-685.78,154.39
1.71882,-692.55,181.83
1.71892,-698.32,209.00
1.71902,-703.11,235.88
1.71912,-706.90,262.42
1.71922,-709.68,288.59
1.71932,-711.46,314.35
1.71942,-712.22,339.66
1.71952,-711.98,364.49
1.71962,-710.72,388.80
1.71972,-708.45,412.56
1.71982,-705.17,435.73
1.71992,-700.90,458.29
1.72002,-695.63,480.19
1.72012,-689.36,501.41
1.72022,-682.12,521.91
1.72032,-673.92,541.68
1.72042,-664.75,560.67
1.72052,-654.64,578.87
1.72062,-643.60,596.24
1.72072,-631.64,612.77
1.72082,-618.79,628.42
1.72092,-605.06,643.18
1.72102,-590.47,657.03
1.72112,-575.04,669.94
1.72122,-558.79,681.91
1.72132,-541.75,692.90
1.72142,-523.94,702.90
1.72152,-505.39,711.91
1.72162,-486.11,719.91
1.72172,-466.15,726.88
1.72182,-445.53,732.82
1.72192,-424.27,737.72
1.72202,-402.41,741.56
1.72212,-379.97,744.36
1.72222,-357.00,746.10
1.72232,-333.52,746.77
1.72242,-309.57,746.39
1.72252,-285.18,744.94
1.72262,-260.38,742.44
1.72272,-235.21,738.88
1.72282,-209.71,734.27
1.72292,-183.92,728.61
1.72302,-157.86,721.93
1.72312,-131.57,714.21
1.72322,-105.10,705.48
1.72332,-78.48,695.74
1.72342,-51.75,685.02
1.72352,-24.95,673.33
1.72362,1.89,660.67
1.72372,28.73,647.08
1.72382,55.52,632.57
1.72392,82.24,617.15
1.72402,108.84,600.86
1.72412,135.28,583.72
1.72422,161.53,565.75
1.72432,187.56,546.97
1.72442,213.31,527.42
1.72452,238.76,507.11
1.72462,263.87,486.09
1.72472,288.61,464.37
1.72482,312.94,441.99
1.72492,336.82,418.99
1.72502,360.22,395.39
1.72512,383.11,371.22
1.72522,405.46,346.53
1.72532,427.23,321.35
1.72542,448.39,295.71
1.72552,468.91,269.65
1.72562,488.77,243.21
1.72572,507.93,216.42
1.72582,526.37,189.32
1.72592,544.07,161.95
1.72602,560.99,134.35
1.72612,577.11,106.57
1.72622,592.41,78.63
1.72632,606.87,50.57
1.72642,620.46,22.45
1.72652,633.18,-5.71
1.72662,644.99,-33.86
1.72672,655.89,-61.96
1.72682,665.86,-89.97
1.72692,674.87,-117.86
1.72702,682.93,-145.58
1.72712,690.02,-173.09
1.72722,696.13,-200.35
1.72732,701.25,-227.34
1.72742,705.37,-253.99
1.72752,708.49,-280.29
1.72762,710.60,-306.19
1.72772,711.70,-331.66
1.72782,711.79,-356.65
1.72792,710.87,-381.14
1.72802,708.94,-405.09
1.72812,706.00,-428.46
1.72822,702.06,-451.22
1.72832,697.12,-473.34
1.72842,691.19,-494.79
1.72852,684.27,-515.54
1.72862,676.38,-535.55
1.72872,667.54,-554.80
1.72882,657.74,-573.27
1.72892,647.01,-590.92
1.72902,635.35,-607.73
1.72912,622.80,-623.68
1.72922,609.36,-638.74
1.72932,595.05,-652.89
1.72942,579.90,-666.12
1.72952,563.92,-678.40
1.72962,547.14,-689.72
1.72972,529.59,-700.05
1.72982,511.28,-709.40
1.72992,492.24,-717.73
1.73002,472.51,-725.05
1.73012,452.10,-731.33
1.73022,431.05,-736.58
1.73032,409.39,-740.78
1.73042,387.14,-743.92
1.73052,364.34,-746.01
1.73062,341.03,-747.04
1.73072,317.23,-747.01
1.73082,292.98,-745.92
1.73092,268.32,-743.77
1.73102,243.27,-740.56
1.73112,217.88,-736.29
1.73122,192.17,-730.99
1.73132,166.20,-724.64
1.73142,139.98,-717.27
1.73152,113.57,-708.87
1.73162,87.00,-699.47
1.73172,60.30,-689.08
1.73182,33.52,-677.70
1.73192,6.68,-665.37
1.73202,-20.16,-652.09
1.73212,-46.97,-637.88
1.73222,-73.72,-622.76
1.73232,-100.36,-606.76
1.73242,-126.86,-589.90
1.73252,-153.18,-572.20
1.73262,-179.28,-553.69
1.73272,-205.13,-534.39
1.73282,-230.69,-514.33
1.73292,-255.91,-493.55
1.73302,-280.78,-472.06
1.73312,-305.25,-449.90
1.73322,-329.28,-427.10
1.73332,-352.85,-403.69
1.73342,-375.91,-379.71
1.73352,-398.44,-355.19
1.73362,-420.41,-330.17
1.73372,-441.77,-304.68
1.73382,-462.51,-278.75
1.73392,-482.60,-252.43
1.73402,-501.99,-225.75
1.73412,-520.68,-198.75
1.73422,-538.62,-171.47
1.73432,-555.80,-143.95
1.73442,-572.19,-116.22
1.73452,-587.77,-88.32
1.73462,-602.51,-60.30
1.73472,-616.40,-32.20
1.73482,-629.41,-4.05
1.73492,-641.52,24.11
1.73502,-652.73,52.23
1.73512,-663.01,80.28
1.73522,-672.34,108.21
1.73532,-680.72,135.99
1.73542,-688.14,163.57
1.73552,-694.57,190.92
1.73562,-700.02,218.01
1.73572,-704.48,244.78
1.73582,-707.93,271.20
1.73592,-710.38,297.24
1.73602,-711.82,322.85
1.73612,-712.24,348.01
1.73622,-711.66,372.67
1.73632,-710.06,396.80
1.73642,-707.46,420.36
1.73652,-703.85,443.33
1.73662,-699.24,465.67
1.73672,-693.64,487.35
1.73682,-687.05,508.33
1.73692,-679.49,528.59
1.73702,-670.96,548.10
1.73712,-661.47,566.83
1.73722,-651.05,584.76
1.73732,-639.70,601.85
1.73742,-627.45,618.09
1.73752,-614.30,633.45
1.73762,-600.28,647.91
1.73772,-585.41,661.45
1.73782,-569.70,674.05
1.73792,-553.19,685.69
1.73802,-535.89,696.35
1.73812,-517.83,706.03
1.73822,-499.03,714.70
1.73832,-479.53,722.35
1.73842,-459.34,728.98
1.73852,-438.50,734.58
1.73862,-417.04,739.13
1.73872,-394.98,742.62
1.73882,-372.37,745.07
1.73892,-349.22,746.45
1.73902,-325.58,746.77
1.73912,-301.48,746.03
1.73922,-276.95,744.23
1.73932,-252.02,741.38
1.73942,-226.74,737.47
1.73952,-201.14,732.51
1.73962,-175.25,726.51
1.73972,-149.11,719.47
1.73982,-122.76,711.42
1.73992,-96.23,702.35
1.74002,-69.57,692.29
1.74012,-42.81,681.24
1.74022,-15.99,669.22
1.74032,10.85,656.25
1.74042,37.68,642.35
1.74052,64.45,627.54
1.74062,91.13,611.83
1.74072,117.68,595.25
1.74082,144.07,577.83
1.74092,170.24,559.59
1.74102,196.18,540.55
1.74112,221.84,520.74
1.74122,247.18,500.19
1.74132,272.17,478.93
1.74142,296.78,456.99
1.74152,320.96,434.40
1.74162,344.68,411.19
1.74172,367.92,387.40
1.74182,390.63,363.06
1.74192,412.79,338.20
1.74202,434.36,312.86
1.74212,455.31,287.08
1.74222,475.62,260.89
1.74232,495.25,234.32
1.74242,514.17,207.42
1.74252,532.36,180.23
1.74262,549.80,152.78
1.74272,566.46,125.12
1.74282,582.31,97.28
1.74292,597.33,69.29
1.74302,611.51,41.21
1.74312,624.81,13.07
1.74322,637.23,-15.09
1.74332,648.74,-43.22
1.74342,659.33,-71.30
1.74352,668.98,-99.27
1.74362,677.68,-127.11
1.74372,685.41,-154.76
1.74382,692.18,-182.20
1.74392,697.96,-209.37
1.74402,702.74,-236.25
1.74412,706.53,-262.79
1.74422,709.32,-288.96
1.74432,711.09,-314.72
1.74442,711.86,-340.03
1.74452,711.61,-364.86
1.74462,710.35,-389.17
1.74472,708.08,-412.93
1.74482,704.81,-436.11
1.74492,700.53,-458.66
1.74502,695.26,-480.56
1.74512,689.00,-501.78
1.74522,681.76,-522.28
1.74532,673.55,-542.04
1.74542,664.38,-561.04
1.74552,654.27,-579.23
1.74562,643.23,-596.61
1.74572,631.28,-613.13
1.74582,618.42,-628.79
1.74592,604.69,-643.55
1.74602,590.10,-657.40
1.74612,574.67,-670.31
1.74622,558.42,-682.27
1.74632,541.38,-693.26
1.74642,523.57,-703.27
1.74652,505.02,-712.28
1.74662,485.75,-720.27
1.74672,465.78,-727.25
1.74682,445.16,-733.19
1.74692,423.90,-738.08
1.74702,402.04,-741.93
1.74712,379.61,-744.73
1.74722,356.64,-746.46
1.74732,333.16,-747.14
1.74742,309.21,-746.76
1.74752,284.81,-745.31
1.74762,260.02,-742.80
1.74772,234.85,-739.24
1.74782,209.35,-734.63
1.74792,183.55,-728.98
1.74802,157.49,-722.29
1.74812,131.21,-714.57
1.74822,104.74,-705.84
1.74832,78.12,-696.11
1.74842,51.39,-685.39
1.74852,24.58,-673.69
1.74862,-2.26,-661.04
1.74872,-29.09,-647.44
1.74882,-55.89,-632.93
1.74892,-82.60,-617.52
1.74902,-109.20,-601.23
1.74912,-135.65,-584.09
1.74922,-161.90,-566.11
1.74932,-187.92,-547.33
1.74942,-213.67,-527.78
1.74952,-239.13,-507.48
1.74962,-264.24,-486.45
1.74972,-288.97,-464.73
1.74982,-313.30,-442.36
1.74992,-337.18,-419.35
1.75002,-360.58,-395.75
1.75012,-383.47,-371.59
1.75022,-405.82,-346.90
1.75032,-427.59,-321.71
1.75042,-448.75,-296.07
1.75052,-469.27,-270.01
1.75062,-489.13,-243.57
1.75072,-508.29,-216.78
1.75082,-526.73,-189.68
1.75092,-544.43,-162.31
1.75102,-561.35,-134.72
1.75112,-577.47,-106.93
1.75122,-592.77,-78.99
1.75132,-607.23,-50.93
1.75142,-620.82,-22.81
1.75152,-633.54,5.35
1.75162,-645.35,33.50
1.75172,-656.25,61.60
1.75182,-666.22,89.61
1.75192,-675.23,117.50
1.75202,-683.29,145.21
1.75212,-690.38,172.73
1.75222,-696.49,199.99
1.75232,-701.61,226.97
1.75242,-705.73,253.63
1.75252,-708.85,279.93
1.75262,-710.96,305.83
1.75272,-712.06,331.30
1.75282,-712.15,356.29
1.75292,-711.23,380.78
1.75302,-709.30,404.73
1.75312,-706.36,428.10
1.75322,-702.42,450.86
1.75332,-697.48,472.98
1.75342,-691.54,494.43
1.75352,-684.63,515.18
1.75362,-676.74,535.19
1.75372,-667.89,554.44
1.75382,-658.10,572.91
1.75392,-647.36,590.56
1.75402,-635.71,607.37
1.75412,-623.16,623.32
1.75422,-609.72,638.38
1.75432,-595.41,652.53
1.75442,-580.26,665.76
1.75452,-564.28,678.04
1.75462,-547.50,689.36
1.75472,-529.94,699.70
1.75482,-511.63,709.04
1.75492,-492.60,717.37
1.75502,-472.86,724.69
1.75512,-452.46,730.97
1.75522,-431.40,736.22
1.75532,-409.74,740.42
1.75542,-387.50,743.56
1.75552,-364.70,745.65
1.75562,-341.39,746.68
1.75572,-317.59,746.65
1.75582,-293.34,745.56
1.75592,-268.67,743.41
1.75602,-243.63,740.20
1.75612,-218.23,735.94
1.75622,-192.53,730.63
1.75632,-166.55,724.29
1.75642,-140.34,716.91
1.75652,-113.93,708.52
1.75662,-87.35,699.12
1.75672,-60.65,688.72
1.75682,-33.87,677.35
1.75692,-7.04,665.01
1.75702,19.80,651.73
1.75712,46.62,637.52
1.75722,73.36,622.41
1.75732,100.00,606.41
1.75742,126.50,589.55
1.75752,152.82,571.85
1.75762,178.93,553.33
1.75772,204.78,534.04
1.75782,230.33,513.98
1.75792,255.56,493.19
1.75802,280.43,471.70
1.75812,304.89,449.54
1.75822,328.93,426.74
1.75832,352.49,403.34
1.75842,375.56,379.36
1.75852,398.09,354.84
1.75862,420.05,329.82
1.75872,441.42,304.32
1.75882,462.16,278.40
1.75892,482.24,252.08
1.75902,501.64,225.40
1.75912,520.33,198.40
1.75922,538.27,171.12
1.75932,555.45,143.59
1.75942,571.84,115.86
1.75952,587.42,87.97
1.75962,602.16,59.95
1.75972,616.05,31.85
1.75982,629.06,3.70
1.75992,641.17,-24.46
1.76002,652.38,-52.58
1.76012,662.66,-80.63
1.76022,671.99,-108.56
1.76032,680.37,-136.34
1.76042,687.79,-163.93
1.76052,694.22,-191.28
1.76062,699.67,-218.36
1.76072,704.13,-245.13
1.76082,707.58,-271.55
1.76092,710.03,-297.59
1.76102,711.47,-323.20
1.76112,711.89,-348.36
1.76122,711.31,-373.02
1.76132,709.71,-397.15
1.76142,707.11,-420.72
1.76152,703.50,-443.68
1.76162,698.89,-466.02
1.76172,693.29,-487.70
1.76182,686.70,-508.68
1.76192,679.14,-528.94
1.76202,670.61,-548.45
1.76212,661.12,-567.19
1.76222,650.70,-585.11
1.76232,639.36,-602.20
1.76242,627.10,-618.44
1.76252,613.95,-633.80
1.76262,599.93,-648.26
1.76272,585.06,-661.80
1.76282,569.35,-674.40
1.76292,552.84,-686.04
1.76302,535.54,-696.70
1.76312,517.48,-706.38
1.76322,498.68,-715.05
1.76332,479.18,-722.70
1.76342,458.99,-729.33
1.76352,438.15,-734.93
1.76362,416.69,-739.47
1.76372,394.63,-742.97
1.76382,372.02,-745.42
1.76392,348.87,-746.80
1.76402,325.23,-747.12
1.76412,301.13,-746.38
1.76422,276.60,-744.58
1.76432,251.68,-741.73
1.76442,226.39,-737.82
1.76452,200.79,-732.86
1.76462,174.90,-726.86
1.76472,148.76,-719.82
1.76482,122.41,-711.77
1.76492,95.89,-702.70
1.76502,69.23,-692.64
1.76512,42.47,-681.59
1.76522,15.65,-669.57
1.76532,-11.20,-656.60
1.76542,-38.02,-642.70
1.76552,-64.79,-627.88
1.76562,-91.48,-612.18
1.76572,-118.03,-595.60
1.76582,-144.41,-578.18
1.76592,-170.59,-559.93
1.76602,-196.53,-540.89
1.76612,-222.18,-521.09
1.76622,-247.53,-500.54
1.76632,-272.52,-479.28
1.76642,-297.12,-457.34
1.76652,-321.30,-434.75
1.76662,-345.03,-411.54
1.76672,-368.26,-387.75
1.76682,-390.98,-363.41
1.76692,-413.13,-338.55
1.76702,-434.70,-313.21
1.76712,-455.66,-287.42
1.76722,-475.96,-261.23
1.76732,-495.59,-234.67
1.76742,-514.51,-207.77
1.76752,-532.71,-180.58
1.76762,-550.15,-153.13
1.76772,-566.80,-125.46
1.76782,-582.65,-97.62
1.76792,-597.68,-69.64
1.76802,-611.85,-41.56
1.76812,-625.15,-13.42
1.76822,-637.57,14.74
1.76832,-649.08,42.88
1.76842,-659.67,70.95
1.76852,-669.32,98.93
1.76862,-678.02,126.76
1.76872,-685.76,154.42
1.76882,-692.52,181.85
1.76892,-698.30,209.03
1.76902,-703.09,235.91
1.76912,-706.87,262.45
1.76922,-709.66,288.62
1.76932,-711.43,314.38
1.76942,-712.20,339.69
1.76952,-711.95,364.52
1.76962,-710.69,388.83
1.76972,-708.42,412.59
1.76982,-705.15,435.76
1.76992,-700.87,458.31
1.77002,-695.60,480.21
1.77012,-689.34,501.43
1.77022,-682.10,521.94
1.77032,-673.89,541.70
1.77042,-664.72,560.70
1.77052,-654.61,578.89
1.77062,-643.57,596.26
1.77072,-631.62,612.79
1.77082,-618.77,628.45
1.77092,-605.03,643.21
1.77102,-590.44,657.05
1.77112,-575.01,669.97
1.77122,-558.77,681.93
1.77132,-541.73,692.92
1.77142,-523.92,702.93
1.77152,-505.36,711.94
1.77162,-486.09,719.93
1.77172,-466.13,726.90
1.77182,-445.50,732.84
1.77192,-424.24,737.74
1.77202,-402.38,741.59
1.77212,-379.95,744.39
1.77222,-356.98,746.12
1.77232,-333.50,746.80
1.77242,-309.55,746.41
1.77252,-285.15,744.97
1.77262,-260.36,742.46
1.77272,-235.19,738.90
1.77282,-209.69,734.29
1.77292,-183.89,728.64
1.77302,-157.83,721.95
1.77312,-131.55,714.23
1.77322,-105.08,705.50
1.77332,-78.46,695.77
1.77342,-51.73,685.05
1.77352,-24.92,673.35
1.77362,1.92,660.70
1.77372,28.75,647.10
1.77382,55.55,632.59
1.77392,82.26,617.18
1.77402,108.86,600.89
1.77412,135.31,583.75
1.77422,161.56,565.77
1.77432,187.58,547.00
1.77442,213.34,527.44
1.77452,238.79,507.14
1.77462,263.90,486.11
1.77472,288.64,464.39
1.77482,312.96,442.02
1.77492,336.84,419.01
1.77502,360.25,395.41
1.77512,383.14,371.25
1.77522,405.48,346.56
1.77532,427.25,321.38
1.77542,448.41,295.74
1.77552,468.94,269.68
1.77562,488.79,243.23
1.77572,507.96,216.44
1.77582,526.40,189.34
1.77592,544.09,161.98
1.77602,561.01,134.38
1.77612,577.13,106.59
1.77622,592.43,78.65
1.77632,606.89,50.60
1.77642,620.49,22.47
1.77652,633.20,-5.68
1.77662,645.02,-33.83
1.77672,655.92,-61.93
1.77682,665.88,-89.95
1.77692,674.90,-117.83
1.77702,682.96,-145.55
1.77712,690.05,-173.06
1.77722,696.16,-200.33
1.77732,701.27,-227.31
1.77742,705.40,-253.97
1.77752,708.52,-280.27
1.77762,710.63,-306.17
1.77772,711.73,-331.63
1.77782,711.82,-356.63
1.77792,710.90,-381.11
1.77802,708.97,-405.06
1.77812,706.03,-428.43
1.77822,702.08,-451.19
1.77832,697.14,-473.32
1.77842,691.21,-494.76
1.77852,684.30,-515.51
1.77862,676.41,-535.52
1.77872,667.56,-554.78
1.77882,657.76,-573.24
1.77892,647.03,-590.89
1.77902,635.38,-607.70
1.77912,622.82,-623.65
1.77922,609.38,-638.71
1.77932,595.08,-652.87
1.77942,579.92,-666.10
1.77952,563.95,-678.38
1.77962,547.17,-689.69
1.77972,529.61,-700.03
1.77982,511.30,-709.37
1.77992,492.27,-717.71
1.78002,472.53,-725.02
1.78012,452.12,-731.31
1.78022,431.07,-736.55
1.78032,409.41,-740.75
1.78042,387.16,-743.90
1.78052,364.37,-745.99
1.78062,341.06,-747.02
1.78072,317.26,-746.99
1.78082,293.01,-745.89
1.78092,268.34,-743.74
1.78102,243.29,-740.53
1.78112,217.90,-736.27
1.78122,192.20,-730.96
1.78132,166.22,-724.62
1.78142,140.01,-717.24
1.78152,113.60,-708.85
1.78162,87.02,-699.45
1.78172,60.32,-689.05
1.78182,33.54,-677.68
1.78192,6.71,-665.34
1.78202,-20.13,-652.06
1.78212,-46.95,-637.85
1.78222,-73.69,-622.74
1.78232,-100.34,-606.74
1.78242,-126.83,-589.88
1.78252,-153.15,-572.18
1.78262,-179.26,-553.67
1.78272,-205.10,-534.37
1.78282,-230.66,-514.31
1.78292,-255.89,-493.52
1.78302,-280.76,-472.03
1.78312,-305.22,-449.87
1.78322,-329.26,-427.07
1.78332,-352.82,-403.67
1.78342,-375.89,-379.69
1.78352,-398.42,-355.17
1.78362,-420.38,-330.15
1.78372,-441.75,-304.65
1.78382,-462.49,-278.73
1.78392,-482.57,-252.41
1.78402,-501.97,-225.73
1.78412,-520.65,-198.73
1.78422,-538.60,-171.45
1.78432,-555.78,-143.92
1.78442,-572.17,-116.19
1.78452,-587.75,-88.30
1.78462,-602.49,-60.28
1.78472,-616.37,-32.18
1.78482,-629.38,-4.02
1.78492,-641.50,24.13
1.78502,-652.71,52.25
1.78512,-662.98,80.30
1.78522,-672.32,108.23
1.78532,-680.70,136.01
1.78542,-688.11,163.60
1.78552,-694.55,190.95
1.78562,-700.00,218.03
1.78572,-704.45,244.80
1.78582,-707.91,271.22
1.78592,-710.35,297.26
1.78602,-711.79,322.87
1.78612,-712.22,348.03
1.78622,-711.64,372.69
1.78632,-710.04,396.82
1.78642,-707.44,420.39
1.78652,-703.83,443.36
1.78662,-699.22,465.70
1.78672,-693.62,487.37
1.78682,-687.03,508.36
1.78692,-679.46,528.62
1.78702,-670.93,548.13
1.78712,-661.45,566.86
1.78722,-651.03,584.78
1.78732,-639.68,601.88
1.78742,-627.42,618.11
1.78752,-614.28,633.47
1.78762,-600.26,647.93
1.78772,-585.38,661.47
1.78782,-569.68,674.07
1.78792,-553.17,685.71
1.78802,-535.87,696.37
1.78812,-517.80,706.05
1.78822,-499.01,714.72
1.78832,-479.50,722.38
1.78842,-459.32,729.01
1.78852,-438.48,734.60
1.78862,-417.01,739.15
1.78872,-394.96,742.65
1.78882,-372.34,745.09
1.78892,-349.20,746.47
1.78902,-325.56,746.80
1.78912,-301.46,746.06
1.78922,-276.92,744.26
1.78932,-252.00,741.40
1.78942,-226.72,737.49
1.78952,-201.11,732.53
1.78962,-175.22,726.53
1.78972,-149.09,719.50
1.78982,-122.74,711.44
1.78992,-96.21,702.38
1.79002,-69.55,692.31
1.79012,-42.79,681.26
1.79022,-15.97,669.24
1.79032,10.87,656.28
1.79042,37.70,642.37
1.79052,64.47,627.56
1.79062,91.15,611.85
1.79072,117.70,595.28
1.79082,144.09,577.85
1.79092,170.27,559.61
1.79102,196.20,540.57
1.79112,221.86,520.76
1.79122,247.20,500.21
1.79132,272.20,478.96
1.79142,296.80,457.02
1.79152,320.98,434.43
1.79162,344.71,411.22
1.79172,367.94,387.43
1.79182,390.65,363.08
1.79192,412.81,338.23
1.79202,434.38,312.89
1.79212,455.33,287.10
1.79222,475.64,260.91
1.79232,495.27,234.35
1.79242,514.19,207.45
1.79252,532.39,180.26
1.79262,549.83,152.81
1.79272,566.48,125.14
1.79282,582.33,97.30
1.79292,597.35,69.32
1.79302,611.53,41.24
1.79312,624.83,13.10
1.79322,637.25,-15.06
1.79332,648.76,-43.20
1.79342,659.35,-71.28
1.79352,669.00,-99.25
1.79362,677.70,-127.08
1.79372,685.44,-154.74
1.79382,692.20,-182.17
1.79392,697.98,-209.35
1.79402,702.77,-236.23
1.79412,706.55,-262.77
1.79422,709.34,-288.94
1.79432,711.11,-314.70
1.79442,711.88,-340.01
1.79452,711.63,-364.84
1.79462,710.37,-389.15
1.79472,708.11,-412.91
1.79482,704.83,-436.08
1.79492,700.55,-458.63
1.79502,695.28,-480.53
1.79512,689.02,-501.75
1.79522,681.78,-522.26
1.79532,673.57,-542.02
1.79542,664.41,-561.01
1.79552,654.30,-579.21
1.79562,643.25,-596.58
1.79572,631.30,-613.11
1.79582,618.45,-628.76
1.79592,604.72,-643.53
1.79602,590.12,-657.37
1.79612,574.70,-670.29
1.79622,558.45,-682.25
1.79632,541.41,-693.24
1.79642,523.60,-703.25
1.79652,505.04,-712.25
1.79662,485.77,-720.25
1.79672,465.81,-727.22
1.79682,445.18,-733.16
1.79692,423.93,-738.06
1.79702,402.07,-741.91
1.79712,379.63,-744.70
1.79722,356.66,-746.44
1.79732,333.18,-747.12
1.79742,309.23,-746.73
1.79752,284.84,-745.29
1.79762,260.04,-742.78
1.79772,234.87,-739.22
1.79782,209.37,-734.61
1.79792,183.57,-728.96
1.79802,157.52,-722.27
1.79812,131.23,-714.55
1.79822,104.76,-705.82
1.79832,78.14,-696.09
1.79842,51.41,-685.36
1.79852,24.61,-673.67
1.79862,-2.23,-661.01
1.79872,-29.07,-647.42
1.79882,-55.86,-632.91
1.79892,-82.58,-617.49
1.79902,-109.18,-601.21
1.79912,-135.62,-584.06
1.79922,-161.87,-566.09
1.79932,-187.90,-547.31
1.79942,-213.65,-527.76
1.79952,-239.10,-507.45
1.79962,-264.21,-486.43
1.79972,-288.95,-464.71
1.79982,-313.28,-442.33
1.79992,-337.16,-419.33
1.80002,-360.56,-395.73
1.80012,-383.45,-371.57
1.80022,-405.80,-346.88
1.80032,-427.56,-321.69
1.80042,-448.73,-296.05
1.80052,-469.25,-269.99
1.80062,-489.11,-243.55
1.80072,-508.27,-216.76
1.80082,-526.71,-189.66
1.80092,-544.40,-162.29
1.80102,-561.32,-134.69
1.80112,-577.44,-106.91
1.80122,-592.75,-78.96
1.80132,-607.20,-50.91
1.80142,-620.80,-22.79
1.80152,-633.52,5.37
1.80162,-645.33,33.52
1.80172,-656.23,61.62
1.80182,-666.19,89.63
1.80192,-675.21,117.52
1.80202,-683.27,145.24
1.80212,-690.36,172.75
1.80222,-696.47,200.01
1.80232,-701.59,227.00
1.80242,-705.71,253.66
1.80252,-708.83,279.95
1.80262,-710.94,305.85
1.80272,-712.04,331.32
1.80282,-712.13,356.31
1.80292,-711.21,380.80
1.80302,-709.28,404.75
1.80312,-706.34,428.12
1.80322,-702.39,450.88
1.80332,-697.45,473.00
1.80342,-691.52,494.45
1.80352,-684.61,515.20
1.80362,-676.72,535.21
1.80372,-667.87,554.47
1.80382,-658.07,572.93
1.80392,-647.34,590.58
1.80402,-635.69,607.39
1.80412,-623.13,623.34
1.80422,-609.69,638.40
1.80432,-595.39,652.56
1.80442,-580.23,665.78
1.80452,-564.26,678.06
1.80462,-547.48,689.38
1.80472,-529.92,699.72
1.80482,-511.61,709.06
1.80492,-492.58,717.39
1.80502,-472.84,724.71
1.80512,-452.43,730.99
1.80522,-431.38,736.24
1.80532,-409.72,740.44
1.80542,-387.47,743.59
1.80552,-364.68,745.68
1.80562,-341.37,746.71
1.80572,-317.57,746.68
1.80582,-293.32,745.58
1.80592,-268.65,743.43
1.80602,-243.60,740.22
1.80612,-218.21,735.96
1.80622,-192.51,730.65
1.80632,-166.53,724.31
1.80642,-140.32,716.93
1.80652,-113.90,708.54
1.80662,-87.33,699.14
1.80672,-60.63,688.74
1.80682,-33.85,677.37
1.80692,-7.02,665.03
1.80702,19.83,651.75
1.80712,46.64,637.54
1.80722,73.39,622.43
1.80732,100.03,606.43
1.80742,126.53,589.57
1.80752,152.85,571.87
1.80762,178.95,553.36
1.80772,204.80,534.06
1.80782,230.35,514.00
1.80792,255.58,493.21
1.80802,280.45,471.72
1.80812,304.92,449.56
1.80822,328.95,426.76
1.80832,352.51,403.36
1.80842,375.58,379.38
1.80852,398.11,354.86
1.80862,420.08,329.84
1.80872,441.44,304.35
1.80882,462.18,278.42
1.80892,482.27,252.10
1.80902,501.66,225.42
1.80912,520.35,198.42
1.80922,538.29,171.14
1.80932,555.47,143.62
1.80942,571.86,115.89
1.80952,587.44,87.99
1.80962,602.18,59.97
1.80972,616.07,31.87
1.80982,629.08,3.72
1.80992,641.20,-24.44
1.81002,652.40,-52.56
1.81012,662.68,-80.61
1.81022,672.01,-108.54
1.81032,680.39,-136.32
1.81042,687.81,-163.90
1.81052,694.24,-191.25
1.81062,699.69,-218.34
1.81072,704.15,-245.11
1.81082,707.60,-271.53
1.81092,710.05,-297.57
1.81102,711.49,-323.18
1.81112,711.92,-348.34
1.81122,711.33,-373.00
1.81132,709.74,-397.13
1.81142,707.13,-420.69
1.81152,703.52,-443.66
1.81162,698.91,-466.00
1.81172,693.31,-487.68
1.81182,686.72,-508.66
1.81192,679.16,-528.92
1.81202,670.63,-548.43
1.81212,661.15,-567.16
1.81222,650.72,-585.09
1.81232,639.38,-602.18
1.81242,627.12,-618.42
1.81252,613.97,-633.78
1.81262,599.95,-648.24
1.81272,585.08,-661.78
1.81282,569.38,-674.37
1.81292,552.86,-686.01
1.81302,535.56,-696.68
1.81312,517.50,-706.35
1.81322,498.70,-715.03
1.81332,479.20,-722.68
1.81342,459.01,-729.31
1.81352,438.17,-734.90
1.81362,416.71,-739.45
1.81372,394.66,-742.95
1.81382,372.04,-745.39
1.81392,348.90,-746.78
1.81402,325.26,-747.10
1.81412,301.15,-746.36
1.81422,276.62,-744.56
1.81432,251.70,-741.70
1.81442,226.42,-737.79
1.81452,200.81,-732.83
1.81462,174.92,-726.83
1.81472,148.78,-719.80
1.81482,122.43,-711.75
1.81492,95.91,-702.68
1.81502,69.25,-692.61
1.81512,42.49,-681.56
1.81522,15.67,-669.55
1.81532,-11.17,-656.58
1.81542,-38.00,-642.68
1.81552,-64.77,-627.86
1.81562,-91.45,-612.15
1.81572,-118.01,-595.58
1.81582,-144.39,-578.16
1.81592,-170.57,-559.91
1.81602,-196.50,-540.87
1.81612,-222.16,-521.06
1.81622,-247.50,-500.52
1.81632,-272.50,-479.26
1.81642,-297.10,-457.32
1.81652,-321.28,-434.73
1.81662,-345.01,-411.52
1.81672,-368.24,-387.73
1.81682,-390.95,-363.39
1.81692,-413.11,-338.53
1.81702,-434.68,-313.19
1.81712,-455.63,-287.40
1.81722,-475.94,-261.21
1.81732,-495.57,-234.65
1.81742,-514.49,-207.75
1.81752,-532.69,-180.56
1.81762,-550.12,-153.11
1.81772,-566.78,-125.44
1.81782,-582.63,-97.60
1.81792,-597.65,-69.62
1.81802,-611.83,-41.54
1.81812,-625.13,-13.40
1.81822,-637.55,14.76
1.81832,-649.06,42.90
1.81842,-659.65,70.98
1.81852,-669.30,98.95
1.81862,-678.00,126.79
1.81872,-685.74,154.44
1.81882,-692.50,181.87
1.81892,-698.28,209.05
1.81902,-703.06,235.93
1.81912,-706.85,262.47
1.81922,-709.64,288.64
1.81932,-711.41,314.40
1.81942,-712.18,339.71
1.81952,-711.93,364.54
1.81962,-710.67,388.85
1.81972,-708.40,412.61
1.81982,-705.13,435.78
1.81992,-700.85,458.34
1.82002,-695.58,480.24
1.82012,-689.32,501.45
1.82022,-682.08,521.96
1.82032,-673.87,541.72
1.82042,-664.70,560.72
1.82052,-654.59,578.91
1.82062,-643.55,596.29
1.82072,-631.60,612.81
1.82082,-618.74,628.47
1.82092,-605.01,643.23
1.82102,-590.42,657.08
1.82112,-574.99,669.99
1.82122,-558.74,681.95
1.82132,-541.70,692.94
1.82142,-523.89,702.95
1.82152,-505.34,711.96
1.82162,-486.07,719.95
1.82172,-466.10,726.93
1.82182,-445.48,732.87
1.82192,-424.22,737.76
1.82202,-402.36,741.61
1.82212,-379.93,744.41
1.82222,-356.96,746.14
1.82232,-333.48,746.82
1.82242,-309.53,746.44
1.82252,-285.13,744.99
1.82262,-260.34,742.49
1.82272,-235.17,738.93
1.82282,-209.67,734.31
1.82292,-183.87,728.66
1.82302,-157.81,721.97
1.82312,-131.53,714.26
1.82322,-105.06,705.52
1.82332,-78.44,695.79
1.82342,-51.71,685.07
1.82352,-24.90,673.37
1.82362,1.94,660.72
1.82372,28.77,647.12
1.82382,55.57,632.61
1.82392,82.29,617.20
1.82402,108.88,600.91
1.82412,135.33,583.77
1.82422,161.58,565.79
1.82432,187.60,547.02
1.82442,213.36,527.46
1.82452,238.81,507.16
1.82462,263.92,486.13
1.82472,288.66,464.42
1.82482,312.98,442.04
1.82492,336.86,419.04
1.82502,360.27,395.43
1.82512,383.16,371.27
1.82522,405.50,346.58
1.82532,427.27,321.40
1.82542,448.43,295.76
1.82552,468.96,269.70
1.82562,488.82,243.25
1.82572,507.98,216.46
1.82582,526.42,189.37
1.82592,544.11,162.00
1.82602,561.03,134.40
1.82612,577.15,106.61
1.82622,592.45,78.67
1.82632,606.91,50.62
1.82642,620.51,22.49
1.82652,633.22,-5.66
1.82662,645.04,-33.81
1.82672,655.94,-61.91
1.82682,665.90,-89.92
1.82692,674.92,-117.81
1.82702,682.98,-145.53
1.82712,690.07,-173.04
1.82722,696.18,-200.31
1.82732,701.30,-227.29
1.82742,705.42,-253.95
1.82752,708.54,-280.25
1.82762,710.65,-306.15
1.82772,711.75,-331.61
1.82782,711.84,-356.61
1.82792,710.92,-381.09
1.82802,708.99,-405.04
1.82812,706.05,-428.41
1.82822,702.10,-451.17
1.82832,697.16,-473.29
1.82842,691.23,-494.74
1.82852,684.32,-515.49
1.82862,676.43,-535.50
1.82872,667.58,-554.76
1.82882,657.78,-573.22
1.82892,647.05,-590.87
1.82902,635.40,-607.68
1.82912,622.84,-623.63
1.82922,609.40,-638.69
1.82932,595.10,-652.85
1.82942,579.94,-666.07
1.82952,563.97,-678.35
1.82962,547.19,-689.67
1.82972,529.63,-700.01
1.82982,511.32,-709.35
1.82992,492.29,-717.68
1.83002,472.55,-725.00
1.83012,452.14,-731.28
1.83022,431.09,-736.53
1.83032,409.43,-740.73
1.83042,387.19,-743.88
1.83052,364.39,-745.97
1.83062,341.08,-747.00
1.83072,317.28,-746.96
1.83082,293.03,-745.87
1.83092,268.36,-743.72
1.83102,243.32,-740.51
1.83112,217.92,-736.25
1.83122,192.22,-730.94
1.83132,166.24,-724.60
1.83142,140.03,-717.22
1.83152,113.62,-708.83
1.83162,87.04,-699.43
1.83172,60.35,-689.03
1.83182,33.56,-677.66
1.83192,6.73,-665.32
1.83202,-20.11,-652.04
1.83212,-46.92,-637.83
1.83222,-73.67,-622.72
1.83232,-100.31,-606.72
1.83242,-126.81,-589.86
1.83252,-153.13,-572.16
1.83262,-179.24,-553.65
1.83272,-205.08,-534.35
1.83282,-230.64,-514.29
1.83292,-255.87,-493.50
1.83302,-280.73,-472.01
1.83312,-305.20,-449.85
1.83322,-329.23,-427.05
1.83332,-352.80,-403.65
1.83342,-375.87,-379.67
1.83352,-398.40,-355.15
1.83362,-420.36,-330.13
1.83372,-441.73,-304.63
1.83382,-462.47,-278.71
1.83392,-482.55,-252.39
1.83402,-501.95,-225.71
1.83412,-520.63,-198.71
1.83422,-538.58,-171.43
1.83432,-555.76,-143.90
1.83442,-572.15,-116.17
1.83452,-587.72,-88.28
1.83462,-602.47,-60.26
1.83472,-616.35,-32.15
1.83482,-629.36,-4.00
1.83492,-641.48,24.15
1.83502,-652.68,52.27
1.83512,-662.96,80.32
1.83522,-672.30,108.25
1.83532,-680.68,136.03
1.83542,-688.09,163.62
1.83552,-694.53,190.97
1.83562,-699.98,218.05
1.83572,-704.43,244.82
1.83582,-707.89,271.24
1.83592,-710.33,297.28
1.83602,-711.77,322.90
1.83612,-712.20,348.05
1.83622,-711.62,372.71
1.83632,-710.02,396.84
1.83642,-707.42,420.41
1.83652,-703.81,443.38
1.83662,-699.20,465.72
1.83672,-693.59,487.39
1.83682,-687.01,508.38
1.83692,-679.44,528.64
1.83702,-670.91,548.15
1.83712,-661.43,566.88
1.83722,-651.01,584.80
1.83732,-639.66,601.90
1.83742,-627.40,618.14
1.83752,-614.26,633.50
1.83762,-600.24,647.95
1.83772,-585.36,661.49
1.83782,-569.66,674.09
1.83792,-553.14,685.73
1.83802,-535.84,696.40
1.83812,-517.78,706.07
1.83822,-498.99,714.74
1.83832,-479.48,722.40
1.83842,-459.29,729.03
1.83852,-438.46,734.62
1.83862,-416.99,739.17
1.83872,-394.94,742.67
1.83882,-372.32,745.11
1.83892,-349.18,746.49
1.83902,-325.54,746.82
1.83912,-301.44,746.08
1.83922,-276.90,744.28
1.83932,-251.98,741.42
1.83942,-226.70,737.51
1.83952,-201.09,732.55
1.83962,-175.20,726.55
1.83972,-149.07,719.52
1.83982,-122.71,711.46
1.83992,-96.19,702.40
1.84002,-69.53,692.33
1.84012,-42.77,681.28
1.84022,-15.95,669.27
1.84032,10.89,656.30
1.84042,37.72,642.39
1.84052,64.49,627.58
1.84062,91.17,611.87
1.84072,117.73,595.30
1.84082,144.11,577.87
1.84092,170.29,559.63
1.84102,196.22,540.59
1.84112,221.88,520.78
1.84122,247.23,500.24
1.84132,272.22,478.98
1.84142,296.82,457.04
1.84152,321.00,434.45
1.84162,344.73,411.24
1.84172,367.96,387.45
1.84182,390.67,363.11
1.84192,412.83,338.25
1.84202,434.40,312.91
1.84212,455.35,287.12
1.84222,475.66,260.93
1.84232,495.29,234.37
1.84242,514.21,207.47
1.84252,532.41,180.28
1.84262,549.85,152.83
1.84272,566.50,125.16
1.84282,582.35,97.32
1.84292,597.37,69.34
1.84302,611.55,41.26
1.84312,624.85,13.12
1.84322,637.27,-15.04
1.84332,648.78,-43.18
1.84342,659.37,-71.25
1.84352,669.02,-99.23
1.84362,677.72,-127.06
1.84372,685.46,-154.72
1.84382,692.22,-182.15
1.84392,698.00,-209.33
1.84402,702.79,-236.21
1.84412,706.58,-262.75
1.84422,709.36,-288.92
1.84432,711.13,-314.68
1.84442,711.90,-339.99
1.84452,711.65,-364.82
1.84462,710.39,-389.13
1.84472,708.13,-412.89
1.84482,704.85,-436.06
1.84492,700.57,-458.61
1.84502,695.30,-480.51
1.84512,689.04,-501.73
1.84522,681.80,-522.24
1.84532,673.59,-542.00
1.84542,664.43,-560.99
1.84552,654.32,-579.19
1.84562,643.28,-596.56
1.84572,631.32,-613.09
1.84582,618.47,-628.74
1.84592,604.74,-643.51
1.84602,590.15,-657.35
1.84612,574.72,-670.27
1.84622,558.47,-682.23
1.84632,541.43,-693.22
1.84642,523.62,-703.23
1.84652,505.06,-712.23
1.84662,485.79,-720.23
1.84672,465.83,-727.20
1.84682,445.20,-733.14
1.84692,423.95,-738.04
1.84702,402.09,-741.89
1.84712,379.65,-744.68
1.84722,356.68,-746.42
1.84732,333.20,-747.10
1.84742,309.25,-746.71
1.84752,284.86,-745.27
1.84762,260.06,-742.76
1.84772,234.89,-739.20
1.84782,209.39,-734.59
1.84792,183.60,-728.94
1.84802,157.54,-722.25
1.84812,131.25,-714.53
1.84822,104.78,-705.80
1.84832,78.16,-696.07
1.84842,51.43,-685.34
1.84852,24.63,-673.65
1.84862,-2.21,-660.99
1.84872,-29.05,-647.40
1.84882,-55.84,-632.89
1.84892,-82.56,-617.47
1.84902,-109.16,-601.19
1.84912,-135.60,-584.04
1.84922,-161.85,-566.07
1.84932,-187.88,-547.29
1.84942,-213.63,-527.74
1.84952,-239.08,-507.43
1.84962,-264.19,-486.41
1.84972,-288.93,-464.69
1.84982,-313.26,-442.31
1.84992,-337.14,-419.31
1.85002,-360.54,-395.71
1.85012,-383.43,-371.55
1.85022,-405.78,-346.86
1.85032,-427.54,-321.67
1.85042,-448.71,-296.03
1.85052,-469.23,-269.97
1.85062,-489.09,-243.53
1.85072,-508.25,-216.74
1.85082,-526.69,-189.64
1.85092,-544.38,-162.27
1.85102,-561.30,-134.67
1.85112,-577.42,-106.89
1.85122,-592.73,-78.94
1.85132,-607.18,-50.89
1.85142,-620.78,-22.77
1.85152,-633.50,5.39
1.85162,-645.31,33.54
1.85172,-656.21,61.64
1.85182,-666.17,89.65
1.85192,-675.19,117.54
1.85202,-683.25,145.26
1.85212,-690.34,172.77
1.85222,-696.45,200.03
1.85232,-701.57,227.02
1.85242,-705.69,253.68
1.85252,-708.81,279.97
1.85262,-710.92,305.87
1.85272,-712.02,331.34
1.85282,-712.11,356.33
1.85292,-711.19,380.82
1.85302,-709.26,404.77
1.85312,-706.32,428.14
1.85322,-702.37,450.90
1.85332,-697.43,473.02
1.85342,-691.50,494.47
1.85352,-684.59,515.22
1.85362,-676.70,535.23
1.85372,-667.85,554.49
1.85382,-658.05,572.95
1.85392,-647.32,590.60
1.85402,-635.67,607.41
1.85412,-623.11,623.36
1.85422,-609.67,638.42
1.85432,-595.37,652.58
1.85442,-580.21,665.80
1.85452,-564.24,678.08
1.85462,-547.46,689.40
1.85472,-529.90,699.74
1.85482,-511.59,709.08
1.85492,-492.56,717.41
1.85502,-472.82,724.73
1.85512,-452.41,731.01
1.85522,-431.36,736.26
1.85532,-409.70,740.46
1.85542,-387.45,743.61
1.85552,-364.66,745.70
1.85562,-341.35,746.73
1.85572,-317.55,746.70
1.85582,-293.30,745.60
1.85592,-268.63,743.45
1.85602,-243.58,740.24
1.85612,-218.19,735.98
1.85622,-192.49,730.67
1.85632,-166.51,724.33
1.85642,-140.30,716.95
1.85652,-113.88,708.56
1.85662,-87.31,699.16
1.85672,-60.61,688.76
1.85682,-33.83,677.39
1.85692,-7.00,665.05
1.85702,19.84,651.77
1.85712,46.66,637.56
1.85722,73.40,622.45
1.85732,100.05,606.45
1.85742,126.55,589.59
1.85752,152.87,571.89
1.85762,178.97,553.38
1.85772,204.82,534.08
1.85782,230.37,514.02
1.85792,255.60,493.23
1.85802,280.47,471.74
1.85812,304.93,449.58
1.85822,328.97,426.78
1.85832,352.53,403.38
1.85842,375.60,379.40
1.85852,398.13,354.88
1.85862,420.09,329.86
1.85872,441.46,304.37
1.85882,462.20,278.44
1.85892,482.29,252.12
1.85902,501.68,225.44
1.85912,520.37,198.44
1.85922,538.31,171.16
1.85932,555.49,143.64
1.85942,571.88,115.91
1.85952,587.46,88.01
1.85962,602.20,59.99
1.85972,616.09,31.89
1.85982,629.10,3.74
1.85992,641.21,-24.42
1.86002,652.42,-52.54
1.86012,662.70,-80.59
1.86022,672.03,-108.52
1.86032,680.41,-136.30
1.86042,687.83,-163.88
1.86052,694.26,-191.23
1.86062,699.71,-218.32
1.86072,704.17,-245.09
1.86082,707.62,-271.51
1.86092,710.07,-297.55
1.86102,711.51,-323.16
1.86112,711.94,-348.32
1.86122,711.35,-372.98
1.86132,709.76,-397.11
1.86142,707.15,-420.67
1.86152,703.54,-443.64
1.86162,698.93,-465.98
1.86172,693.33,-487.66
1.86182,686.74,-508.64
1.86192,679.18,-528.90
1.86202,670.65,-548.41
1.86212,661.17,-567.14
1.86222,650.74,-585.07
1.86232,639.40,-602.16
1.86242,627.14,-618.40
1.86252,613.99,-633.76
1.86262,599.97,-648.22
1.86272,585.10,-661.76
1.86282,569.40,-674.35
1.86292,552.88,-685.99
1.86302,535.58,-696.66
1.86312,517.52,-706.33
1.86322,498.72,-715.01
1.86332,479.22,-722.66
1.86342,459.03,-729.29
1.86352,438.19,-734.88
1.86362,416.73,-739.43
1.86372,394.68,-742.93
1.86382,372.06,-745.37
1.86392,348.92,-746.76
1.86402,325.28,-747.08
1.86412,301.17,-746.34
1.86422,276.64,-744.54
1.86432,251.72,-741.69
1.86442,226.44,-737.77
1.86452,200.83,-732.82
1.86462,174.94,-726.81
1.86472,148.80,-719.78
1.86482,122.45,-711.73
1.86492,95.93,-702.66
1.86502,69.27,-692.59
1.86512,42.51,-681.54
1.86522,15.69,-669.53
1.86532,-11.15,-656.56
1.86542,-37.98,-642.66
1.86552,-64.75,-627.84
1.86562,-91.43,-612.14
1.86572,-117.99,-595.56
1.86582,-144.37,-578.14
1.86592,-170.55,-559.89
1.86602,-196.49,-540.85
1.86612,-222.14,-521.05
1.86622,-247.49,-500.50
1.86632,-272.48,-479.24
1.86642,-297.08,-457.30
1.86652,-321.26,-434.71
1.86662,-344.99,-411.50
1.86672,-368.22,-387.71
1.86682,-390.93,-363.37
1.86692,-413.09,-338.51
1.86702,-434.66,-313.17
1.86712,-455.61,-287.38
1.86722,-475.92,-261.19
1.86732,-495.55,-234.63
1.86742,-514.47,-207.73
1.86752,-532.67,-180.54
1.86762,-550.10,-153.09
1.86772,-566.76,-125.42
1.86782,-582.61,-97.58
1.86792,-597.63,-69.60
1.86802,-611.81,-41.52
1.86812,-625.11,-13.38
1.86822,-637.53,14.78
1.86832,-649.04,42.92
1.86842,-659.63,70.99
1.86852,-669.28,98.97
1.86862,-677.98,126.80
1.86872,-685.72,154.46
1.86882,-692.48,181.89
1.86892,-698.26,209.07
1.86902,-703.05,235.95
1.86912,-706.83,262.49
1.86922,-709.62,288.66
1.86932,-711.39,314.42
1.86942,-712.16,339.73
1.86952,-711.91,364.56
1.86962,-710.65,388.87
1.86972,-708.38,412.63
1.86982,-705.11,435.80
1.86992,-700.83,458.35
1.87002,-695.56,480.25
1.87012,-689.30,501.47
1.87022,-682.06,521.98
1.87032,-673.85,541.74
1.87042,-664.68,560.74
1.87052,-654.57,578.93
1.87062,-643.53,596.31
1.87072,-631.58,612.83
1.87082,-618.72,628.49
1.87092,-604.99,643.25
1.87102,-590.40,657.10
1.87112,-574.97,670.01
1.87122,-558.73,681.97
1.87132,-541.69,692.96
1.87142,-523.88,702.97
1.87152,-505.32,711.98
1.87162,-486.05,719.97
1.87172,-466.09,726.95
1.87182,-445.46,732.88
1.87192,-424.20,737.78
1.87202,-402.34,741.63
1.87212,-379.91,744.43
1.87222,-356.94,746.16
1.87232,-333.46,746.84
1.87242,-309.51,746.46
1.87252,-285.11,745.01
1.87262,-260.32,742.50
1.87272,-235.15,738.94
1.87282,-209.65,734.33
1.87292,-183.85,728.68
1.87302,-157.79,721.99
1.87312,-131.51,714.27
1.87322,-105.04,705.54
1.87332,-78.42,695.81
1.87342,-51.69,685.09
1.87352,-24.88,673.39
1.87362,1.96,660.74
1.87372,28.79,647.14
1.87382,55.59,632.63
1.87392,82.30,617.22
1.87402,108.90,600.93
1.87412,135.35,583.79
1.87422,161.60,565.81
1.87432,187.62,547.04
1.87442,213.38,527.48
1.87452,238.83,507.18
1.87462,263.94,486.15
1.87472,288.68,464.44
1.87482,313.00,442.06
1.87492,336.88,419.05
1.87502,360.29,395.45
1.87512,383.18,371.29
1.87522,405.52,346.60
1.87532,427.29,321.42
1.87542,448.45,295.78
1.87552,468.98,269.72
1.87562,488.83,243.27
1.87572,508.00,216.48
1.87582,526.44,189.38
1.87592,544.13,162.02
1.87602,561.05,134.42
1.87612,577.17,106.63
1.87622,592.47,78.69
1.87632,606.93,50.64
1.87642,620.53,22.51
1.87652,633.24,-5.64
1.87662,645.06,-33.79
1.87672,655.95,-61.89
1.87682,665.92,-89.91
1.87692,674.94,-117.79
1.87702,683.00,-145.51
1.87712,690.09,-173.02
1.87722,696.20,-200.29
1.87732,701.31,-227.27
1.87742,705.44,-253.93
1.87752,708.55,-280.23
1.87762,710.67,-306.13
1.87772,711.77,-331.59
1.87782,711.86,-356.59
1.87792,710.94,-381.07
1.87802,709.01,-405.02
1.87812,706.07,-428.39
1.87822,702.12,-451.15
1.87832,697.18,-473.28
1.87842,691.25,-494.72
1.87852,684.34,-515.47
1.87862,676.45,-535.48
1.87872,667.60,-554.74
1.87882,657.80,-573.20
1.87892,647.07,-590.85
1.87902,635.42,-607.66
1.87912,622.86,-623.61
1.87922,609.42,-638.67
1.87932,595.12,-652.83
1.87942,579.96,-666.06
1.87952,563.99,-678.34
1.87962,547.21,-689.65
1.87972,529.65,-699.99
1.87982,511.34,-709.33
1.87992,492.31,-717.67
1.88002,472.57,-724.98
1.88012,452.16,-731.27
1.88022,431.11,-736.51
1.88032,409.45,-740.71
1.88042,387.20,-743.86
1.88052,364.41,-745.95
1.88062,341.10,-746.98
1.88072,317.30,-746.95
1.88082,293.05,-745.85
1.88092,268.38,-743.70
1.88102,243.33,-740.49
1.88112,217.94,-736.23
1.88122,192.24,-730.92
1.88132,166.26,-724.58
1.88142,140.05,-717.20
1.88152,113.64,-708.81
1.88162,87.06,-699.41
1.88172,60.36,-689.01
1.88182,33.58,-677.64
1.88192,6.75,-665.30
1.88202,-20.09,-652.02
1.88212,-46.91,-637.81
1.88222,-73.65,-622.70
1.88232,-100.30,-606.70
1.88242,-126.79,-589.84
1.88252,-153.11,-572.14
1.88262,-179.22,-553.63
1.88272,-205.06,-534.33
1.88282,-230.62,-514.27
1.88292,-255.85,-493.48
1.88302,-280.72,-471.99
1.88312,-305.18,-449.83
1.88322,-329.22,-427.03
1.88332,-352.78,-403.63
1.88342,-375.85,-379.65
1.88352,-398.38,-355.13
1.88362,-420.34,-330.11
1.88372,-441.71,-304.62
1.88382,-462.45,-278.69
1.88392,-482.53,-252.37
1.88402,-501.93,-225.69
1.88412,-520.61,-198.69
1.88422,-538.56,-171.41
1.88432,-555.74,-143.88
1.88442,-572.13,-116.16
1.88452,-587.71,-88.26
1.88462,-602.45,-60.24
1.88472,-616.33,-32.14
1.88482,-629.34,-3.99
1.88492,-641.46,24.17
1.88502,-652.67,52.29
1.88512,-662.94,80.34
1.88522,-672.28,108.27
1.88532,-680.66,136.05
1.88542,-688.07,163.63
1.88552,-694.51,190.99
1.88562,-699.96,218.07
1.88572,-704.41,244.84
1.88582,-707.87,271.26
1.88592,-710.32,297.30
1.88602,-711.75,322.91
1.88612,-712.18,348.07
1.88622,-711.60,372.73
1.88632,-710.00,396.86
1.88642,-707.40,420.43
1.88652,-703.79,443.40
1.88662,-699.18,465.73
1.88672,-693.58,487.41
1.88682,-686.99,508.39
1.88692,-679.42,528.66
1.88702,-670.89,548.17
1.88712,-661.41,566.90
1.88722,-650.99,584.82
1.88732,-639.64,601.92
1.88742,-627.39,618.15
1.88752,-614.24,633.51
1.88762,-600.22,647.97
1.88772,-585.35,661.51
1.88782,-569.64,674.11
1.88792,-553.13,685.75
1.88802,-535.83,696.41
1.88812,-517.77,706.09
1.88822,-498.97,714.76
1.88832,-479.46,722.42
1.88842,-459.28,729.05
1.88852,-438.44,734.64
1.88862,-416.98,739.19
1.88872,-394.92,742.69
1.88882,-372.31,745.13
1.88892,-349.16,746.51
1.88902,-325.52,746.84
1.88912,-301.42,746.10
1.88922,-276.89,744.30
1.88932,-251.96,741.44
1.88942,-226.68,737.53
1.88952,-201.08,732.57
1.88962,-175.19,726.57
1.88972,-149.05,719.54
1.88982,-122.70,711.48
1.88992,-96.17,702.41
1.89002,-69.51,692.35
1.89012,-42.75,681.30
1.89022,-15.93,669.28
1.89032,10.91,656.31
1.89042,37.74,642.41
1.89052,64.51,627.60
1.89062,91.19,611.89
1.89072,117.74,595.32
1.89082,144.13,577.89
1.89092,170.31,559.65
1.89102,196.24,540.61
1.89112,221.90,520.80
1.89122,247.24,500.25
1.89132,272.23,478.99
1.89142,296.84,457.05
1.89152,321.02,434.47
1.89162,344.74,411.26
1.89172,367.98,387.47
1.89182,390.69,363.12
1.89192,412.85,338.26
1.89202,434.42,312.93
1.89212,455.37,287.14
1.89222,475.68,260.95
1.89232,495.31,234.38
1.89242,514.23,207.49
1.89252,532.43,180.30
1.89262,549.86,152.85
1.89272,566.52,125.18
1.89282,582.37,97.34
1.89292,597.39,69.36
1.89302,611.57,41.28
1.89312,624.87,13.14
1.89322,637.29,-15.02
1.89332,648.80,-43.16
1.89342,659.39,-71.24
1.89352,669.04,-99.21
1.89362,677.74,-127.05
1.89372,685.48,-154.70
1.89382,692.24,-182.13
1.89392,698.02,-209.31
1.89402,702.80,-236.19
1.89412,706.59,-262.73
1.89422,709.38,-288.90
1.89432,711.15,-314.66
1.89442,711.92,-339.97
1.89452,711.67,-364.80
1.89462,710.41,-389.11
1.89472,708.14,-412.87
1.89482,704.87,-436.04
1.89492,700.59,-458.59
1.89502,695.32,-480.50
1.89512,689.06,-501.71
1.89522,681.82,-522.22
1.89532,673.61,-541.98
1.89542,664.44,-560.98
1.89552,654.33,-579.17
1.89562,643.29,-596.55
1.89572,631.34,-613.07
1.89582,618.49,-628.73
1.89592,604.75,-643.49
1.89602,590.16,-657.34
1.89612,574.73,-670.25
1.89622,558.49,-682.21
1.89632,541.45,-693.20
1.89642,523.64,-703.21
1.89652,505.08,-712.22
1.89662,485.81,-720.21
1.89672,465.85,-727.18
1.89682,445.22,-733.12
1.89692,423.96,-738.02
1.89702,402.10,-741.87
1.89712,379.67,-744.67
1.89722,356.70,-746.40
1.89732,333.22,-747.08
1.89742,309.27,-746.69
1.89752,284.88,-745.25
1.89762,260.08,-742.74
1.89772,234.91,-739.18
1.89782,209.41,-734.57
1.89792,183.61,-728.92
1.89802,157.55,-722.23
1.89812,131.27,-714.51
1.89822,104.80,-705.78
1.89832,78.18,-696.05
1.89842,51.45,-685.33
1.89852,24.65,-673.63
1.89862,-2.19,-660.97
1.89872,-29.03,-647.38
1.89882,-55.83,-632.87
1.89892,-82.54,-617.46
1.89902,-109.14,-601.17
1.89912,-135.58,-584.03
1.89922,-161.84,-566.05
1.89932,-187.86,-547.27
1.89942,-213.61,-527.72
1.89952,-239.06,-507.42
1.89962,-264.18,-486.39
1.89972,-288.91,-464.67
1.89982,-313.24,-442.30
1.89992,-337.12,-419.29
1.90002,-360.52,-395.69
1.90012,-383.41,-371.53
1.90022,-405.76,-346.84
1.90032,-427.53,-321.65
1.90042,-448.69,-296.01
1.90052,-469.21,-269.95
1.90062,-489.07,-243.51
1.90072,-508.23,-216.72
1.90082,-526.67,-189.62
1.90092,-544.37,-162.25
1.90102,-561.29,-134.66
1.90112,-577.41,-106.87
1.90122,-592.71,-78.93
1.90132,-607.17,-50.88
1.90142,-620.76,-22.75
1.90152,-633.48,5.41
1.90162,-645.29,33.55
1.90172,-656.19,61.66
1.90182,-666.16,89.67
1.90192,-675.17,117.56
1.90202,-683.23,145.27
1.90212,-690.32,172.79
1.90222,-696.43,200.05
1.90232,-701.55,227.03
1.90242,-705.67,253.69
1.90252,-708.79,279.99
1.90262,-710.90,305.89
1.90272,-712.00,331.36
1.90282,-712.09,356.35
1.90292,-711.17,380.84
1.90302,-709.24,404.78
1.90312,-706.30,428.16
1.90322,-702.36,450.92
1.90332,-697.42,473.04
1.90342,-691.48,494.49
1.90352,-684.57,515.24
1.90362,-676.68,535.25
1.90372,-667.83,554.50
1.90382,-658.04,572.97
1.90392,-647.30,590.62
1.90402,-635.65,607.43
1.90412,-623.10,623.38
1.90422,-609.66,638.44
1.90432,-595.35,652.59
1.90442,-580.20,665.82
1.90452,-564.22,678.10
1.90462,-547.44,689.42
1.90472,-529.88,699.75
1.90482,-511.58,709.10
1.90492,-492.54,717.43
1.90502,-472.80,724.75
1.90512,-452.40,731.03
1.90522,-431.35,736.28
1.90532,-409.68,740.48
1.90542,-387.44,743.62
1.90552,-364.64,745.71
1.90562,-341.33,746.74
1.90572,-317.53,746.71
1.90582,-293.28,745.62
1.90592,-268.62,743.47
1.90602,-243.57,740.26
1.90612,-218.17,736.00
1.90622,-192.47,730.69
1.90632,-166.49,724.35
1.90642,-140.28,716.97
1.90652,-113.87,708.58
1.90662,-87.29,699.18
1.90672,-60.60,688.78
1.90682,-33.81,677.41
1.90692,-6.98,665.07
1.90702,19.86,651.79
1.90712,46.67,637.58
1.90722,73.42,622.47
1.90732,100.06,606.47
1.90742,126.56,589.61
1.90752,152.88,571.91
1.90762,178.99,553.39
1.90772,204.83,534.10
1.90782,230.39,514.04
1.90792,255.62,493.25
1.90802,280.48,471.76
1.90812,304.95,449.60
1.90822,328.99,426.80
1.90832,352.55,403.40
1.90842,375.62,379.42
1.90852,398.15,354.90
1.90862,420.11,329.88
1.90872,441.48,304.38
1.90882,462.22,278.46
1.90892,482.30,252.14
1.90902,501.70,225.46
1.90912,520.38,198.46
1.90922,538.33,171.18
1.90932,555.51,143.65
1.90942,571.90,115.92
1.90952,587.48,88.03
1.90962,602.22,60.01
1.90972,616.10,31.91
1.90982,629.11,3.76
1.90992,641.23,-24.40
1.91002,652.44,-52.52
1.91012,662.71,-80.57
1.91022,672.05,-108.50
1.91032,680.43,-136.28
1.91042,687.84,-163.87
1.91052,694.28,-191.22
1.91062,699.73,-218.30
1.91072,704.18,-245.07
1.91082,707.64,-271.49
1.91092,710.09,-297.53
1.91102,711.52,-323.14
1.91112,711.95,-348.30
1.91122,711.37,-372.96
1.91132,709.77,-397.09
1.91142,707.17,-420.66
1.91152,703.56,-443.62
1.91162,698.95,-465.96
1.91172,693.35,-487.64
1.91182,686.76,-508.62
1.91192,679.20,-528.89
1.91202,670.67,-548.40
1.91212,661.18,-567.13
1.91222,650.76,-585.05
1.91232,639.41,-602.14
1.91242,627.16,-618.38
1.91252,614.01,-633.74
1.91262,599.99,-648.20
1.91272,585.12,-661.74
1.91282,569.41,-674.34
1.91292,552.90,-685.98
1.91302,535.60,-696.64
1.91312,517.54,-706.32
1.91322,498.74,-714.99
1.91332,479.24,-722.65
1.91342,459.05,-729.27
1.91352,438.21,-734.87
1.91362,416.75,-739.42
1.91372,394.69,-742.91
1.91382,372.08,-745.36
1.91392,348.93,-746.74
1.91402,325.29,-747.06
1.91412,301.19,-746.32
1.91422,276.66,-744.53
1.91432,251.74,-741.67
1.91442,226.45,-737.76
1.91452,200.85,-732.80
1.91462,174.96,-726.80
1.91472,148.82,-719.77
1.91482,122.47,-711.71
1.91492,95.95,-702.64
1.91502,69.29,-692.58
1.91512,42.53,-681.53
1.91522,15.71,-669.51
1.91532,-11.14,-656.54
1.91542,-37.96,-642.64
1.91552,-64.74,-627.83
1.91562,-91.42,-612.12
1.91572,-117.97,-595.54
1.91582,-144.35,-578.12
1.91592,-170.53,-559.88
1.91602,-196.47,-540.84
1.91612,-222.13,-521.03
1.91622,-247.47,-500.48
1.91632,-272.46,-479.22
1.91642,-297.06,-457.28
1.91652,-321.24,-434.69
1.91662,-344.97,-411.48
1.91672,-368.21,-387.69
1.91682,-390.92,-363.35
1.91692,-413.07,-338.49
1.91702,-434.64,-313.15
1.91712,-455.60,-287.37
1.91722,-475.90,-261.17
1.91732,-495.53,-234.61
1.91742,-514.46,-207.71
1.91752,-532.65,-180.52
1.91762,-550.09,-153.07
1.91772,-566.74,-125.41
1.91782,-582.59,-97.56
1.91792,-597.62,-69.58
1.91802,-611.79,-41.50
1.91812,-625.10,-13.36
1.91822,-637.51,14.80
1.91832,-649.02,42.93
1.91842,-659.61,71.01
1.91852,-669.26,98.99
1.91862,-677.96,126.82
1.91872,-685.70,154.47
1.91882,-692.46,181.91
1.91892,-698.24,209.08
1.91902,-703.03,235.96
1.91912,-706.82,262.51
1.91922,-709.60,288.68
1.91932,-711.38,314.43
1.91942,-712.14,339.75
1.91952,-711.89,364.58
1.91962,-710.64,388.89
1.91972,-708.37,412.65
1.91982,-705.09,435.82
1.91992,-700.82,458.37
1.92002,-695.54,480.27
1.92012,-689.28,501.49
1.92022,-682.04,521.99
1.92032,-673.83,541.76
1.92042,-664.67,560.75
1.92052,-654.56,578.95
1.92062,-643.52,596.32
1.92072,-631.56,612.85
1.92082,-618.71,628.50
1.92092,-604.98,643.26
1.92102,-590.39,657.11
1.92112,-574.96,670.03
1.92122,-558.71,681.99
1.92132,-541.67,692.98
1.92142,-523.86,702.99
1.92152,-505.30,711.99
1.92162,-486.03,719.99
1.92172,-466.07,726.96
1.92182,-445.44,732.90
1.92192,-424.19,737.80
1.92202,-402.33,741.65
1.92212,-379.89,744.44
1.92222,-356.92,746.18
1.92232,-333.44,746.86
1.92242,-309.49,746.47
1.92252,-285.10,745.03
1.92262,-260.30,742.52
1.92272,-235.13,738.96
1.92282,-209.63,734.35
1.92292,-183.84,728.70
1.92302,-157.78,722.01
1.92312,-131.49,714.29
1.92322,-105.02,705.56
1.92332,-78.40,695.83
1.92342,-51.67,685.10
1.92352,-24.87,673.41
1.92362,1.97,660.75
1.92372,28.81,647.16
1.92382,55.60,632.65
1.92392,82.32,617.24
1.92402,108.92,600.95
1.92412,135.36,583.80
1.92422,161.61,565.83
1.92432,187.64,547.05
1.92442,213.39,527.50
1.92452,238.84,507.19
1.92462,263.95,486.17
1.92472,288.69,464.45
1.92482,313.02,442.08
1.92492,336.90,419.07
1.92502,360.30,395.47
1.92512,383.19,371.31
1.92522,405.54,346.62
1.92532,427.31,321.43
1.92542,448.47,295.79
1.92552,468.99,269.73
1.92562,488.85,243.29
1.92572,508.01,216.50
1.92582,526.45,189.40
1.92592,544.15,162.03
1.92602,561.07,134.44
1.92612,577.19,106.65
1.92622,592.49,78.71
1.92632,606.95,50.66
1.92642,620.54,22.53
1.92652,633.26,-5.63
1.92662,645.07,-33.78
1.92672,655.97,-61.88
1.92682,665.94,-89.89
1.92692,674.96,-117.77
1.92702,683.01,-145.49
1.92712,690.10,-173.01
1.92722,696.21,-200.27
1.92732,701.33,-227.25
1.92742,705.45,-253.91
1.92752,708.57,-280.21
1.92762,710.68,-306.11
1.92772,711.78,-331.58
1.92782,711.88,-356.57
1.92792,710.95,-381.06
1.92802,709.02,-405.00
1.92812,706.08,-428.38
1.92822,702.14,-451.14
1.92832,697.20,-473.26
1.92842,691.27,-494.71
1.92852,684.35,-515.45
1.92862,676.46,-535.47
1.92872,667.62,-554.72
1.92882,657.82,-573.19
1.92892,647.09,-590.84
1.92902,635.43,-607.65
1.92912,622.88,-623.60
1.92922,609.44,-638.66
1.92932,595.13,-652.81
1.92942,579.98,-666.04
1.92952,564.00,-678.32
1.92962,547.22,-689.64
1.92972,529.67,-699.97
1.92982,511.36,-709.32
1.92992,492.32,-717.65
1.93002,472.59,-724.96
1.93012,452.18,-731.25
1.93022,431.13,-736.50
1.93032,409.47,-740.69
1.93042,387.22,-743.84
1.93052,364.43,-745.93
1.93062,341.11,-746.96
1.93072,317.31,-746.93
1.93082,293.06,-745.84
1.93092,268.40,-743.69
1.93102,243.35,-740.48
1.93112,217.96,-736.22
1.93122,192.25,-730.91
1.93132,166.28,-724.56
1.93142,140.06,-717.19
1.93152,113.65,-708.79
1.93162,87.08,-699.39
1.93172,60.38,-689.00
1.93182,33.60,-677.62
1.93192,6.76,-665.29
1.93202,-20.08,-652.01
1.93212,-46.89,-637.80
1.93222,-73.64,-622.68
1.93232,-100.28,-606.68
1.93242,-126.78,-589.82
1.93252,-153.10,-572.12
1.93262,-179.20,-553.61
1.93272,-205.05,-534.31
1.93282,-230.61,-514.26
1.93292,-255.83,-493.47
1.93302,-280.70,-471.98
1.93312,-305.17,-449.82
1.93322,-329.20,-427.02
1.93332,-352.77,-403.61
1.93342,-375.83,-379.63
1.93352,-398.36,-355.11
1.93362,-420.33,-330.09
1.93372,-441.69,-304.60
1.93382,-462.43,-278.68
1.93392,-482.52,-252.35
1.93402,-501.91,-225.68
1.93412,-520.60,-198.68
1.93422,-538.54,-171.39
1.93432,-555.72,-143.87
1.93442,-572.11,-116.14
1.93452,-587.69,-88.25
1.93462,-602.43,-60.23
1.93472,-616.32,-32.12
1.93482,-629.33,-3.97
1.93492,-641.45,24.19
1.93502,-652.65,52.31
1.93512,-662.93,80.35
1.93522,-672.26,108.29
1.93532,-680.64,136.07
1.93542,-688.06,163.65
1.93552,-694.49,191.00
1.93562,-699.94,218.08
1.93572,-704.40,244.85
1.93582,-707.85,271.28
1.93592,-710.30,297.31
1.93602,-711.74,322.93
1.93612,-712.17,348.08
1.93622,-711.58,372.74
1.93632,-709.99,396.88
1.93642,-707.38,420.44
1.93652,-703.77,443.41
1.93662,-699.16,465.75
1.93672,-693.56,487.43
1.93682,-686.97,508.41
1.93692,-679.41,528.67
1.93702,-670.88,548.18
1.93712,-661.40,566.91
1.93722,-650.97,584.84
1.93732,-639.63,601.93
1.93742,-627.37,618.17
1.93752,-614.22,633.53
1.93762,-600.20,647.99
1.93772,-585.33,661.53
1.93782,-569.63,674.12
1.93792,-553.11,685.76
1.93802,-535.81,696.43
1.93812,-517.75,706.10
1.93822,-498.95,714.78
1.93832,-479.45,722.43
1.93842,-459.26,729.06
1.93852,-438.42,734.65
1.93862,-416.96,739.20
1.93872,-394.91,742.70
1.93882,-372.29,745.14
1.93892,-349.15,746.53
1.93902,-325.51,746.85
1.93912,-301.40,746.11
1.93922,-276.87,744.31
1.93932,-251.95,741.46
1.93942,-226.66,737.55
1.93952,-201.06,732.59
1.93962,-175.17,726.59
1.93972,-149.03,719.55
1.93982,-122.68,711.50
1.93992,-96.16,702.43
1.94002,-69.50,692.37
1.94012,-42.74,681.32
1.94022,-15.92,669.30
1.94032,10.93,656.33
1.94042,37.75,642.43
1.94052,64.53,627.61
1.94062,91.21,611.91
1.94072,117.76,595.33
1.94082,144.14,577.91
1.94092,170.32,559.66
1.94102,196.26,540.63
1.94112,221.92,520.82
1.94122,247.26,500.27
1.94132,272.25,479.01
1.94142,296.85,457.07
1.94152,321.03,434.48
1.94162,344.76,411.27
1.94172,367.99,387.48
1.94182,390.71,363.14
1.94192,412.86,338.28
1.94202,434.43,312.94
1.94212,455.39,287.16
1.94222,475.69,260.96
1.94232,495.32,234.40
1.94242,514.25,207.50
1.94252,532.44,180.31
1.94262,549.88,152.86
1.94272,566.53,125.20
1.94282,582.38,97.35
1.94292,597.41,69.37
1.94302,611.58,41.29
1.94312,624.89,13.15
1.94322,637.30,-15.01
1.94332,648.81,-43.14
1.94342,659.40,-71.22
1.94352,669.05,-99.20
1.94362,677.75,-127.03
1.94372,685.49,-154.68
1.94382,692.25,-182.12
1.94392,698.03,-209.29
1.94402,702.82,-236.17
1.94412,706.61,-262.71
1.94422,709.39,-288.88
1.94432,711.17,-314.64
1.94442,711.93,-339.96
1.94452,711.69,-364.79
1.94462,710.43,-389.10
1.94472,708.16,-412.86
1.94482,704.88,-436.03
1.94492,700.61,-458.58
1.94502,695.34,-480.48
1.94512,689.07,-501.70
1.94522,681.83,-522.20
1.94532,673.63,-541.97
1.94542,664.46,-560.96
1.94552,654.35,-579.16
1.94562,643.31,-596.53
1.94572,631.35,-613.06
1.94582,618.50,-628.71
1.94592,604.77,-643.47
1.94602,590.18,-657.32
1.94612,574.75,-670.23
1.94622,558.50,-682.19
1.94632,541.46,-693.19
1.94642,523.65,-703.19
1.94652,505.10,-712.20
1.94662,485.82,-720.20
1.94672,465.86,-727.17
1.94682,445.24,-733.11
1.94692,423.98,-738.01
1.94702,402.12,-741.86
1.94712,379.69,-744.65
1.94722,356.72,-746.39
1.94732,333.24,-747.06
1.94742,309.28,-746.68
1.94752,284.89,-745.23
1.94762,260.09,-742.73
1.94772,234.93,-739.17
1.94782,209.43,-734.56
1.94792,183.63,-728.90
1.94802,157.57,-722.21
1.94812,131.29,-714.50
1.94822,104.81,-705.77
1.94832,78.20,-696.03
1.94842,51.46,-685.31
1.94852,24.66,-673.61
1.94862,-2.18,-660.96
1.94872,-29.01,-647.37
1.94882,-55.81,-632.85
1.94892,-82.53,-617.44
1.94902,-109.12,-601.15
1.94912,-135.57,-584.01
1.94922,-161.82,-566.04
1.94932,-187.84,-547.26
1.94942,-213.60,-527.71
1.94952,-239.05,-507.40
1.94962,-264.16,-486.38
1.94972,-288.90,-464.66
1.94982,-313.22,-442.28
1.94992,-337.10,-419.28
1.95002,-360.51,-395.68
1.95012,-383.40,-371.51
1.95022,-405.74,-346.82
1.95032,-427.51,-321.64
1.95042,-448.67,-296.00
1.95052,-469.20,-269.94
1.95062,-489.06,-243.49
1.95072,-508.22,-216.70
1.95082,-526.66,-189.61
1.95092,-544.35,-162.24
1.95102,-561.27,-134.64
1.95112,-577.39,-106.85
1.95122,-592.69,-78.91
1.95132,-607.15,-50.86
1.95142,-620.75,-22.74
1.95152,-633.46,5.42
1.95162,-645.28,33.57
1.95172,-656.18,61.67
1.95182,-666.14,89.68
1.95192,-675.16,117.57
1.95202,-683.22,145.29
1.95212,-690.31,172.80
1.95222,-696.42,200.07
1.95232,-701.53,227.05
1.95242,-705.66,253.71
1.95252,-708.77,280.01
1.95262,-710.89,305.91
1.95272,-711.99,331.37
1.95282,-712.08,356.37
1.95292,-711.16,380.85
1.95302,-709.23,404.80
1.95312,-706.29,428.17
1.95322,-702.34,450.93
1.95332,-697.40,473.05
1.95342,-691.47,494.50
1.95352,-684.55,515.25
1.95362,-676.67,535.26
1.95372,-667.82,554.52
1.95382,-658.02,572.98
1.95392,-647.29,590.63
1.95402,-635.64,607.44
1.95412,-623.08,623.39
1.95422,-609.64,638.45
1.95432,-595.33,652.61
1.95442,-580.18,665.84
1.95452,-564.20,678.12
1.95462,-547.43,689.43
1.95472,-529.87,699.77
1.95482,-511.56,709.11
1.95492,-492.52,717.45
1.95502,-472.79,724.76
1.95512,-452.38,731.05
1.95522,-431.33,736.29
1.95532,-409.67,740.49
1.95542,-387.42,743.64
1.95552,-364.63,745.73
1.95562,-341.31,746.76
1.95572,-317.52,746.73
1.95582,-293.27,745.63
1.95592,-268.60,743.48
1.95602,-243.55,740.27
1.95612,-218.16,736.01
1.95622,-192.46,730.71
1.95632,-166.48,724.36
1.95642,-140.27,716.99
1.95652,-113.85,708.59
1.95662,-87.28,699.19
1.95672,-60.58,688.80
1.95682,-33.80,677.42
1.95692,-6.97,665.09
1.95702,19.88,651.80
1.95712,46.69,637.60
1.95722,73.44,622.48
1.95732,100.08,606.48
1.95742,126.58,589.62
1.95752,152.90,571.92
1.95762,179.00,553.41
1.95772,204.85,534.11
1.95782,230.40,514.05
1.95792,255.63,493.27
1.95802,280.50,471.78
1.95812,304.97,449.62
1.95822,329.00,426.82
1.95832,352.57,403.41
1.95842,375.63,379.43
1.95852,398.16,354.91
1.95862,420.13,329.89
1.95872,441.49,304.40
1.95882,462.23,278.47
1.95892,482.32,252.15
1.95902,501.71,225.47
1.95912,520.40,198.48
1.95922,538.34,171.19
1.95932,555.52,143.67
1.95942,571.91,115.94
1.95952,587.49,88.05
1.95962,602.23,60.03
1.95972,616.12,31.92
1.95982,629.13,3.77
1.95992,641.25,-24.39
1.96002,652.45,-52.51
1.96012,662.73,-80.55
1.96022,672.06,-108.49
1.96032,680.44,-136.27
1.96042,687.86,-163.85
1.96052,694.29,-191.20
1.96062,699.74,-218.28
1.96072,704.20,-245.05
1.96082,707.65,-271.48
1.96092,710.10,-297.51
1.96102,711.54,-323.13
1.96112,711.97,-348.28
1.96122,711.38,-372.94
1.96132,709.79,-397.07
1.96142,707.18,-420.64
1.96152,703.57,-443.61
1.96162,698.96,-465.95
1.96172,693.36,-487.63
1.96182,686.77,-508.61
1.96192,679.21,-528.87
1.96202,670.68,-548.38
1.96212,661.20,-567.11
1.96222,650.78,-585.04
1.96232,639.43,-602.13
1.96242,627.17,-618.37
1.96252,614.03,-633.73
1.96262,600.01,-648.19
1.96272,585.13,-661.72
1.96282,569.43,-674.32
1.96292,552.91,-685.96
1.96302,535.61,-696.63
1.96312,517.55,-706.30
1.96322,498.76,-714.97
1.96332,479.25,-722.63
1.96342,459.06,-729.26
1.96352,438.22,-734.85
1.96362,416.76,-739.40
1.96372,394.71,-742.90
1.96382,372.09,-745.34
1.96392,348.95,-746.73
1.96402,325.31,-747.05
1.96412,301.21,-746.31
1.96422,276.67,-744.51
1.96432,251.75,-741.65
1.96442,226.47,-737.74
1.96452,200.86,-732.78
1.96462,174.97,-726.78
1.96472,148.84,-719.75
1.96482,122.49,-711.70
1.96492,95.96,-702.63
1.96502,69.30,-692.56
1.96512,42.54,-681.51
1.96522,15.72,-669.50
1.96532,-11.12,-656.53
1.96542,-37.95,-642.63
1.96552,-64.72,-627.81
1.96562,-91.40,-612.10
1.96572,-117.95,-595.53
1.96582,-144.34,-578.11
1.96592,-170.52,-559.86
1.96602,-196.45,-540.82
1.96612,-222.11,-521.01
1.96622,-247.45,-500.47
1.96632,-272.44,-479.21
1.96642,-297.05,-457.27
1.96652,-321.23,-434.68
1.96662,-344.96,-411.47
1.96672,-368.19,-387.68
1.96682,-390.90,-363.34
1.96692,-413.06,-338.48
1.96702,-434.63,-313.14
1.96712,-455.58,-287.35
1.96722,-475.89,-261.16
1.96732,-495.52,-234.60
1.96742,-514.44,-207.70
1.96752,-532.64,-180.51
1.96762,-550.07,-153.06
1.96772,-566.73,-125.39
1.96782,-582.58,-97.55
1.96792,-597.60,-69.57
1.96802,-611.78,-41.49
1.96812,-625.08,-13.35
1.96822,-637.50,14.81
1.96832,-649.01,42.95
1.96842,-659.60,71.02
1.96852,-669.25,99.00
1.96862,-677.95,126.83
1.96872,-685.69,154.49
1.96882,-692.45,181.92
1.96892,-698.23,209.10
1.96902,-703.01,235.98
1.96912,-706.80,262.52
1.96922,-709.59,288.69
1.96932,-711.36,314.45
1.96942,-712.13,339.76
1.96952,-711.88,364.59
1.96962,-710.62,388.90
1.96972,-708.35,412.66
1.96982,-705.08,435.83
1.96992,-700.80,458.38
1.97002,-695.53,480.29
1.97012,-689.27,501.50
1.97022,-682.03,522.01
1.97032,-673.82,541.77
1.97042,-664.65,560.77
1.97052,-654.54,578.96
1.97062,-643.50,596.34
1.97072,-631.55,612.86
1.97082,-618.69,628.52
1.97092,-604.96,643.28
1.97102,-590.37,657.13
1.97112,-574.94,670.04
1.97122,-558.70,682.00
1.97132,-541.66,692.99
1.97142,-523.84,703.00
1.97152,-505.29,712.01
1.97162,-486.02,720.00
1.97172,-466.06,726.98
1.97182,-445.43,732.92
1.97192,-424.17,737.81
1.97202,-402.31,741.66
1.97212,-379.88,744.46
1.97222,-356.91,746.19
1.97232,-333.43,746.87
1.97242,-309.48,746.49
1.97252,-285.08,745.04
1.97262,-260.29,742.53
1.97272,-235.12,738.97
1.97282,-209.62,734.36
1.97292,-183.82,728.71
1.97302,-157.76,722.02
1.97312,-131.48,714.30
1.97322,-105.01,705.57
1.97332,-78.39,695.84
1.97342,-51.66,685.12
1.97352,-24.85,673.42
1.97362,1.99,660.77
1.97372,28.82,647.17
1.97382,55.62,632.66
1.97392,82.33,617.25
1.97402,108.93,600.96
1.97412,135.38,583.82
1.97422,161.63,565.84
1.97432,187.65,547.07
1.97442,213.41,527.51
1.97452,238.86,507.21
1.97462,263.97,486.18
1.97472,288.71,464.47
1.97482,313.03,442.09
1.97492,336.91,419.09
1.97502,360.32,395.48
1.97512,383.21,371.32
1.97522,405.55,346.63
1.97532,427.32,321.45
1.97542,448.48,295.81
1.97552,469.01,269.75
1.97562,488.86,243.30
1.97572,508.03,216.51
1.97582,526.47,189.42
1.97592,544.16,162.05
1.97602,561.08,134.45
1.97612,577.20,106.66
1.97622,592.50,78.72
1.97632,606.96,50.67
1.97642,620.56,22.54
1.97652,633.27,-5.61
1.97662,645.09,-33.76
1.97672,655.98,-61.86
1.97682,665.95,-89.87
1.97692,674.97,-117.76
1.97702,683.03,-145.48
1.97712,690.12,-172.99
1.97722,696.23,-200.26
1.97732,701.34,-227.24
1.97742,705.47,-253.90
1.97752,708.58,-280.20
1.97762,710.70,-306.10
1.97772,711.80,-331.56
1.97782,711.89,-356.56
1.97792,710.97,-381.04
1.97802,709.04,-404.99
1.97812,706.10,-428.36
1.97822,702.15,-451.12
1.97832,697.21,-473.24
1.97842,691.28,-494.69
1.97852,684.37,-515.44
1.97862,676.48,-535.45
1.97872,667.63,-554.71
1.97882,657.83,-573.17
1.97892,647.10,-590.82
1.97902,635.45,-607.63
1.97912,622.89,-623.58
1.97922,609.45,-638.64
1.97932,595.15,-652.80
1.97942,579.99,-666.02
1.97952,564.02,-678.31
1.97962,547.24,-689.62
1.97972,529.68,-699.96
1.97982,511.37,-709.30
1.97992,492.34,-717.64
1.98002,472.60,-724.95
1.98012,452.19,-731.24
1.98022,431.14,-736.48
1.98032,409.48,-740.68
1.98042,387.24,-743.83
1.98052,364.44,-745.92
1.98062,341.13,-746.95
1.98072,317.33,-746.92
1.98082,293.08,-745.82
1.98092,268.41,-743.67
1.98102,243.37,-740.46
1.98112,217.97,-736.20
1.98122,192.27,-730.89
1.98132,166.29,-724.55
1.98142,140.08,-717.17
1.98152,113.67,-708.78
1.98162,87.09,-699.38
1.98172,60.39,-688.98
1.98182,33.61,-677.61
1.98192,6.78,-665.27
1.98202,-20.06,-651.99
1.98212,-46.88,-637.78
1.98222,-73.62,-622.67
1.98232,-100.26,-606.67
1.98242,-126.76,-589.81
1.98252,-153.08,-572.11
1.98262,-179.19,-553.60
1.98272,-205.03,-534.30
1.98282,-230.59,-514.24
1.98292,-255.82,-493.45
1.98302,-280.69,-471.96
1.98312,-305.15,-449.80
1.98322,-329.19,-427.00
1.98332,-352.75,-403.60
1.98342,-375.82,-379.62
1.98352,-398.35,-355.10
1.98362,-420.31,-330.08
1.98372,-441.68,-304.59
1.98382,-462.42,-278.66
1.98392,-482.50,-252.34
1.98402,-501.90,-225.66
1.98412,-520.58,-198.66
1.98422,-538.53,-171.38
1.98432,-555.71,-143.86
1.98442,-572.10,-116.13
1.98452,-587.68,-88.23
1.98462,-602.42,-60.21
1.98472,-616.30,-32.11
1.98482,-629.32,-3.96
1.98492,-641.43,24.20
1.98502,-652.64,52.32
1.98512,-662.91,80.37
1.98522,-672.25,108.30
1.98532,-680.63,136.08
1.98542,-688.04,163.66
1.98552,-694.48,191.02
1.98562,-699.93,218.10
1.98572,-704.38,244.87
1.98582,-707.84,271.29
1.98592,-710.29,297.33
1.98602,-711.72,322.94
1.98612,-712.15,348.10
1.98622,-711.57,372.76
1.98632,-709.97,396.89
1.98642,-707.37,420.45
1.98652,-703.76,443.42
1.98662,-699.15,465.76
1.98672,-693.55,487.44
1.98682,-686.96,508.42
1.98692,-679.40,528.68
1.98702,-670.87,548.19
1.98712,-661.38,566.93
1.98722,-650.96,584.85
1.98732,-639.61,601.94
1.98742,-627.36,618.18
1.98752,-614.21,633.54
1.98762,-600.19,648.00
1.98772,-585.32,661.54
1.98782,-569.61,674.14
1.98792,-553.10,685.78
1.98802,-535.80,696.44
1.98812,-517.74,706.12
1.98822,-498.94,714.79
1.98832,-479.44,722.45
1.98842,-459.25,729.07
1.98852,-438.41,734.67
1.98862,-416.95,739.22
1.98872,-394.89,742.72
1.98882,-372.28,745.16
1.98892,-349.13,746.54
1.98902,-325.49,746.86
1.98912,-301.39,746.13
1.98922,-276.86,744.33
1.98932,-251.93,741.47
1.98942,-226.65,737.56
1.98952,-201.05,732.60
1.98962,-175.16,726.60
1.98972,-149.02,719.57
1.98982,-122.67,711.51
1.98992,-96.14,702.44
1.99002,-69.48,692.38
1.99012,-42.72,681.33
1.99022,-15.90,669.31
1.99032,10.94,656.34
1.99042,37.77,642.44
1.99052,64.54,627.63
1.99062,91.22,611.92
1.99072,117.77,595.34
1.99082,144.15,577.92
1.99092,170.33,559.68
1.99102,196.27,540.64
1.99112,221.93,520.83
1.99122,247.27,500.28
1.99132,272.26,479.02
1.99142,296.87,457.08
1.99152,321.05,434.49
1.99162,344.77,411.29
1.99172,368.01,387.50
1.99182,390.72,363.15
1.99192,412.88,338.29
1.99202,434.45,312.95
1.99212,455.40,287.17
1.99222,475.71,260.98
1.99232,495.33,234.41
1.99242,514.26,207.52
1.99252,532.45,180.33
1.99262,549.89,152.88
1.99272,566.55,125.21
1.99282,582.40,97.37
1.99292,597.42,69.39
1.99302,611.59,41.31
1.99312,624.90,13.17
1.99322,637.32,-14.99
1.99332,648.83,-43.13
1.99342,659.42,-71.21
1.99352,669.07,-99.18
1.99362,677.77,-127.02
1.99372,685.50,-154.67
1.99382,692.27,-182.10
1.99392,698.05,-209.28
1.99402,702.83,-236.16
1.99412,706.62,-262.70
1.99422,709.41,-288.87
1.99432,711.18,-314.63
1.99442,711.95,-339.94
1.99452,711.70,-364.77
1.99462,710.44,-389.08
1.99472,708.17,-412.84
1.99482,704.90,-436.01
1.99492,700.62,-458.57
1.99502,695.35,-480.47
1.99512,689.09,-501.68
1.99522,681.85,-522.19
1.99532,673.64,-541.95
1.99542,664.47,-560.95
1.99552,654.36,-579.14
1.99562,643.32,-596.52
1.99572,631.37,-613.04
1.99582,618.51,-628.70
1.99592,604.78,-643.46
1.99602,590.19,-657.31
1.99612,574.76,-670.22
1.99622,558.52,-682.18
1.99632,541.48,-693.17
1.99642,523.66,-703.18
1.99652,505.11,-712.19
1.99662,485.84,-720.18
1.99672,465.88,-727.16
1.99682,445.25,-733.10
1.99692,423.99,-737.99
1.99702,402.13,-741.84
1.99712,379.70,-744.64
1.99722,356.73,-746.37
1.99732,333.25,-747.05
1.99742,309.30,-746.67
1.99752,284.91,-745.22
1.99762,260.11,-742.72
1.99772,234.94,-739.16
1.99782,209.44,-734.54
1.99792,183.64,-728.89
1.99802,157.58,-722.20
1.99812,131.30,-714.48
1.99822,104.83,-705.75
1.99832,78.21,-696.02
1.99842,51.48,-685.30
1.99852,24.67,-673.60
1.99862,-2.17,-660.95
1.99872,-29.00,-647.35
1.99882,-55.80,-632.84
1.99892,-82.51,-617.43
1.99902,-109.11,-601.14
1.99912,-135.56,-584.00
1.99922,-161.81,-566.02
1.99932,-187.83,-547.25
1.99942,-213.58,-527.69
1.99952,-239.03,-507.39
1.99962,-264.15,-486.36
1.99972,-288.88,-464.65
1.99982,-313.21,-442.27
1.99992,-337.09,-419.26
2.00000,-356.28,-399.92
